<?xml version="1.0" encoding="UTF-8" standalone="yes"?>
<ns2:AnalysisDef xmlns="com/infogix/component/analysis/export/fdt" xmlns:ns2="com.infogix.component.analysis.export.fdt" displayName="IGX_PRC_Scoring_Engine_Log" name="de0aae8f5402435bb5f6e38d393460dc" definitionVersion="3">
    <FlowDef>
        <FlowData>{ "class": "go.GraphLinksModel",  "linkFromPortIdProperty": "fromPort",  "linkToPortIdProperty": "toPort",  "modelData": {"position":"-883.5 -471.76650390625"},  "nodeDataArray": [ {"key":"dataStore", "category":"dataStore", "typeId":"dataStore", "src":"datastoreinput.svg", "loc":"-720 -290", "displayName":"Dummy", "origTooltip":"Brings in data from Pipelines.", "tooltip":"Brings in data from Pipelines.", "isNode":true, "isValid":true, "outputPort":[], "dataStoreId":"75540", "overflowFieldName":"", "samplingPercent":"100", "maxRecordRead":"5000", "overflowFieldSet":false, "filterOption":null, "selectFields":null, "dataStoreRef":{"name":"5ed5429e03344c608fbdac09efdfc973", "owningMemberId":"1000", "version":2, "lastUpdateTimestamp":"1566811078958", "dataLoadRange":"NEW"}, "datastoreContentId":"104166", "userHasDSReadPermission":true, "fromPort":"output"},{"key":"sql", "category":"sql", "typeId":"sql", "src":"sql.svg", "loc":"-620 -290", "displayName":"SQL", "origTooltip":"Enables SQL-based transformations.", "tooltip":"Enables SQL-based transformations.", "isNode":true, "isValid":true, "outputPort":[], "sql":"SELECT 'X' AS Dummy", "outputFields":[ {"fieldId":"fld_b4b6facfd0f748b597dc512b503ae77d", "fieldRef":"Dummy", "fieldDataType":"STRING", "encrypted":false, "id":"extModel1615-3"} ], "sourceDef":[ {"schemaName":"dummy", "nodePartId":"dataStore", "nodeName":"Dummy"} ], "fromPort":"output"},{"key":"select", "category":"select", "typeId":"select", "src":"select.svg", "loc":"-510 -290", "displayName":"Select", "origTooltip":"Isolates selected fields.", "tooltip":"Isolates selected fields.", "isNode":true, "isValid":true, "outputPort":[], "isFlowThrough":true, "selectFields":[ {"fieldId":"fld_b4b6facfd0f748b597dc512b503ae77d", "name":"Dummy"} ], "fromPort":"output"},{"key":"dataStoreOutput", "category":"dataStoreOutput", "typeId":"dataStoreOutput", "src":"datastoreoutput.svg", "loc":"-400 -290", "displayName":"IGX_DB_SCORING_ENGINE_LOG", "origTooltip":"Stores your transformed data.", "tooltip":"Stores your transformed data.", "isNode":true, "isValid":true, "outputPort":[], "maxNumOutputPartitions":"1", "partitionByFields":"", "fieldsToUpdate":[ {"fieldId":"fld_d7bfabfe8b0c41f19002b536c3d3b4ca", "name":"D3S_PROCESS_ID"},{"fieldId":"fld_18c7a771f3de44c2a6668fe1ed6140b5", "name":"D3S_WORK_ID"},{"fieldId":"fld_57acee6f09f94dd3b6de4fad03b53337", "name":"RUN_DATE"},{"fieldId":"fld_a588c2d204594ad0a508cfa1402f13d6", "name":"START_TS"},{"fieldId":"fld_67189231c64347e485ef69bf839cd193", "name":"END_TS"},{"fieldId":"fld_09f7552cf7ad46c18f387301e21cb7c9", "name":"D3S_SYSTEM_CREATED_TS"},{"fieldId":"fld_632f658782b24b34b3be4d997e8898bd", "name":"EVAL_RUN_TS"} ], "updateByFields":null, "updateDataInDataStore":false, "decryptSecuredValues":false, "updateOrInsert":false, "optionsSet":false, "updateSet":false, "dataStoreRef":{"name":"f77997ea514e434f90e84ebad667a0e8", "owningMemberId":"1000"}, "fieldMappings":[ {"inputFieldId":"fld_d7bfabfe8b0c41f19002b536c3d3b4ca", "inputFieldName":"D3S_PROCESS_ID", "dataStoreFieldName":"D3S_PROCESS_ID"},{"inputFieldId":"fld_18c7a771f3de44c2a6668fe1ed6140b5", "inputFieldName":"D3S_WORK_ID", "dataStoreFieldName":"D3S_WORK_ID"},{"inputFieldId":"fld_57acee6f09f94dd3b6de4fad03b53337", "inputFieldName":"RUN_DATE", "dataStoreFieldName":"RUN_DATE"},{"inputFieldId":"fld_a588c2d204594ad0a508cfa1402f13d6", "inputFieldName":"START_TS", "dataStoreFieldName":"START_TS"},{"inputFieldId":"fld_67189231c64347e485ef69bf839cd193", "inputFieldName":"END_TS", "dataStoreFieldName":"END_TS"},{"inputFieldId":"fld_09f7552cf7ad46c18f387301e21cb7c9", "inputFieldName":"D3S_SYSTEM_CREATED_TS", "dataStoreFieldName":"D3S_SYSTEM_CREATED_TS"},{"inputFieldId":"fld_632f658782b24b34b3be4d997e8898bd", "inputFieldName":"EVAL_RUN_TS", "dataStoreFieldName":"EVAL_RUN_TS"} ]} ],  "linkDataArray": [ {"from":"dataStore", "to":"sql", "fromPort":"output", "toPort":"input", "displayName":"Link"},{"from":"sql", "to":"select", "fromPort":"output", "toPort":"input", "displayName":"Link"},{"from":"select", "to":"dataStoreOutput", "fromPort":"output", "toPort":"input", "displayName":"Link"} ]}</FlowData>
    </FlowDef>
    <WorkbookDef>
        <WorksheetDef name="Dummy" pipelineId="dataStore" type="dataStore">
            <WorksheetColumnDef fieldId="fld_b4b6facfd0f748b597dc512b503ae77d" fieldName="Dummy" type="REGULAR" dataType="STRING" userDefinedDataType="false" width="100">
                <Property name="renamable" value="false"/>
                <Property name="deletable" value="false"/>
                <Property name="expressionRequired" value="false"/>
                <Property name="isHardRefToDataStoreField" value="true"/>
            </WorksheetColumnDef>
        </WorksheetDef>
        <WorksheetDef name="SQL" pipelineId="sql" type="sql">
            <WorksheetColumnDef operationId="sql.sql" fieldId="fld_b4b6facfd0f748b597dc512b503ae77d" fieldName="Dummy" type="REGULAR" dataType="STRING" userDefinedDataType="false" width="100">
                <Property name="renamable" value="false"/>
                <Property name="deletable" value="false"/>
                <Property name="expressionRequired" value="false"/>
            </WorksheetColumnDef>
        </WorksheetDef>
        <WorksheetDef name="Select" pipelineId="select" type="select">
            <WorksheetColumnDef fieldId="fld_b4b6facfd0f748b597dc512b503ae77d" fieldName="Dummy" type="REGULAR" dataType="STRING" userDefinedDataType="false" width="100">
                <Property name="renamable" value="false"/>
                <Property name="deletable" value="false"/>
                <Property name="expressionRequired" value="false"/>
            </WorksheetColumnDef>
            <WorksheetColumnDef operationId="select.compute1" fieldId="fld_d7bfabfe8b0c41f19002b536c3d3b4ca" fieldName="D3S_PROCESS_ID" type="COMPUTED" dataType="STRING" userDefinedDataType="true" width="100" expression="RUNTIME('processId')">
                <Property name="renamable" value="true"/>
                <Property name="deletable" value="true"/>
                <Property name="expressionRequired" value="true"/>
            </WorksheetColumnDef>
            <WorksheetColumnDef operationId="select.compute2" fieldId="fld_18c7a771f3de44c2a6668fe1ed6140b5" fieldName="D3S_WORK_ID" type="COMPUTED" dataType="STRING" userDefinedDataType="true" width="100" expression="RUNTIME('workId')">
                <Property name="renamable" value="true"/>
                <Property name="deletable" value="true"/>
                <Property name="expressionRequired" value="true"/>
            </WorksheetColumnDef>
            <WorksheetColumnDef operationId="select.compute3" fieldId="fld_57acee6f09f94dd3b6de4fad03b53337" fieldName="RUN_DATE" type="COMPUTED" dataType="DATE" userDefinedDataType="true" width="100" expression="CURRENT_TIMESTAMP()">
                <Property name="renamable" value="true"/>
                <Property name="deletable" value="true"/>
                <Property name="expressionRequired" value="true"/>
            </WorksheetColumnDef>
            <WorksheetColumnDef operationId="select.compute4" fieldId="fld_a588c2d204594ad0a508cfa1402f13d6" fieldName="START_TS" type="COMPUTED" dataType="DATETIME" userDefinedDataType="true" width="100" expression="RUNTIME('START_TS')">
                <Property name="renamable" value="true"/>
                <Property name="deletable" value="true"/>
                <Property name="expressionRequired" value="true"/>
            </WorksheetColumnDef>
            <WorksheetColumnDef operationId="select.compute5" fieldId="fld_67189231c64347e485ef69bf839cd193" fieldName="END_TS" type="COMPUTED" dataType="DATETIME" userDefinedDataType="true" width="100" expression="CURRENT_TIMESTAMP()">
                <Property name="renamable" value="true"/>
                <Property name="deletable" value="true"/>
                <Property name="expressionRequired" value="true"/>
            </WorksheetColumnDef>
            <WorksheetColumnDef operationId="select.compute6" fieldId="fld_09f7552cf7ad46c18f387301e21cb7c9" fieldName="D3S_SYSTEM_CREATED_TS" type="COMPUTED" dataType="DATETIME" userDefinedDataType="true" width="100" expression="CURRENT_TIMESTAMP()">
                <Property name="renamable" value="true"/>
                <Property name="deletable" value="true"/>
                <Property name="expressionRequired" value="true"/>
            </WorksheetColumnDef>
            <WorksheetColumnDef operationId="select.compute7" fieldId="fld_632f658782b24b34b3be4d997e8898bd" fieldName="EVAL_RUN_TS" type="COMPUTED" dataType="DATETIME" userDefinedDataType="true" width="100" expression="RUNTIME('EVAL_RUN_TS')">
                <Property name="renamable" value="true"/>
                <Property name="deletable" value="true"/>
                <Property name="expressionRequired" value="true"/>
            </WorksheetColumnDef>
        </WorksheetDef>
        <WorksheetDef name="IGX_DB_SCORING_ENGINE_LOG" pipelineId="dataStoreOutput" type="dataStoreOutput">
            <WorksheetColumnDef fieldId="fld_14d5de776d6f4f3fafd567c100620976" fieldName="D3S_PROCESS_ID" type="REGULAR" dataType="STRING" userDefinedDataType="false" width="100">
                <Property name="renamable" value="false"/>
                <Property name="deletable" value="false"/>
                <Property name="expressionRequired" value="false"/>
                <Property name="isHardRefToDataStoreField" value="true"/>
            </WorksheetColumnDef>
            <WorksheetColumnDef fieldId="fld_489f23afdd034451b445cbb8836236f4" fieldName="D3S_WORK_ID" type="REGULAR" dataType="STRING" userDefinedDataType="false" width="100">
                <Property name="renamable" value="false"/>
                <Property name="deletable" value="false"/>
                <Property name="expressionRequired" value="false"/>
                <Property name="isHardRefToDataStoreField" value="true"/>
            </WorksheetColumnDef>
            <WorksheetColumnDef fieldId="fld_745392bec8e042a7bf6a2d73659cfd2f" fieldName="RUN_DATE" type="REGULAR" dataType="DATE" userDefinedDataType="false" width="100">
                <Property name="renamable" value="false"/>
                <Property name="deletable" value="false"/>
                <Property name="expressionRequired" value="false"/>
                <Property name="isHardRefToDataStoreField" value="true"/>
            </WorksheetColumnDef>
            <WorksheetColumnDef fieldId="fld_40353a85af56434da7a1f15335a45c23" fieldName="START_TS" type="REGULAR" dataType="DATETIME" userDefinedDataType="false" width="100">
                <Property name="renamable" value="false"/>
                <Property name="deletable" value="false"/>
                <Property name="expressionRequired" value="false"/>
                <Property name="isHardRefToDataStoreField" value="true"/>
            </WorksheetColumnDef>
            <WorksheetColumnDef fieldId="fld_11ced2620fa14de989f4a752bf25d6a1" fieldName="END_TS" type="REGULAR" dataType="DATETIME" userDefinedDataType="false" width="100">
                <Property name="renamable" value="false"/>
                <Property name="deletable" value="false"/>
                <Property name="expressionRequired" value="false"/>
                <Property name="isHardRefToDataStoreField" value="true"/>
            </WorksheetColumnDef>
            <WorksheetColumnDef fieldId="fld_a83835bf0f7d42c885b35d1088985b0d" fieldName="D3S_SYSTEM_CREATED_TS" type="REGULAR" dataType="DATETIME" userDefinedDataType="false" width="100">
                <Property name="renamable" value="false"/>
                <Property name="deletable" value="false"/>
                <Property name="expressionRequired" value="false"/>
                <Property name="isHardRefToDataStoreField" value="true"/>
            </WorksheetColumnDef>
            <WorksheetColumnDef fieldId="fld_29a9a16d16df495d83d68fd2c1f6eee6" fieldName="EVAL_RUN_TS" type="REGULAR" dataType="DATETIME" userDefinedDataType="false" width="100">
                <Property name="renamable" value="false"/>
                <Property name="deletable" value="false"/>
                <Property name="expressionRequired" value="false"/>
                <Property name="isHardRefToDataStoreField" value="true"/>
            </WorksheetColumnDef>
        </WorksheetDef>
    </WorkbookDef>
    <ExecutionModelDefRef name="de0aae8f5402435bb5f6e38d393460dc" owningMemberId="1000" version="1"/>
</ns2:AnalysisDef>
