<?xml version="1.0" encoding="UTF-8" standalone="yes"?>
<ns2:AnalysisDef xmlns="com/infogix/component/analysis/export/fdt" xmlns:ns2="com.infogix.component.analysis.export.fdt" displayName="IGX_PRC_Log_Rule_Evaluator" name="f48c4b85fdc8414e8385c8fc78106ea1" definitionVersion="3" type="BATCH">
    <FlowDef>
        <FlowData>{ "class": "go.GraphLinksModel",  "linkFromPortIdProperty": "fromPort",  "linkToPortIdProperty": "toPort",  "modelData": {"position":"-585.5 -183.5"},  "nodeDataArray": [ {"key":"dataStore", "category":"dataStore", "typeId":"dataStore", "src":"datastoreinput.svg", "loc":"-470 -120", "displayName":"Dummy", "origTooltip":"Brings in data from Pipelines.", "tooltip":"Brings in data from Pipelines.", "isNode":true, "isValid":true, "outputPort":[], "dataStoreId":"20013", "overflowFieldName":"", "samplingPercent":null, "maxRecordRead":null, "overflowFieldSet":false, "filterOption":null, "selectFields":null, "dataStoreRef":{"name":"5ed5429e03344c608fbdac09efdfc973", "owningMemberId":"1000", "version":2, "lastUpdateTimestamp":"1574060797938", "dataLoadRange":"ALL"}, "datastoreContentId":"26908", "userHasDSReadPermission":true, "fromPort":"output"},{"key":"sql", "category":"sql", "typeId":"sql", "src":"sql.svg", "loc":"-380 -120", "displayName":"SQL", "origTooltip":"Enables SQL-based transformations.", "tooltip":"Enables SQL-based transformations.", "isNode":true, "isValid":true, "outputPort":[], "sql":"select 'X' as Dummy", "outputFields":[ {"fieldId":"fld_abbefe611cb6432c9d9cb726ba8beeb6", "fieldRef":"Dummy", "fieldDataType":"STRING", "encrypted":false, "id":"extModel12857-5"} ], "sourceDef":[ {"schemaName":"dummy", "nodePartId":"dataStore", "nodeName":"Dummy"} ], "fromPort":"output"},{"key":"dataStoreOutput", "category":"dataStoreOutput", "typeId":"dataStoreOutput", "src":"datastoreoutput.svg", "loc":"-280.5 -119.5", "displayName":"IGX_DB_RULE_EVALUATOR_LOG", "origTooltip":"Stores your transformed data.", "tooltip":"Stores your transformed data.", "isNode":true, "isValid":true, "outputPort":[], "maxNumOutputPartitions":"512", "partitionByFields":"", "fieldsToUpdate":[ {"fieldId":"fld_602d5988f9c64ed788e3b17ebebbe88b", "name":"RUN_DATE"},{"fieldId":"fld_443f0a7f29cb40a4a95b3f5908049a93", "name":"DATA_ENTITY_NAME"},{"fieldId":"fld_ee0b156ee435499daf0a4370e7b74d14", "name":"END_TS"},{"fieldId":"fld_0c223cd41f284455a35eb960527ff915", "name":"IGX_PROCESS_ID"},{"fieldId":"fld_def62d65cf984c248a9da356886d1efb", "name":"IGX_WORK_ID"},{"fieldId":"fld_fd8b50855ed74ad18d2303562374ed4f", "name":"IGX_SYSTEM_CREATED_TS"},{"fieldId":"fld_77dcd6cb8f384785b584bf34a6127d73", "name":"START_TS"} ], "updateByFields":null, "updateDataInDataStore":false, "decryptSecuredValues":false, "updateOrInsert":false, "optionsSet":false, "updateSet":true, "dataStoreRef":{"name":"cc64c8c2de264db0bbcd9e3354f9ec55", "owningMemberId":"1000"}, "fieldMappings":[ {"inputFieldId":"fld_602d5988f9c64ed788e3b17ebebbe88b", "inputFieldName":"PM_RUN_DATE", "dataStoreFieldName":"RUN_DATE"},{"inputFieldId":"fld_443f0a7f29cb40a4a95b3f5908049a93", "inputFieldName":"PM_DATA_ENTITY_NAME", "dataStoreFieldName":"DATA_ENTITY_NAME"},{"inputFieldId":"fld_ee0b156ee435499daf0a4370e7b74d14", "inputFieldName":"CURRENT_TIME", "dataStoreFieldName":"END_TS"},{"inputFieldId":"fld_0c223cd41f284455a35eb960527ff915", "inputFieldName":"IGX_PROCESS_ID", "dataStoreFieldName":"IGX_PROCESS_ID"},{"inputFieldId":"fld_def62d65cf984c248a9da356886d1efb", "inputFieldName":"IGX_WORK_ID", "dataStoreFieldName":"IGX_WORK_ID"},{"inputFieldId":"fld_fd8b50855ed74ad18d2303562374ed4f", "inputFieldName":"IGX_SYSTEM_CREATED_TS", "dataStoreFieldName":"IGX_SYSTEM_CREATED_TS"},{"inputFieldId":"fld_77dcd6cb8f384785b584bf34a6127d73", "inputFieldName":"START_TS", "dataStoreFieldName":"START_TS"} ]} ],  "linkDataArray": [ {"from":"dataStore", "to":"sql", "fromPort":"output", "toPort":"input", "displayName":"Link"},{"from":"sql", "to":"dataStoreOutput", "fromPort":"output", "toPort":"input", "displayName":"Link"} ]}</FlowData>
    </FlowDef>
    <WorkbookDef>
        <WorksheetDef name="Dummy" pipelineId="dataStore" type="dataStore">
            <WorksheetColumnDef fieldId="fld_abbefe611cb6432c9d9cb726ba8beeb6" fieldName="Dummy" type="REGULAR" dataType="STRING" userDefinedDataType="false" width="100">
                <Property name="renamable" value="false"/>
                <Property name="deletable" value="false"/>
                <Property name="expressionRequired" value="false"/>
                <Property name="isHardRefToDataStoreField" value="true"/>
            </WorksheetColumnDef>
        </WorksheetDef>
        <WorksheetDef name="SQL" pipelineId="sql" type="sql">
            <WorksheetColumnDef operationId="sql.sql" fieldId="fld_abbefe611cb6432c9d9cb726ba8beeb6" fieldName="Dummy" type="REGULAR" dataType="STRING" userDefinedDataType="false" width="100">
                <Property name="renamable" value="false"/>
                <Property name="deletable" value="false"/>
                <Property name="expressionRequired" value="false"/>
            </WorksheetColumnDef>
            <WorksheetColumnDef operationId="sql.compute1" fieldId="fld_602d5988f9c64ed788e3b17ebebbe88b" fieldName="PM_RUN_DATE" type="COMPUTED" dataType="DATETIME" userDefinedDataType="true" width="100" expression="COALESCE(RUNTIME('PM_RUN_DATE'), CURRENT_TIMESTAMP())">
                <Property name="renamable" value="true"/>
                <Property name="deletable" value="true"/>
                <Property name="expressionRequired" value="true"/>
            </WorksheetColumnDef>
            <WorksheetColumnDef operationId="sql.compute2" fieldId="fld_443f0a7f29cb40a4a95b3f5908049a93" fieldName="PM_DATA_ENTITY_NAME" type="COMPUTED" dataType="STRING" userDefinedDataType="true" width="100" expression="RUNTIME('PM_DATA_ENTITY')">
                <Property name="renamable" value="true"/>
                <Property name="deletable" value="true"/>
                <Property name="expressionRequired" value="true"/>
            </WorksheetColumnDef>
            <WorksheetColumnDef operationId="sql.compute3" fieldId="fld_ee0b156ee435499daf0a4370e7b74d14" fieldName="CURRENT_TIME" type="COMPUTED" dataType="DATETIME" userDefinedDataType="true" width="100" expression="CURRENT_TIMESTAMP()">
                <Property name="renamable" value="true"/>
                <Property name="deletable" value="true"/>
                <Property name="expressionRequired" value="true"/>
            </WorksheetColumnDef>
            <WorksheetColumnDef operationId="sql.compute4" fieldId="fld_0c223cd41f284455a35eb960527ff915" fieldName="IGX_PROCESS_ID" type="COMPUTED" dataType="STRING" userDefinedDataType="true" width="100" expression="RUNTIME('processId')">
                <Property name="renamable" value="true"/>
                <Property name="deletable" value="true"/>
                <Property name="expressionRequired" value="true"/>
            </WorksheetColumnDef>
            <WorksheetColumnDef operationId="sql.compute5" fieldId="fld_def62d65cf984c248a9da356886d1efb" fieldName="IGX_WORK_ID" type="COMPUTED" dataType="STRING" userDefinedDataType="true" width="100" expression="RUNTIME('workId')">
                <Property name="renamable" value="true"/>
                <Property name="deletable" value="true"/>
                <Property name="expressionRequired" value="true"/>
            </WorksheetColumnDef>
            <WorksheetColumnDef operationId="sql.compute6" fieldId="fld_fd8b50855ed74ad18d2303562374ed4f" fieldName="IGX_SYSTEM_CREATED_TS" type="COMPUTED" dataType="DATETIME" userDefinedDataType="true" width="100" expression="CURRENT_TIMESTAMP()">
                <Property name="renamable" value="true"/>
                <Property name="deletable" value="true"/>
                <Property name="expressionRequired" value="true"/>
            </WorksheetColumnDef>
            <WorksheetColumnDef operationId="sql.compute7" fieldId="fld_77dcd6cb8f384785b584bf34a6127d73" fieldName="START_TS" type="COMPUTED" dataType="DATETIME" userDefinedDataType="true" width="100" expression="RUNTIME('PM_RUN_DATE')">
                <Property name="renamable" value="true"/>
                <Property name="deletable" value="true"/>
                <Property name="expressionRequired" value="true"/>
            </WorksheetColumnDef>
        </WorksheetDef>
        <WorksheetDef name="IGX_DB_RULE_EVALUATOR_LOG" pipelineId="dataStoreOutput" type="dataStoreOutput">
            <WorksheetColumnDef fieldId="fld_2165fd689d414fc3b7bd2305945e0327" fieldName="RUN_DATE" type="REGULAR" dataType="DATETIME" userDefinedDataType="false" width="100">
                <Property name="renamable" value="false"/>
                <Property name="deletable" value="false"/>
                <Property name="expressionRequired" value="false"/>
                <Property name="isHardRefToDataStoreField" value="true"/>
            </WorksheetColumnDef>
            <WorksheetColumnDef fieldId="fld_afe2cd60b9c54b7eb77a41d150e80711" fieldName="DATA_ENTITY_NAME" type="REGULAR" dataType="STRING" userDefinedDataType="false" width="100">
                <Property name="renamable" value="false"/>
                <Property name="deletable" value="false"/>
                <Property name="expressionRequired" value="false"/>
                <Property name="isHardRefToDataStoreField" value="true"/>
            </WorksheetColumnDef>
            <WorksheetColumnDef fieldId="fld_f08b25d2a1e546e7bc6af312d7b55ecf" fieldName="END_TS" type="REGULAR" dataType="DATETIME" userDefinedDataType="false" width="100">
                <Property name="renamable" value="false"/>
                <Property name="deletable" value="false"/>
                <Property name="expressionRequired" value="false"/>
                <Property name="isHardRefToDataStoreField" value="true"/>
            </WorksheetColumnDef>
            <WorksheetColumnDef fieldId="fld_939cd2f08e3a4740b7de9fd0561b5c70" fieldName="IGX_PROCESS_ID" type="REGULAR" dataType="STRING" userDefinedDataType="false" width="100">
                <Property name="renamable" value="false"/>
                <Property name="deletable" value="false"/>
                <Property name="expressionRequired" value="false"/>
                <Property name="isHardRefToDataStoreField" value="true"/>
            </WorksheetColumnDef>
            <WorksheetColumnDef fieldId="fld_9bacfa42ea91426bbc9fc3ff54abd4ae" fieldName="IGX_WORK_ID" type="REGULAR" dataType="STRING" userDefinedDataType="false" width="100">
                <Property name="renamable" value="false"/>
                <Property name="deletable" value="false"/>
                <Property name="expressionRequired" value="false"/>
                <Property name="isHardRefToDataStoreField" value="true"/>
            </WorksheetColumnDef>
            <WorksheetColumnDef fieldId="fld_f5a3e02cc19e4d81a7b32990c1e9c556" fieldName="IGX_SYSTEM_CREATED_TS" type="REGULAR" dataType="DATETIME" userDefinedDataType="false" width="100">
                <Property name="renamable" value="false"/>
                <Property name="deletable" value="false"/>
                <Property name="expressionRequired" value="false"/>
                <Property name="isHardRefToDataStoreField" value="true"/>
            </WorksheetColumnDef>
            <WorksheetColumnDef fieldId="fld_f0e590e97e5d4e9ba860298de543d36a" fieldName="START_TS" type="REGULAR" dataType="DATETIME" userDefinedDataType="false" width="100">
                <Property name="renamable" value="false"/>
                <Property name="deletable" value="false"/>
                <Property name="expressionRequired" value="false"/>
                <Property name="isHardRefToDataStoreField" value="true"/>
            </WorksheetColumnDef>
        </WorksheetDef>
    </WorkbookDef>
    <ExecutionModelDefRef name="c5ce2da7f2b8435b9feec78af069c7a8_exec" owningMemberId="1000" version="1"/>
</ns2:AnalysisDef>
