<?xml version="1.0" encoding="UTF-8" standalone="yes"?>
<ns2:AnalysisDef xmlns="com/infogix/component/analysis/export/fdt" xmlns:ns2="com.infogix.component.analysis.export.fdt" displayName="IGX_PRC_Rule_Refresher_Log" name="58081c0af6234c3d8fe831ec284b6663" definitionVersion="3">
    <FlowDef>
        <FlowData>{ "class": "go.GraphLinksModel",  "linkFromPortIdProperty": "fromPort",  "linkToPortIdProperty": "toPort",  "modelData": {"position":"-545.5 -169.5"},  "nodeDataArray": [ {"key":"dataStore", "category":"dataStore", "typeId":"dataStore", "src":"datastoreinput.svg", "loc":"-500 -80", "displayName":"Dummy", "origTooltip":"Brings in data from Pipelines.", "tooltip":"Brings in data from Pipelines.", "isNode":true, "isValid":true, "outputPort":[], "dataStoreId":"75540", "overflowFieldName":"", "maxRecordRead":"5000", "samplingPercent":"100", "overflowFieldSet":false, "filterOption":null, "selectFields":null, "dataStoreRef":{"name":"5ed5429e03344c608fbdac09efdfc973", "owningMemberId":"1000", "version":2, "lastUpdateTimestamp":"1567575633608", "dataLoadRange":"NEW"}, "datastoreContentId":"104166", "userHasDSReadPermission":true, "fromPort":"output"},{"key":"sql", "category":"sql", "typeId":"sql", "src":"sql.svg", "loc":"-420 -80", "displayName":"SQL", "origTooltip":"Enables SQL-based transformations.", "tooltip":"Enables SQL-based transformations.", "isNode":true, "isValid":true, "outputPort":[], "sql":"SELECT 'X' AS Dummy", "outputFields":[ {"fieldId":"fld_b0e250813806417cafc7e9c4aadb5c8d", "fieldRef":"Dummy", "fieldDataType":"STRING", "encrypted":false, "id":"extModel10598-2"} ], "sourceDef":[ {"schemaName":"dummy", "nodePartId":"dataStore", "nodeName":"Dummy"} ], "fromPort":"output"},{"key":"select", "category":"select", "typeId":"select", "src":"select.svg", "loc":"-340 -80", "displayName":"Select", "origTooltip":"Isolates selected fields.", "tooltip":"Isolates selected fields.", "isNode":true, "isValid":true, "outputPort":[], "isFlowThrough":true, "selectFields":[ {"fieldId":"fld_b0e250813806417cafc7e9c4aadb5c8d", "name":"Dummy"} ], "fromPort":"output"},{"key":"dataStoreOutput", "category":"dataStoreOutput", "typeId":"dataStoreOutput", "src":"datastoreoutput.svg", "loc":"-210 -80", "displayName":"IGX_DB_RULE_REFRESHER_LOG", "origTooltip":"Stores your transformed data.", "tooltip":"Stores your transformed data.", "isNode":true, "isValid":true, "outputPort":[], "maxNumOutputPartitions":"1", "partitionByFields":"", "fieldsToUpdate":[ {"fieldId":"fld_4fa6e58cf8aa477fb1d75d442262a15e", "name":"D3S_PROCESS_ID"},{"fieldId":"fld_bfd29f14fe924cd1899de3b9c8ccb43a", "name":"D3S_WORK_ID"},{"fieldId":"fld_e5f37cff5ae24f3492031376e06dd571", "name":"RUN_DATE"},{"fieldId":"fld_de75dba87426402cb64d3d328e559d56", "name":"START_TS"},{"fieldId":"fld_23740ee43b074ab2ac950be131d22a20", "name":"END_TS"},{"fieldId":"fld_95f5d1d99ac54679aaaced53efee7b26", "name":"D3S_SYSTEM_CREATED_TS"},{"fieldId":"fld_628f8577cdb9449e9b7fcbfa7fba4d74", "name":"D3S_SYSTEM_UPDATED_TS"},{"fieldId":"fld_96f2787321b549b88024270b2b29d5db", "name":"D3S_SYSTEM_RECORD_VERSION"} ], "updateByFields":null, "updateDataInDataStore":false, "decryptSecuredValues":false, "updateOrInsert":false, "optionsSet":false, "updateSet":false, "dataStoreRef":{"name":"9f6dd943a9e34c5885407a58997715ff", "owningMemberId":"1000"}, "fieldMappings":[ {"inputFieldId":"fld_4fa6e58cf8aa477fb1d75d442262a15e", "inputFieldName":"D3S_PROCESS_ID", "dataStoreFieldName":"D3S_PROCESS_ID"},{"inputFieldId":"fld_bfd29f14fe924cd1899de3b9c8ccb43a", "inputFieldName":"D3S_WORK_ID", "dataStoreFieldName":"D3S_WORK_ID"},{"inputFieldId":"fld_e5f37cff5ae24f3492031376e06dd571", "inputFieldName":"RUN_DATE", "dataStoreFieldName":"RUN_DATE"},{"inputFieldId":"fld_de75dba87426402cb64d3d328e559d56", "inputFieldName":"START_TS", "dataStoreFieldName":"START_TS"},{"inputFieldId":"fld_23740ee43b074ab2ac950be131d22a20", "inputFieldName":"END_TS", "dataStoreFieldName":"END_TS"},{"inputFieldId":"fld_95f5d1d99ac54679aaaced53efee7b26", "inputFieldName":"D3S_SYSTEM_CREATED_TS", "dataStoreFieldName":"D3S_SYSTEM_CREATED_TS"},{"inputFieldId":"fld_628f8577cdb9449e9b7fcbfa7fba4d74", "inputFieldName":"D3S_SYSTEM_UPDATED_TS", "dataStoreFieldName":"D3S_SYSTEM_UPDATED_TS"},{"inputFieldId":"fld_96f2787321b549b88024270b2b29d5db", "inputFieldName":"D3S_SYSTEM_RECORD_VERSION", "dataStoreFieldName":"D3S_SYSTEM_RECORD_VERSION"} ]} ],  "linkDataArray": [ {"from":"dataStore", "to":"sql", "fromPort":"output", "toPort":"input", "displayName":"Link"},{"from":"sql", "to":"select", "fromPort":"output", "toPort":"input", "displayName":"Link"},{"from":"select", "to":"dataStoreOutput", "fromPort":"output", "toPort":"input", "displayName":"Link"} ]}</FlowData>
    </FlowDef>
    <WorkbookDef>
        <WorksheetDef name="Dummy" pipelineId="dataStore" type="dataStore">
            <WorksheetColumnDef fieldId="fld_b0e250813806417cafc7e9c4aadb5c8d" fieldName="Dummy" type="REGULAR" dataType="STRING" userDefinedDataType="false" width="100">
                <Property name="renamable" value="false"/>
                <Property name="deletable" value="false"/>
                <Property name="expressionRequired" value="false"/>
                <Property name="isHardRefToDataStoreField" value="true"/>
            </WorksheetColumnDef>
        </WorksheetDef>
        <WorksheetDef name="SQL" pipelineId="sql" type="sql">
            <WorksheetColumnDef operationId="sql.sql" fieldId="fld_b0e250813806417cafc7e9c4aadb5c8d" fieldName="Dummy" type="REGULAR" dataType="STRING" userDefinedDataType="false" width="100">
                <Property name="renamable" value="false"/>
                <Property name="deletable" value="false"/>
                <Property name="expressionRequired" value="false"/>
            </WorksheetColumnDef>
        </WorksheetDef>
        <WorksheetDef name="Select" pipelineId="select" type="select">
            <WorksheetColumnDef fieldId="fld_b0e250813806417cafc7e9c4aadb5c8d" fieldName="Dummy" type="REGULAR" dataType="STRING" userDefinedDataType="false" width="100">
                <Property name="renamable" value="false"/>
                <Property name="deletable" value="false"/>
                <Property name="expressionRequired" value="false"/>
            </WorksheetColumnDef>
            <WorksheetColumnDef operationId="select.compute1" fieldId="fld_4fa6e58cf8aa477fb1d75d442262a15e" fieldName="D3S_PROCESS_ID" type="COMPUTED" dataType="STRING" userDefinedDataType="true" width="100" expression="RUNTIME('processId')">
                <Property name="renamable" value="true"/>
                <Property name="deletable" value="true"/>
                <Property name="expressionRequired" value="true"/>
            </WorksheetColumnDef>
            <WorksheetColumnDef operationId="select.compute2" fieldId="fld_bfd29f14fe924cd1899de3b9c8ccb43a" fieldName="D3S_WORK_ID" type="COMPUTED" dataType="STRING" userDefinedDataType="true" width="100" expression="RUNTIME('REFRESHER_WK_ID')">
                <Property name="renamable" value="true"/>
                <Property name="deletable" value="true"/>
                <Property name="expressionRequired" value="true"/>
            </WorksheetColumnDef>
            <WorksheetColumnDef operationId="select.compute3" fieldId="fld_e5f37cff5ae24f3492031376e06dd571" fieldName="RUN_DATE" type="COMPUTED" dataType="DATE" userDefinedDataType="true" width="100" expression="CURRENT_TIMESTAMP()">
                <Property name="renamable" value="true"/>
                <Property name="deletable" value="true"/>
                <Property name="expressionRequired" value="true"/>
            </WorksheetColumnDef>
            <WorksheetColumnDef operationId="select.compute4" fieldId="fld_de75dba87426402cb64d3d328e559d56" fieldName="START_TS" type="COMPUTED" dataType="DATETIME" userDefinedDataType="true" width="100" expression="RUNTIME('START_TS')">
                <Property name="renamable" value="true"/>
                <Property name="deletable" value="true"/>
                <Property name="expressionRequired" value="true"/>
            </WorksheetColumnDef>
            <WorksheetColumnDef operationId="select.compute5" fieldId="fld_23740ee43b074ab2ac950be131d22a20" fieldName="END_TS" type="COMPUTED" dataType="DATETIME" userDefinedDataType="true" width="100" expression="CURRENT_TIMESTAMP()">
                <Property name="renamable" value="true"/>
                <Property name="deletable" value="true"/>
                <Property name="expressionRequired" value="true"/>
            </WorksheetColumnDef>
            <WorksheetColumnDef operationId="select.compute6" fieldId="fld_95f5d1d99ac54679aaaced53efee7b26" fieldName="D3S_SYSTEM_CREATED_TS" type="COMPUTED" dataType="DATETIME" userDefinedDataType="true" width="100" expression="CURRENT_TIMESTAMP()">
                <Property name="renamable" value="true"/>
                <Property name="deletable" value="true"/>
                <Property name="expressionRequired" value="true"/>
            </WorksheetColumnDef>
            <WorksheetColumnDef operationId="select.compute7" fieldId="fld_628f8577cdb9449e9b7fcbfa7fba4d74" fieldName="D3S_SYSTEM_UPDATED_TS" type="COMPUTED" dataType="DATETIME" userDefinedDataType="true" width="100" expression="CURRENT_TIMESTAMP()">
                <Property name="renamable" value="true"/>
                <Property name="deletable" value="true"/>
                <Property name="expressionRequired" value="true"/>
            </WorksheetColumnDef>
            <WorksheetColumnDef operationId="select.compute8" fieldId="fld_96f2787321b549b88024270b2b29d5db" fieldName="D3S_SYSTEM_RECORD_VERSION" type="COMPUTED" dataType="BIGINTEGER" userDefinedDataType="true" width="100" expression="1">
                <Property name="renamable" value="true"/>
                <Property name="deletable" value="true"/>
                <Property name="expressionRequired" value="true"/>
            </WorksheetColumnDef>
        </WorksheetDef>
        <WorksheetDef name="IGX_DB_RULE_REFRESHER_LOG" pipelineId="dataStoreOutput" type="dataStoreOutput">
            <WorksheetColumnDef fieldId="fld_a13974b6f5e84556b2ae519bebf6c760" fieldName="D3S_PROCESS_ID" type="REGULAR" dataType="STRING" userDefinedDataType="false" width="100">
                <Property name="renamable" value="false"/>
                <Property name="deletable" value="false"/>
                <Property name="expressionRequired" value="false"/>
                <Property name="isHardRefToDataStoreField" value="true"/>
            </WorksheetColumnDef>
            <WorksheetColumnDef fieldId="fld_77a2d93e29194de6b368fdab2c58d455" fieldName="D3S_WORK_ID" type="REGULAR" dataType="STRING" userDefinedDataType="false" width="100">
                <Property name="renamable" value="false"/>
                <Property name="deletable" value="false"/>
                <Property name="expressionRequired" value="false"/>
                <Property name="isHardRefToDataStoreField" value="true"/>
            </WorksheetColumnDef>
            <WorksheetColumnDef fieldId="fld_4321a3dc92a0456ea5839f9c8d4a118e" fieldName="RUN_DATE" type="REGULAR" dataType="DATE" userDefinedDataType="false" width="100">
                <Property name="renamable" value="false"/>
                <Property name="deletable" value="false"/>
                <Property name="expressionRequired" value="false"/>
                <Property name="isHardRefToDataStoreField" value="true"/>
            </WorksheetColumnDef>
            <WorksheetColumnDef fieldId="fld_095902be68f142e08b645951899bce69" fieldName="START_TS" type="REGULAR" dataType="DATETIME" userDefinedDataType="false" width="100">
                <Property name="renamable" value="false"/>
                <Property name="deletable" value="false"/>
                <Property name="expressionRequired" value="false"/>
                <Property name="isHardRefToDataStoreField" value="true"/>
            </WorksheetColumnDef>
            <WorksheetColumnDef fieldId="fld_349c1327868144f585add360b8f82047" fieldName="END_TS" type="REGULAR" dataType="DATETIME" userDefinedDataType="false" width="100">
                <Property name="renamable" value="false"/>
                <Property name="deletable" value="false"/>
                <Property name="expressionRequired" value="false"/>
                <Property name="isHardRefToDataStoreField" value="true"/>
            </WorksheetColumnDef>
            <WorksheetColumnDef fieldId="fld_e844d53dff5142288eb2056719861d17" fieldName="D3S_SYSTEM_CREATED_TS" type="REGULAR" dataType="DATETIME" userDefinedDataType="false" width="100">
                <Property name="renamable" value="false"/>
                <Property name="deletable" value="false"/>
                <Property name="expressionRequired" value="false"/>
                <Property name="isHardRefToDataStoreField" value="true"/>
            </WorksheetColumnDef>
            <WorksheetColumnDef fieldId="fld_2564ee69dae44f74ac26578c47f68d4a" fieldName="D3S_SYSTEM_UPDATED_TS" type="REGULAR" dataType="DATETIME" userDefinedDataType="false" width="100">
                <Property name="renamable" value="false"/>
                <Property name="deletable" value="false"/>
                <Property name="expressionRequired" value="false"/>
                <Property name="isHardRefToDataStoreField" value="true"/>
            </WorksheetColumnDef>
            <WorksheetColumnDef fieldId="fld_c98bd556f1a247c28b90652bda1f8728" fieldName="D3S_SYSTEM_RECORD_VERSION" type="REGULAR" dataType="BIGINTEGER" userDefinedDataType="false" width="100">
                <Property name="renamable" value="false"/>
                <Property name="deletable" value="false"/>
                <Property name="expressionRequired" value="false"/>
                <Property name="isHardRefToDataStoreField" value="true"/>
            </WorksheetColumnDef>
        </WorksheetDef>
    </WorkbookDef>
    <ExecutionModelDefRef name="4e048f37c1c349e5a3ecd54128113dba_exec" owningMemberId="1000" version="1"/>
</ns2:AnalysisDef>
