<?xml version="1.0" encoding="UTF-8" standalone="yes"?>
<ns7:CaseStoreDef xmlns="com/infogix/component/datastore/export/fdt" xmlns:ns2="com.infogix.component.datastore.export.fdt" xmlns:ns3="com/infogix/component/casestore/export/fdt" xmlns:ns4="com/infogix/component/metadatamgmt/export/fdt" xmlns:ns5="com/infogix/component/metadatamgmt/export/fdt/screen" xmlns:ns6="com.infogix.component.metadatamgmt.export.fdt" xmlns:ns7="com.infogix.component.casestore.export.fdt" name="7c8d64f6fe2041d499e70d56d40d5402" displayName="PROCESS_EXECUTION_TRACKER" caseType="CASE_ASSOC_DS_RECORDS">
    <ns3:DataStoreDef name="7c8d64f6fe2041d499e70d56d40d5402" displayName="PROCESS_EXECUTION_TRACKER" storeType="INTERNAL" storeRepositoryType="SQL" logActivity="true"/>
    <ns3:RecordDef identityFieldsUnique="true" externallyDefined="false" externallyDefinedIDFields="false" locallyModifiedIDFields="false" allowAccessOnQueryFilterFallthrough="false" allowAccessOnEditFilterFallthrough="false" name="7c8d64f6fe2041d499e70d56d40d5402" displayName="PROCESS_EXECUTION_TRACKER">
        <ns4:Field xmlns:xsi="http://www.w3.org/2001/XMLSchema-instance" xsi:type="ns4:BigIntegerFieldDef" autoId="true" semanticType="UNKNOWN" system="true" name="CaseId"/>
        <ns4:Field xmlns:xsi="http://www.w3.org/2001/XMLSchema-instance" xsi:type="ns4:StringFieldDef" maxLength="36" semanticType="UNKNOWN" encrypt="false" system="true" name="CaseUID"/>
        <ns4:Field xmlns:xsi="http://www.w3.org/2001/XMLSchema-instance" xsi:type="ns4:IntegerFieldDef" precision="19" semanticType="UNKNOWN" system="true" name="CreatedBy">
            <ns4:CodedValue name="User">
                <ns4:Value>0</ns4:Value>
            </ns4:CodedValue>
            <ns4:CodedValue name="System">
                <ns4:Value>1</ns4:Value>
            </ns4:CodedValue>
        </ns4:Field>
        <ns4:Field xmlns:xsi="http://www.w3.org/2001/XMLSchema-instance" xsi:type="ns4:StringFieldDef" maxLength="50" semanticType="UNKNOWN" encrypt="false" system="true" name="Status"/>
        <ns4:Field xmlns:xsi="http://www.w3.org/2001/XMLSchema-instance" xsi:type="ns4:IntegerFieldDef" precision="19" semanticType="UNKNOWN" system="true" name="Age"/>
        <ns4:Field xmlns:xsi="http://www.w3.org/2001/XMLSchema-instance" xsi:type="ns4:IntegerFieldDef" precision="19" semanticType="USER" system="true" name="Owner"/>
        <ns4:Field xmlns:xsi="http://www.w3.org/2001/XMLSchema-instance" xsi:type="ns4:IntegerFieldDef" precision="19" semanticType="UNKNOWN" system="true" name="TransitionedBy">
            <ns4:CodedValue name="User">
                <ns4:Value>0</ns4:Value>
            </ns4:CodedValue>
            <ns4:CodedValue name="System">
                <ns4:Value>1</ns4:Value>
            </ns4:CodedValue>
        </ns4:Field>
        <ns4:Field xmlns:xsi="http://www.w3.org/2001/XMLSchema-instance" xsi:type="ns4:IntegerFieldDef" precision="19" semanticType="UNKNOWN" system="false" name="Type"/>
        <ns4:Field xmlns:xsi="http://www.w3.org/2001/XMLSchema-instance" xsi:type="ns4:IntegerFieldDef" precision="19" semanticType="UNKNOWN" system="false" name="Priority"/>
        <ns4:Field xmlns:xsi="http://www.w3.org/2001/XMLSchema-instance" xsi:type="ns4:StringFieldDef" maxLength="20" semanticType="UNKNOWN" encrypt="false" system="true" name="QueueId"/>
        <ns4:Field xmlns:xsi="http://www.w3.org/2001/XMLSchema-instance" xsi:type="ns4:StringFieldDef" maxLength="256" semanticType="UNKNOWN" encrypt="false" system="true" name="RetentionClass"/>
        <ns4:Field xmlns:xsi="http://www.w3.org/2001/XMLSchema-instance" xsi:type="ns4:DateTimeFieldDef" semanticType="UNKNOWN" system="true" name="TerminalStateEnteredDate"/>
        <ns4:Field xmlns:xsi="http://www.w3.org/2001/XMLSchema-instance" xsi:type="ns4:StringFieldDef" maxLength="50" semanticType="UNKNOWN" encrypt="false" system="false" name="PROCESS_CODE" displayName=""/>
        <ns4:Field xmlns:xsi="http://www.w3.org/2001/XMLSchema-instance" xsi:type="ns4:StringFieldDef" maxLength="5" semanticType="UNKNOWN" encrypt="false" system="false" name="PROCESS_STATUS" displayName="PROCESS_STATUS"/>
        <ns4:Field xmlns:xsi="http://www.w3.org/2001/XMLSchema-instance" xsi:type="ns4:DateTimeFieldDef" displayFormatPattern="dd/MM/yyyy HH:mm:ss" timeZone="" semanticType="UNKNOWN" system="false" name="RUN_START_DATE" displayName="RUN START DATE"/>
        <ns4:Field xmlns:xsi="http://www.w3.org/2001/XMLSchema-instance" xsi:type="ns4:DateTimeFieldDef" displayFormatPattern="dd/MM/yyyy HH:mm:ss" timeZone="" semanticType="UNKNOWN" system="false" name="RUN_END_DATE" displayName="RUN END DATE"/>
        <ns4:IdentityField fieldName="CaseId"/>
    </ns3:RecordDef>
    <ns3:Workflow>
        <ns3:diagramGraphicalData>{ "class": "go.GraphLinksModel",  "linkKeyProperty": "key",  "linkFromPortIdProperty": "fromPort",  "linkToPortIdProperty": "toPort",  "modelData": {"position":"-5 -5"},  "nodeDataArray": [],  "linkDataArray": []}</ns3:diagramGraphicalData>
    </ns3:Workflow>
    <ns3:MyCasesContainer/>
    <ns3:AllCasesContainer/>
    <ns3:BackgroundProcessing maxErrors="100">
        <ns3:Script></ns3:Script>
    </ns3:BackgroundProcessing>
</ns7:CaseStoreDef>
