<?xml version="1.0" encoding="UTF-8" standalone="yes"?>
<ns2:DataViewDef xmlns="com/infogix/component/datastore/export/fdt" xmlns:ns2="com.infogix.component.datastore.export.fdt" name="85cb7926821e4645951d4a71b6acdd6b" displayName="IGX_DV_DQ_HISTORICAL_HIERARCHICAL_SCORE" primaryDataStoreName="cfb8fd5b392c49a2ae15db573bb0a198_ds" storageType="REGULAR_PERFORMANCE" deleteAllDataBeforeLoad="false" allowAccessOnQueryFilterFallthrough="false" cacheQueryResults="true" definitionVersion="2">
    <DataStoreRef name="cfb8fd5b392c49a2ae15db573bb0a198_ds" displayName="IGX_DS_DQ_HIERARCHICAL_SCORE" owningMemberId="1000"/>
    <Dimension name="dimension_848fb57488ef43ecbfae0d867a3f3c6d" displayName="IGX_DV_DQ_HISTORICAL_HIERARCHICAL_SCORE" primaryDataStoreName="cfb8fd5b392c49a2ae15db573bb0a198_ds">
        <Field xmlns:xsi="http://www.w3.org/2001/XMLSchema-instance" xsi:type="SimpleDataStoreFieldRefDef" dataType="STRING" maxLength="65000" semanticType="" encrypt="false" secure="false" hideWhenSecure="false" maskPatternType="SHOW_NONE" dataStoreFieldName="RULE_DIMENSION" dataStoreName="cfb8fd5b392c49a2ae15db573bb0a198_ds" name="RULE_DIMENSION" displayName="Rule Dimension"/>
        <Field xmlns:xsi="http://www.w3.org/2001/XMLSchema-instance" xsi:type="SimpleDataStoreFieldRefDef" dataType="STRING" maxLength="65000" semanticType="" encrypt="false" secure="false" hideWhenSecure="false" maskPatternType="SHOW_NONE" dataStoreFieldName="RULE_UID" dataStoreName="cfb8fd5b392c49a2ae15db573bb0a198_ds" name="RULE_UID"/>
        <Field xmlns:xsi="http://www.w3.org/2001/XMLSchema-instance" xsi:type="SimpleDataStoreFieldRefDef" dataType="STRING" maxLength="65000" semanticType="" encrypt="false" secure="false" hideWhenSecure="false" maskPatternType="SHOW_NONE" dataStoreFieldName="DATA_ELEMENT_NAME" dataStoreName="cfb8fd5b392c49a2ae15db573bb0a198_ds" name="DATA_ELEMENT_NAME" displayName="Element Name"/>
        <Field xmlns:xsi="http://www.w3.org/2001/XMLSchema-instance" xsi:type="SimpleDataStoreFieldRefDef" dataType="STRING" maxLength="65000" semanticType="" encrypt="false" secure="false" hideWhenSecure="false" maskPatternType="SHOW_NONE" dataStoreFieldName="DATA_ELEMENT_UID" dataStoreName="cfb8fd5b392c49a2ae15db573bb0a198_ds" name="DATA_ELEMENT_UID"/>
        <Field xmlns:xsi="http://www.w3.org/2001/XMLSchema-instance" xsi:type="SimpleDataStoreFieldRefDef" dataType="STRING" maxLength="65000" semanticType="" encrypt="false" secure="false" hideWhenSecure="false" maskPatternType="SHOW_NONE" dataStoreFieldName="DATA_ENTITY_NAME" dataStoreName="cfb8fd5b392c49a2ae15db573bb0a198_ds" name="DATA_ENTITY_NAME" displayName="Entity Name"/>
        <Field xmlns:xsi="http://www.w3.org/2001/XMLSchema-instance" xsi:type="SimpleDataStoreFieldRefDef" dataType="STRING" maxLength="65000" semanticType="" encrypt="false" secure="false" hideWhenSecure="false" maskPatternType="SHOW_NONE" dataStoreFieldName="DATA_ENTITY_UID" dataStoreName="cfb8fd5b392c49a2ae15db573bb0a198_ds" name="DATA_ENTITY_UID"/>
        <Field xmlns:xsi="http://www.w3.org/2001/XMLSchema-instance" xsi:type="SimpleDataStoreFieldRefDef" dataType="STRING" maxLength="65000" semanticType="" encrypt="false" secure="false" hideWhenSecure="false" maskPatternType="SHOW_NONE" dataStoreFieldName="BUSINESS_TERM_UID" dataStoreName="cfb8fd5b392c49a2ae15db573bb0a198_ds" name="BUSINESS_TERM_UID"/>
        <Field xmlns:xsi="http://www.w3.org/2001/XMLSchema-instance" xsi:type="SimpleDataStoreFieldRefDef" dataType="STRING" maxLength="65000" semanticType="" encrypt="false" secure="false" hideWhenSecure="false" maskPatternType="SHOW_NONE" dataStoreFieldName="MODEL_UID" dataStoreName="cfb8fd5b392c49a2ae15db573bb0a198_ds" name="MODEL_UID"/>
        <Field xmlns:xsi="http://www.w3.org/2001/XMLSchema-instance" xsi:type="SimpleDataStoreFieldRefDef" dataType="STRING" maxLength="65000" semanticType="" encrypt="false" secure="false" hideWhenSecure="false" maskPatternType="SHOW_NONE" dataStoreFieldName="OWNER_UID" dataStoreName="cfb8fd5b392c49a2ae15db573bb0a198_ds" name="OWNER_UID"/>
        <Field xmlns:xsi="http://www.w3.org/2001/XMLSchema-instance" xsi:type="SimpleDataStoreFieldRefDef" dataType="INTEGER" maxLength="65000" precision="19" semanticType="" encrypt="false" secure="false" hideWhenSecure="false" maskPatternType="SHOW_NONE" dataStoreFieldName="ROW_COUNT" dataStoreName="cfb8fd5b392c49a2ae15db573bb0a198_ds" name="ROW_COUNT" displayName="Total Records"/>
        <Field xmlns:xsi="http://www.w3.org/2001/XMLSchema-instance" xsi:type="SimpleDataStoreFieldRefDef" dataType="INTEGER" maxLength="65000" precision="19" semanticType="" encrypt="false" secure="false" hideWhenSecure="false" maskPatternType="SHOW_NONE" dataStoreFieldName="PASS_COUNT" dataStoreName="cfb8fd5b392c49a2ae15db573bb0a198_ds" name="PASS_COUNT" displayName="Pass Records"/>
        <Field xmlns:xsi="http://www.w3.org/2001/XMLSchema-instance" xsi:type="SimpleDataStoreFieldRefDef" dataType="INTEGER" maxLength="65000" precision="19" semanticType="" encrypt="false" secure="false" hideWhenSecure="false" maskPatternType="SHOW_NONE" dataStoreFieldName="FAIL_COUNT" dataStoreName="cfb8fd5b392c49a2ae15db573bb0a198_ds" name="FAIL_COUNT" displayName="Fail Records"/>
        <Field xmlns:xsi="http://www.w3.org/2001/XMLSchema-instance" xsi:type="SimpleDataStoreFieldRefDef" dataType="INTEGER" maxLength="65000" precision="19" semanticType="" encrypt="false" secure="false" hideWhenSecure="false" maskPatternType="SHOW_NONE" dataStoreFieldName="SKIP_COUNT" dataStoreName="cfb8fd5b392c49a2ae15db573bb0a198_ds" name="SKIP_COUNT" displayName="Skip Records"/>
        <Field xmlns:xsi="http://www.w3.org/2001/XMLSchema-instance" xsi:type="SimpleDataStoreFieldRefDef" dataType="INTEGER" maxLength="65000" precision="19" semanticType="" encrypt="false" secure="false" hideWhenSecure="false" maskPatternType="SHOW_NONE" dataStoreFieldName="ERROR_COUNT" dataStoreName="cfb8fd5b392c49a2ae15db573bb0a198_ds" name="ERROR_COUNT" displayName="Error Records"/>
        <Field xmlns:xsi="http://www.w3.org/2001/XMLSchema-instance" xsi:type="SimpleDataStoreFieldRefDef" dataType="DATETIME" displayFormatPattern="dd-MMM-yyyy" maxLength="65000" semanticType="" encrypt="false" secure="false" hideWhenSecure="false" maskPatternType="SHOW_NONE" dataStoreFieldName="RUN_TIMESTAMP" dataStoreName="cfb8fd5b392c49a2ae15db573bb0a198_ds" name="RUN_TIMESTAMP" displayName="Execution Timestamp"/>
        <Field xmlns:xsi="http://www.w3.org/2001/XMLSchema-instance" xsi:type="SimpleDataStoreFieldRefDef" dataType="STRING" maxLength="65000" semanticType="" encrypt="false" secure="false" hideWhenSecure="false" maskPatternType="SHOW_NONE" dataStoreFieldName="SC_WORKID" dataStoreName="cfb8fd5b392c49a2ae15db573bb0a198_ds" name="SC_WORKID"/>
        <Field xmlns:xsi="http://www.w3.org/2001/XMLSchema-instance" xsi:type="SimpleDataStoreFieldRefDef" dataType="STRING" maxLength="65000" semanticType="" encrypt="false" secure="false" hideWhenSecure="false" maskPatternType="SHOW_NONE" dataStoreFieldName="IGX_PROCESS_ID" dataStoreName="cfb8fd5b392c49a2ae15db573bb0a198_ds" name="IGX_PROCESS_ID"/>
        <Field xmlns:xsi="http://www.w3.org/2001/XMLSchema-instance" xsi:type="SimpleDataStoreFieldRefDef" dataType="STRING" maxLength="65000" semanticType="" encrypt="false" secure="false" hideWhenSecure="false" maskPatternType="SHOW_NONE" dataStoreFieldName="IGX_WORK_ID" dataStoreName="cfb8fd5b392c49a2ae15db573bb0a198_ds" name="IGX_WORK_ID"/>
        <Field xmlns:xsi="http://www.w3.org/2001/XMLSchema-instance" xsi:type="SimpleDataStoreFieldRefDef" dataType="DATETIME" displayFormatPattern="yyyy/MM/dd HH:mm:ss.SSS" maxLength="65000" semanticType="" encrypt="false" secure="false" hideWhenSecure="false" maskPatternType="SHOW_NONE" dataStoreFieldName="IGX_SYSTEM_CREATED_TS" dataStoreName="cfb8fd5b392c49a2ae15db573bb0a198_ds" name="IGX_SYSTEM_CREATED_TS"/>
        <Field xmlns:xsi="http://www.w3.org/2001/XMLSchema-instance" xsi:type="DrillFieldDef" name="drillField_e2d4f5c2a9674617945aefc1df0c8cc7" displayName="Hierarchy">
            <NestedField xsi:type="ComputedFieldDef" dataType="DATE" displayFormatPattern="" maxLength="255" scale="2" roundingType="HALF_UP" semanticType="" encrypt="false" secure="false" hideWhenSecure="false" maskPatternType="SHOW_NONE" name="ExecutionDate" displayName="Execution Date">
                <Expression xsi:type="FieldExpressionClauseDef">
                    <Field xsi:type="SimpleDataStoreFieldRefDef" dataType="DATETIME" displayFormatPattern="yyyy/MM/dd HH:mm:ss.SSS" semanticType="UNKNOWN" encrypt="false" secure="false" hideWhenSecure="false" maskPatternType="SHOW_NONE" dataStoreFieldName="RUN_TIMESTAMP" dataStoreName="cfb8fd5b392c49a2ae15db573bb0a198_ds" name="field_cb6e0e647e6a4c5993d1c167f16b3577" displayName="RUN_TIMESTAMP"/>
                </Expression>
                <uiExpressionClause>{IGX_DS_DQ_HIERARCHICAL_SCORE}.RUN_TIMESTAMP</uiExpressionClause>
            </NestedField>
            <NestedField xsi:type="SimpleDataStoreFieldRefDef" dataType="STRING" maxLength="65000" semanticType="" encrypt="false" secure="false" hideWhenSecure="false" maskPatternType="SHOW_NONE" dataStoreFieldName="OWNER" dataStoreName="cfb8fd5b392c49a2ae15db573bb0a198_ds" name="OWNER" displayName="Owner"/>
            <NestedField xsi:type="SimpleDataStoreFieldRefDef" dataType="STRING" maxLength="65000" semanticType="" encrypt="false" secure="false" hideWhenSecure="false" maskPatternType="SHOW_NONE" dataStoreFieldName="MODEL_NAME" dataStoreName="cfb8fd5b392c49a2ae15db573bb0a198_ds" name="MODEL_NAME" displayName="Model"/>
            <NestedField xsi:type="SimpleDataStoreFieldRefDef" dataType="STRING" maxLength="65000" semanticType="" encrypt="false" secure="false" hideWhenSecure="false" maskPatternType="SHOW_NONE" dataStoreFieldName="BUSINESS_TERM" dataStoreName="cfb8fd5b392c49a2ae15db573bb0a198_ds" name="BUSINESS_TERM" displayName="Business Term"/>
            <NestedField xsi:type="SimpleDataStoreFieldRefDef" dataType="STRING" maxLength="65000" semanticType="" encrypt="false" secure="false" hideWhenSecure="false" maskPatternType="SHOW_NONE" dataStoreFieldName="RULE_NAME" dataStoreName="cfb8fd5b392c49a2ae15db573bb0a198_ds" name="RULE_NAME" displayName="Rule"/>
        </Field>
    </Dimension>
    <Retention period="1" periodUnit="MONTH" periodPrecision="MONTH"/>
    <ViewDataLoad partitionPrimaryDataStore="cfb8fd5b392c49a2ae15db573bb0a198_ds">
        <DataStoreLoadRange dataStore="cfb8fd5b392c49a2ae15db573bb0a198_ds" rangeType="NEW"/>
    </ViewDataLoad>
</ns2:DataViewDef>
