<?xml version="1.0" encoding="UTF-8" standalone="yes"?>
<ExecutionModel xmlns="com/infogix/component/executionengine/export/fdt" id="cc210784c44a42e2b1af1f542908dd4b_exec">
    <OptionsDef logLimit="100" cacheOperationOutput="true" cacheResourceIntensiveOperationOutput="false" countOperationOutput="true"/>
    <PipelineDef id="dataStore2">
        <InputsDef>
            <InputDef id="dataStore2.input">
                <DataStoreRef name="210c7c311c384cb2987e0cfa1a759748" owningMemberId="1000" dataLoadRange="ALL">
                    <SourceFilter/>
                </DataStoreRef>
            </InputDef>
        </InputsDef>
        <OperationsDef>
            <SelectDef from="dataStore2.input" id="dataStore2.select" countOutput="false">
                <SelectFields>
                    <FieldRef>RUN_DATE</FieldRef>
                    <FieldRef>ASSET_TYPE_NAME</FieldRef>
                    <FieldRef>ASSET_TYPE_UID</FieldRef>
                    <FieldRef>ASSET_NAME</FieldRef>
                    <FieldRef>ASSET_UID</FieldRef>
                    <FieldRef>ASSET_NUMBER</FieldRef>
                    <FieldRef>EXECUTION_ID</FieldRef>
                    <FieldRef>STATUS</FieldRef>
                    <FieldRef>STATUS_MSG</FieldRef>
                    <FieldRef>IGX_SYSTEM_RECORD_VERSION</FieldRef>
                    <FieldRef>IGX_SYSTEM_CREATED_TS</FieldRef>
                    <FieldRef>IGX_PROCESS_ID</FieldRef>
                    <FieldRef>IGX_WORK_ID</FieldRef>
                    <FieldDataType>DATETIME</FieldDataType>
                    <FieldDataType>STRING</FieldDataType>
                    <FieldDataType>STRING</FieldDataType>
                    <FieldDataType>STRING</FieldDataType>
                    <FieldDataType>STRING</FieldDataType>
                    <FieldDataType>INTEGER</FieldDataType>
                    <FieldDataType>STRING</FieldDataType>
                    <FieldDataType>STRING</FieldDataType>
                    <FieldDataType>STRING</FieldDataType>
                    <FieldDataType>BIGINTEGER</FieldDataType>
                    <FieldDataType>DATETIME</FieldDataType>
                    <FieldDataType>STRING</FieldDataType>
                    <FieldDataType>STRING</FieldDataType>
                </SelectFields>
            </SelectDef>
        </OperationsDef>
        <OutputsDef>
            <OutputDef id="dataStore2.output" from="dataStore2.select" passthru="true" decryptSecuredValues="false"/>
        </OutputsDef>
    </PipelineDef>
    <PipelineDef id="filter3">
        <InputsDef>
            <InputDef id="filter3.input" fromOutputId="dataStore2.output"/>
        </InputsDef>
        <OperationsDef>
            <FilterDef from="filter3.input" id="filter3.filter" countOutput="true">
                <ExpressionDef lang="formula" expression="RUN_DATE=RUNTIME('PM_CURRENT_TS')"/>
            </FilterDef>
        </OperationsDef>
        <OutputsDef>
            <OutputDef id="filter3.output" from="filter3.filter" passthru="true" decryptSecuredValues="false"/>
        </OutputsDef>
    </PipelineDef>
    <PipelineDef id="groupBy">
        <InputsDef>
            <InputDef id="groupBy.input" fromOutputId="filter3.output"/>
        </InputsDef>
        <OperationsDef>
            <GroupByDef from="groupBy.input" id="groupBy.groupBy" countOutput="true">
                <GroupByFields>
                    <FieldRef>ASSET_TYPE_UID</FieldRef>
                    <FieldRef>ASSET_UID</FieldRef>
                    <FieldDataType>STRING</FieldDataType>
                    <FieldDataType>STRING</FieldDataType>
                    <EncryptField>false</EncryptField>
                    <EncryptField>false</EncryptField>
                </GroupByFields>
                <AggregateDef name="MAX_REC_VER">
                    <ExpressionDef lang="formula" expression="MAX(IGX_SYSTEM_RECORD_VERSION)"/>
                </AggregateDef>
            </GroupByDef>
        </OperationsDef>
        <OutputsDef>
            <OutputDef id="groupBy.output" from="groupBy.groupBy" passthru="true" decryptSecuredValues="false"/>
        </OutputsDef>
    </PipelineDef>
    <PipelineDef id="join4">
        <InputsDef>
            <InputDef id="join4.input.left" fromOutputId="filter3.output"/>
            <InputDef id="join4.input.right" fromOutputId="groupBy.output"/>
        </InputsDef>
        <OperationsDef>
            <SelectDef from="join4.input.left" id="join4.input.left.select" countOutput="true">
                <SelectFields>
                    <FieldRef>RUN_DATE</FieldRef>
                    <FieldRef>ASSET_TYPE_NAME</FieldRef>
                    <FieldRef>ASSET_TYPE_UID</FieldRef>
                    <FieldRef>ASSET_NAME</FieldRef>
                    <FieldRef>ASSET_UID</FieldRef>
                    <FieldRef>ASSET_NUMBER</FieldRef>
                    <FieldRef>EXECUTION_ID</FieldRef>
                    <FieldRef>STATUS</FieldRef>
                    <FieldRef>STATUS_MSG</FieldRef>
                    <FieldRef>IGX_SYSTEM_RECORD_VERSION</FieldRef>
                    <FieldRef>IGX_SYSTEM_CREATED_TS</FieldRef>
                    <FieldRef>IGX_PROCESS_ID</FieldRef>
                    <FieldRef>IGX_WORK_ID</FieldRef>
                    <FieldDataType>DATETIME</FieldDataType>
                    <FieldDataType>STRING</FieldDataType>
                    <FieldDataType>STRING</FieldDataType>
                    <FieldDataType>STRING</FieldDataType>
                    <FieldDataType>STRING</FieldDataType>
                    <FieldDataType>INTEGER</FieldDataType>
                    <FieldDataType>STRING</FieldDataType>
                    <FieldDataType>STRING</FieldDataType>
                    <FieldDataType>STRING</FieldDataType>
                    <FieldDataType>BIGINTEGER</FieldDataType>
                    <FieldDataType>DATETIME</FieldDataType>
                    <FieldDataType>STRING</FieldDataType>
                    <FieldDataType>STRING</FieldDataType>
                    <EncryptField>false</EncryptField>
                    <EncryptField>false</EncryptField>
                    <EncryptField>false</EncryptField>
                    <EncryptField>false</EncryptField>
                    <EncryptField>false</EncryptField>
                    <EncryptField>false</EncryptField>
                    <EncryptField>false</EncryptField>
                    <EncryptField>false</EncryptField>
                    <EncryptField>false</EncryptField>
                    <EncryptField>false</EncryptField>
                    <EncryptField>false</EncryptField>
                    <EncryptField>false</EncryptField>
                    <EncryptField>false</EncryptField>
                </SelectFields>
            </SelectDef>
            <SelectDef from="join4.input.right" id="join4.input.right.select" countOutput="true">
                <SelectFields>
                    <FieldRef>ASSET_TYPE_UID</FieldRef>
                    <FieldRef>ASSET_UID</FieldRef>
                    <FieldRef>MAX_REC_VER</FieldRef>
                    <FieldDataType>STRING</FieldDataType>
                    <FieldDataType>STRING</FieldDataType>
                    <FieldDataType>BIGINTEGER</FieldDataType>
                    <EncryptField>false</EncryptField>
                    <EncryptField>false</EncryptField>
                    <EncryptField>false</EncryptField>
                </SelectFields>
            </SelectDef>
            <DataFrameJoinDef id="join4.join" countOutput="true">
                <SourceDef from="join4.input.left.select" joinType="Inner" fitsInMemory="false">
                    <JoinFields>
                        <FieldRef>ASSET_TYPE_UID</FieldRef>
                        <FieldRef>ASSET_UID</FieldRef>
                        <FieldRef>IGX_SYSTEM_RECORD_VERSION</FieldRef>
                        <FieldDataType>STRING</FieldDataType>
                        <FieldDataType>STRING</FieldDataType>
                        <FieldDataType>BIGINTEGER</FieldDataType>
                        <EncryptField>false</EncryptField>
                        <EncryptField>false</EncryptField>
                        <EncryptField>false</EncryptField>
                    </JoinFields>
                    <InputFields>
                        <FieldRef>RUN_DATE</FieldRef>
                        <FieldRef>ASSET_TYPE_NAME</FieldRef>
                        <FieldRef>ASSET_TYPE_UID</FieldRef>
                        <FieldRef>ASSET_NAME</FieldRef>
                        <FieldRef>ASSET_UID</FieldRef>
                        <FieldRef>ASSET_NUMBER</FieldRef>
                        <FieldRef>EXECUTION_ID</FieldRef>
                        <FieldRef>STATUS</FieldRef>
                        <FieldRef>STATUS_MSG</FieldRef>
                        <FieldRef>IGX_SYSTEM_RECORD_VERSION</FieldRef>
                        <FieldRef>IGX_SYSTEM_CREATED_TS</FieldRef>
                        <FieldRef>IGX_PROCESS_ID</FieldRef>
                        <FieldRef>IGX_WORK_ID</FieldRef>
                        <FieldDataType>DATETIME</FieldDataType>
                        <FieldDataType>STRING</FieldDataType>
                        <FieldDataType>STRING</FieldDataType>
                        <FieldDataType>STRING</FieldDataType>
                        <FieldDataType>STRING</FieldDataType>
                        <FieldDataType>INTEGER</FieldDataType>
                        <FieldDataType>STRING</FieldDataType>
                        <FieldDataType>STRING</FieldDataType>
                        <FieldDataType>STRING</FieldDataType>
                        <FieldDataType>BIGINTEGER</FieldDataType>
                        <FieldDataType>DATETIME</FieldDataType>
                        <FieldDataType>STRING</FieldDataType>
                        <FieldDataType>STRING</FieldDataType>
                        <EncryptField>false</EncryptField>
                        <EncryptField>false</EncryptField>
                        <EncryptField>false</EncryptField>
                        <EncryptField>false</EncryptField>
                        <EncryptField>false</EncryptField>
                        <EncryptField>false</EncryptField>
                        <EncryptField>false</EncryptField>
                        <EncryptField>false</EncryptField>
                        <EncryptField>false</EncryptField>
                        <EncryptField>false</EncryptField>
                        <EncryptField>false</EncryptField>
                        <EncryptField>false</EncryptField>
                        <EncryptField>false</EncryptField>
                    </InputFields>
                    <OutputFields>
                        <FieldRef>RUN_DATE</FieldRef>
                        <FieldRef>ASSET_TYPE_NAME</FieldRef>
                        <FieldRef>ASSET_TYPE_UID</FieldRef>
                        <FieldRef>ASSET_NAME</FieldRef>
                        <FieldRef>ASSET_UID</FieldRef>
                        <FieldRef>ASSET_NUMBER</FieldRef>
                        <FieldRef>EXECUTION_ID</FieldRef>
                        <FieldRef>STATUS</FieldRef>
                        <FieldRef>STATUS_MSG</FieldRef>
                        <FieldRef>IGX_SYSTEM_RECORD_VERSION</FieldRef>
                        <FieldRef>IGX_SYSTEM_CREATED_TS</FieldRef>
                        <FieldRef>IGX_PROCESS_ID</FieldRef>
                        <FieldRef>IGX_WORK_ID</FieldRef>
                        <FieldDataType>DATETIME</FieldDataType>
                        <FieldDataType>STRING</FieldDataType>
                        <FieldDataType>STRING</FieldDataType>
                        <FieldDataType>STRING</FieldDataType>
                        <FieldDataType>STRING</FieldDataType>
                        <FieldDataType>INTEGER</FieldDataType>
                        <FieldDataType>STRING</FieldDataType>
                        <FieldDataType>STRING</FieldDataType>
                        <FieldDataType>STRING</FieldDataType>
                        <FieldDataType>BIGINTEGER</FieldDataType>
                        <FieldDataType>DATETIME</FieldDataType>
                        <FieldDataType>STRING</FieldDataType>
                        <FieldDataType>STRING</FieldDataType>
                        <EncryptField>false</EncryptField>
                        <EncryptField>false</EncryptField>
                        <EncryptField>false</EncryptField>
                        <EncryptField>false</EncryptField>
                        <EncryptField>false</EncryptField>
                        <EncryptField>false</EncryptField>
                        <EncryptField>false</EncryptField>
                        <EncryptField>false</EncryptField>
                        <EncryptField>false</EncryptField>
                        <EncryptField>false</EncryptField>
                        <EncryptField>false</EncryptField>
                        <EncryptField>false</EncryptField>
                        <EncryptField>false</EncryptField>
                    </OutputFields>
                </SourceDef>
                <SourceDef from="join4.input.right.select" joinType="Inner" fitsInMemory="false">
                    <JoinFields>
                        <FieldRef>ASSET_TYPE_UID</FieldRef>
                        <FieldRef>ASSET_UID</FieldRef>
                        <FieldRef>MAX_REC_VER</FieldRef>
                        <FieldDataType>STRING</FieldDataType>
                        <FieldDataType>STRING</FieldDataType>
                        <FieldDataType>BIGINTEGER</FieldDataType>
                        <EncryptField>false</EncryptField>
                        <EncryptField>false</EncryptField>
                        <EncryptField>false</EncryptField>
                    </JoinFields>
                    <InputFields>
                        <FieldRef>ASSET_TYPE_UID</FieldRef>
                        <FieldRef>ASSET_UID</FieldRef>
                        <FieldRef>MAX_REC_VER</FieldRef>
                        <FieldDataType>STRING</FieldDataType>
                        <FieldDataType>STRING</FieldDataType>
                        <FieldDataType>BIGINTEGER</FieldDataType>
                        <EncryptField>false</EncryptField>
                        <EncryptField>false</EncryptField>
                        <EncryptField>false</EncryptField>
                    </InputFields>
                    <OutputFields>
                        <FieldRef>fld_c470e4ec4fa14f6b9a8e31929962f2a7_join4_R</FieldRef>
                        <FieldRef>fld_5970cd91ee79412b929cd94bebc4c4bb_join4_R</FieldRef>
                        <FieldRef>fld_5a6ad5f76bef4640aee81b2196910883_join4_R</FieldRef>
                        <FieldDataType>STRING</FieldDataType>
                        <FieldDataType>STRING</FieldDataType>
                        <FieldDataType>BIGINTEGER</FieldDataType>
                        <EncryptField>false</EncryptField>
                        <EncryptField>false</EncryptField>
                        <EncryptField>false</EncryptField>
                    </OutputFields>
                </SourceDef>
            </DataFrameJoinDef>
            <SelectDef from="join4.join" id="join4.select" countOutput="false">
                <SelectFields>
                    <FieldRef>RUN_DATE</FieldRef>
                    <FieldRef>ASSET_TYPE_NAME</FieldRef>
                    <FieldRef>ASSET_TYPE_UID</FieldRef>
                    <FieldRef>ASSET_NAME</FieldRef>
                    <FieldRef>ASSET_UID</FieldRef>
                    <FieldRef>ASSET_NUMBER</FieldRef>
                    <FieldRef>EXECUTION_ID</FieldRef>
                    <FieldRef>STATUS</FieldRef>
                    <FieldRef>STATUS_MSG</FieldRef>
                    <FieldRef>IGX_SYSTEM_RECORD_VERSION</FieldRef>
                    <FieldRef>IGX_SYSTEM_CREATED_TS</FieldRef>
                    <FieldRef>IGX_PROCESS_ID</FieldRef>
                    <FieldRef>IGX_WORK_ID</FieldRef>
                    <FieldDataType>DATETIME</FieldDataType>
                    <FieldDataType>STRING</FieldDataType>
                    <FieldDataType>STRING</FieldDataType>
                    <FieldDataType>STRING</FieldDataType>
                    <FieldDataType>STRING</FieldDataType>
                    <FieldDataType>INTEGER</FieldDataType>
                    <FieldDataType>STRING</FieldDataType>
                    <FieldDataType>STRING</FieldDataType>
                    <FieldDataType>STRING</FieldDataType>
                    <FieldDataType>BIGINTEGER</FieldDataType>
                    <FieldDataType>DATETIME</FieldDataType>
                    <FieldDataType>STRING</FieldDataType>
                    <FieldDataType>STRING</FieldDataType>
                    <EncryptField>false</EncryptField>
                    <EncryptField>false</EncryptField>
                    <EncryptField>false</EncryptField>
                    <EncryptField>false</EncryptField>
                    <EncryptField>false</EncryptField>
                    <EncryptField>false</EncryptField>
                    <EncryptField>false</EncryptField>
                    <EncryptField>false</EncryptField>
                    <EncryptField>false</EncryptField>
                    <EncryptField>false</EncryptField>
                    <EncryptField>false</EncryptField>
                    <EncryptField>false</EncryptField>
                    <EncryptField>false</EncryptField>
                </SelectFields>
            </SelectDef>
        </OperationsDef>
        <OutputsDef>
            <OutputDef id="join4.output" from="join4.select" passthru="true" decryptSecuredValues="false"/>
        </OutputsDef>
    </PipelineDef>
    <PipelineDef id="filter2">
        <InputsDef>
            <InputDef id="filter2.input" fromOutputId="join4.output"/>
        </InputsDef>
        <OperationsDef>
            <FilterDef from="filter2.input" id="filter2.filter" countOutput="true">
                <ExpressionDef lang="formula" expression="IN(STATUS,'SUBMITTED','PROCESSING')"/>
            </FilterDef>
        </OperationsDef>
        <OutputsDef>
            <OutputDef id="filter2.output" from="filter2.filter" passthru="true" decryptSecuredValues="false"/>
        </OutputsDef>
    </PipelineDef>
    <PipelineDef id="sql4">
        <InputsDef>
            <InputDef id="sql4.input" fromOutputId="filter2.output"/>
        </InputsDef>
        <OperationsDef>
            <SqlDef id="sql4.sql" countOutput="true">
                <SourceDef name="input" from="sql4.input">
                    <InputFields>
                        <FieldRef>RUN_DATE</FieldRef>
                        <FieldRef>ASSET_TYPE_NAME</FieldRef>
                        <FieldRef>ASSET_TYPE_UID</FieldRef>
                        <FieldRef>ASSET_NAME</FieldRef>
                        <FieldRef>ASSET_UID</FieldRef>
                        <FieldRef>ASSET_NUMBER</FieldRef>
                        <FieldRef>EXECUTION_ID</FieldRef>
                        <FieldRef>STATUS</FieldRef>
                        <FieldRef>STATUS_MSG</FieldRef>
                        <FieldRef>IGX_SYSTEM_RECORD_VERSION</FieldRef>
                        <FieldRef>IGX_SYSTEM_CREATED_TS</FieldRef>
                        <FieldRef>IGX_PROCESS_ID</FieldRef>
                        <FieldRef>IGX_WORK_ID</FieldRef>
                        <FieldDataType>DATETIME</FieldDataType>
                        <FieldDataType>STRING</FieldDataType>
                        <FieldDataType>STRING</FieldDataType>
                        <FieldDataType>STRING</FieldDataType>
                        <FieldDataType>STRING</FieldDataType>
                        <FieldDataType>INTEGER</FieldDataType>
                        <FieldDataType>STRING</FieldDataType>
                        <FieldDataType>STRING</FieldDataType>
                        <FieldDataType>STRING</FieldDataType>
                        <FieldDataType>BIGINTEGER</FieldDataType>
                        <FieldDataType>DATETIME</FieldDataType>
                        <FieldDataType>STRING</FieldDataType>
                        <FieldDataType>STRING</FieldDataType>
                        <EncryptField>false</EncryptField>
                        <EncryptField>false</EncryptField>
                        <EncryptField>false</EncryptField>
                        <EncryptField>false</EncryptField>
                        <EncryptField>false</EncryptField>
                        <EncryptField>false</EncryptField>
                        <EncryptField>false</EncryptField>
                        <EncryptField>false</EncryptField>
                        <EncryptField>false</EncryptField>
                        <EncryptField>false</EncryptField>
                        <EncryptField>false</EncryptField>
                        <EncryptField>false</EncryptField>
                        <EncryptField>false</EncryptField>
                    </InputFields>
                </SourceDef>
                <Sql>SELECT DISTINCT input.EXECUTION_ID FROM input</Sql>
                <OutputFields>
                    <FieldRef>EXECUTION_ID</FieldRef>
                    <FieldDataType>STRING</FieldDataType>
                    <NestedFields xmlns:xsi="http://www.w3.org/2001/XMLSchema-instance" xsi:nil="true"/>
                    <EncryptField>false</EncryptField>
                </OutputFields>
            </SqlDef>
        </OperationsDef>
        <OutputsDef>
            <OutputDef id="sql4.output" from="sql4.sql" passthru="true" decryptSecuredValues="false"/>
        </OutputsDef>
    </PipelineDef>
    <PipelineDef id="restApiCall">
        <InputsDef>
            <InputDef id="restApiCall.input" fromOutputId="sql4.output"/>
        </InputsDef>
        <OperationsDef>
            <RestApiDef httpMethod="GET" responseBodyContentTypeFieldName="contentType" responseBodyFieldName="body" responseStatusFieldName="status_api" callType="CALL_TYPE_SIMPLE" pagingVariableInitialValue="1" pagingVariableIncrement="1" from="restApiCall.input" id="restApiCall" countOutput="true">
                <SelectFields>
                    <FieldRef>EXECUTION_ID</FieldRef>
                    <FieldRef>status_api</FieldRef>
                    <FieldRef>body</FieldRef>
                    <FieldRef>contentType</FieldRef>
                    <FieldDataType>STRING</FieldDataType>
                    <FieldDataType>INTEGER</FieldDataType>
                    <FieldDataType>STRING</FieldDataType>
                    <FieldDataType>STRING</FieldDataType>
                </SelectFields>
                <URI>${governURL}/api/v2/assets/executions/${EXECUTION_ID}/status</URI>
                <AuthSpec authType=""/>
                <ProxyURI></ProxyURI>
                <HttpHeader name="Accept" value="application/json"/>
                <HttpHeader name="Authorization" value="${governAuth}"/>
                <pagingScript></pagingScript>
            </RestApiDef>
        </OperationsDef>
        <OutputsDef>
            <OutputDef id="restApiCall.output" from="restApiCall" passthru="true" decryptSecuredValues="false"/>
        </OutputsDef>
    </PipelineDef>
    <PipelineDef id="script2">
        <InputsDef>
            <InputDef id="script2.input" fromOutputId="restApiCall.output"/>
        </InputsDef>
        <OperationsDef>
            <ScriptDef mimeType="text/javascript" from="script2.input" id="script2.script" countOutput="true">
                <SelectFields>
                    <FieldRef>EXECUTION_ID</FieldRef>
                    <FieldRef>status_api</FieldRef>
                    <FieldRef>body</FieldRef>
                    <FieldRef>contentType</FieldRef>
                    <FieldDataType>STRING</FieldDataType>
                    <FieldDataType>INTEGER</FieldDataType>
                    <FieldDataType>STRING</FieldDataType>
                    <FieldDataType>STRING</FieldDataType>
                    <EncryptField>false</EncryptField>
                    <EncryptField>false</EncryptField>
                    <EncryptField>false</EncryptField>
                    <EncryptField>false</EncryptField>
                </SelectFields>
                <Script>output.EXECUTION_ID=input.EXECUTION_ID;
try
{
  	var obj = JSON.parse(input.body);
	output.Total = obj.Total;
	output.Processed = obj.Processed;
	output.Error = obj.Error;
} 
catch(err)
{
  	output.Total = -1;
	output.Processed = -1;
	output.Error = -1;  
}  </Script>
                <ScriptInputFields>
                    <FieldRef>EXECUTION_ID</FieldRef>
                    <FieldRef>status_api</FieldRef>
                    <FieldRef>body</FieldRef>
                    <FieldRef>contentType</FieldRef>
                    <FieldDataType>STRING</FieldDataType>
                    <FieldDataType>INTEGER</FieldDataType>
                    <FieldDataType>STRING</FieldDataType>
                    <FieldDataType>STRING</FieldDataType>
                    <EncryptField>false</EncryptField>
                    <EncryptField>false</EncryptField>
                    <EncryptField>false</EncryptField>
                    <EncryptField>false</EncryptField>
                </ScriptInputFields>
                <ScriptOutputFields>
                    <FieldRef>Total</FieldRef>
                    <FieldRef>Processed</FieldRef>
                    <FieldRef>Error</FieldRef>
                    <FieldRef>EXECUTION_ID</FieldRef>
                    <FieldDataType>INTEGER</FieldDataType>
                    <FieldDataType>INTEGER</FieldDataType>
                    <FieldDataType>INTEGER</FieldDataType>
                    <FieldDataType>STRING</FieldDataType>
                    <EncryptField>false</EncryptField>
                    <EncryptField>false</EncryptField>
                    <EncryptField>false</EncryptField>
                    <EncryptField>false</EncryptField>
                </ScriptOutputFields>
                <OutputFields>
                    <FieldRef>Total</FieldRef>
                    <FieldRef>Processed</FieldRef>
                    <FieldRef>Error</FieldRef>
                    <FieldRef>EXECUTION_ID</FieldRef>
                    <FieldDataType>INTEGER</FieldDataType>
                    <FieldDataType>INTEGER</FieldDataType>
                    <FieldDataType>INTEGER</FieldDataType>
                    <FieldDataType>STRING</FieldDataType>
                    <EncryptField>false</EncryptField>
                    <EncryptField>false</EncryptField>
                    <EncryptField>false</EncryptField>
                    <EncryptField>false</EncryptField>
                </OutputFields>
            </ScriptDef>
            <ComputeDef from="script2.script" id="script2.compute1" countOutput="false">
                <ComputedField>EXEC_ID_STATUS</ComputedField>
                <ComputedFieldDataType>STRING</ComputedFieldDataType>
                <ExpressionDef lang="formula" expression="IF(Total&lt;0,'ERROR',IF(Total=Processed+Error,'PROCESSED','PROCESSING'))"/>
            </ComputeDef>
        </OperationsDef>
        <OutputsDef>
            <OutputDef id="script2.output" from="script2.compute1" passthru="true" decryptSecuredValues="false"/>
        </OutputsDef>
    </PipelineDef>
    <PipelineDef id="sql2">
        <InputsDef>
            <InputDef id="sql2.input" fromOutputId="script2.output"/>
        </InputsDef>
        <OperationsDef>
            <SqlDef id="sql2.sql" countOutput="true">
                <SourceDef name="input" from="sql2.input">
                    <InputFields>
                        <FieldRef>Total</FieldRef>
                        <FieldRef>Processed</FieldRef>
                        <FieldRef>Error</FieldRef>
                        <FieldRef>EXECUTION_ID</FieldRef>
                        <FieldRef>EXEC_ID_STATUS</FieldRef>
                        <FieldDataType>INTEGER</FieldDataType>
                        <FieldDataType>INTEGER</FieldDataType>
                        <FieldDataType>INTEGER</FieldDataType>
                        <FieldDataType>STRING</FieldDataType>
                        <FieldDataType>STRING</FieldDataType>
                        <EncryptField>false</EncryptField>
                        <EncryptField>false</EncryptField>
                        <EncryptField>false</EncryptField>
                        <EncryptField>false</EncryptField>
                        <EncryptField>false</EncryptField>
                    </InputFields>
                </SourceDef>
                <Sql>SELECT
	SUM(CASE WHEN input.Total&gt;0 THEN input.Total ELSE 0 END) AS TOTAL_CNT,
	SUM(CASE WHEN input.Total&gt;0 THEN input.Processed ELSE 0 END) AS PROCESSED_CNT,
	SUM(CASE WHEN input.Total&gt;0 THEN input.Error ELSE 0 END) AS ERROR_CNT,
	SUM(CASE WHEN input.Total&lt;0 THEN 1 ELSE 0 END) NO_RESPONSE_CNT
FROM input</Sql>
                <OutputFields>
                    <FieldRef>TOTAL_CNT</FieldRef>
                    <FieldRef>PROCESSED_CNT</FieldRef>
                    <FieldRef>ERROR_CNT</FieldRef>
                    <FieldRef>NO_RESPONSE_CNT</FieldRef>
                    <FieldDataType>INTEGER</FieldDataType>
                    <FieldDataType>INTEGER</FieldDataType>
                    <FieldDataType>INTEGER</FieldDataType>
                    <FieldDataType>INTEGER</FieldDataType>
                    <NestedFields xmlns:xsi="http://www.w3.org/2001/XMLSchema-instance" xsi:nil="true"/>
                    <NestedFields xmlns:xsi="http://www.w3.org/2001/XMLSchema-instance" xsi:nil="true"/>
                    <NestedFields xmlns:xsi="http://www.w3.org/2001/XMLSchema-instance" xsi:nil="true"/>
                    <NestedFields xmlns:xsi="http://www.w3.org/2001/XMLSchema-instance" xsi:nil="true"/>
                    <EncryptField>false</EncryptField>
                    <EncryptField>false</EncryptField>
                    <EncryptField>false</EncryptField>
                    <EncryptField>false</EncryptField>
                </OutputFields>
            </SqlDef>
            <ComputeDef from="sql2.sql" id="sql2.compute1" countOutput="false">
                <ComputedField>LOOP_FLAG</ComputedField>
                <ComputedFieldDataType>INTEGER</ComputedFieldDataType>
                <ExpressionDef lang="formula" expression="IF (TOTAL_CNT=(PROCESSED_CNT+ERROR_CNT) || NO_RESPONSE_CNT&gt;0,0,1)"/>
            </ComputeDef>
            <ComputeDef from="sql2.compute1" id="sql2.compute2" countOutput="false">
                <ComputedField>Dummy</ComputedField>
                <ComputedFieldDataType>INTEGER</ComputedFieldDataType>
                <ExpressionDef lang="formula" expression="1"/>
            </ComputeDef>
            <ComputeDef from="sql2.compute2" id="sql2.compute3" countOutput="false">
                <ComputedField>NO_RESPONSE_ERR_MSG</ComputedField>
                <ComputedFieldDataType>STRING</ComputedFieldDataType>
                <ExpressionDef lang="formula" expression="IF(NO_RESPONSE_CNT&gt;0,'Error while fetching batch submission execution status.No response found.',NULLF())"/>
            </ComputeDef>
        </OperationsDef>
        <OutputsDef>
            <OutputDef id="sql2.output" from="sql2.compute3" passthru="true" decryptSecuredValues="false"/>
        </OutputsDef>
    </PipelineDef>
    <PipelineDef id="script3">
        <InputsDef>
            <InputDef id="script3.input" fromOutputId="restApiCall.output"/>
        </InputsDef>
        <OperationsDef>
            <ScriptDef mimeType="text/javascript" from="script3.input" id="script3.script" countOutput="true">
                <SelectFields>
                    <FieldRef>EXECUTION_ID</FieldRef>
                    <FieldRef>status_api</FieldRef>
                    <FieldRef>body</FieldRef>
                    <FieldRef>contentType</FieldRef>
                    <FieldDataType>STRING</FieldDataType>
                    <FieldDataType>INTEGER</FieldDataType>
                    <FieldDataType>STRING</FieldDataType>
                    <FieldDataType>STRING</FieldDataType>
                    <EncryptField>false</EncryptField>
                    <EncryptField>false</EncryptField>
                    <EncryptField>false</EncryptField>
                    <EncryptField>false</EncryptField>
                </SelectFields>
                <Script>try
{
  var obj = JSON.parse(input.body);
  for (var i=0; i&lt;obj.Results.length; i++) {
    output.ASSET_TYPE_UID = obj.Fields.AssetTypeUid;		
    output.ASSET_UID = obj.Results[i].uid;
    output.SUCCESS_FLAG = obj.Results[i].Success;
    if (obj.Results[i].Success===true)
    {  
    	output.ASSET_STATUS='POSTED';
      	output.MESSAGE = null;
    }
    else
    {
      	output.ASSET_STATUS='ERROR';
      	output.MESSAGE = obj.Results[i].Message;
    }  
    output.EXECUTION_ID=input.EXECUTION_ID;
    output.ITEM_NUMBER=obj.Results[i].ItemNumber;
    emitRecord();
  }
}
catch(err)
{
  	output.EXECUTION_ID=input.EXECUTION_ID;
	output.ITEM_NUMBER=null;  
    output.ASSET_TYPE_UID = null;		
    output.ASSET_UID = null;
    output.SUCCESS_FLAG = null;
  	output.MESSAGE = null;
    emitRecord();
}  </Script>
                <ScriptInputFields>
                    <FieldRef>EXECUTION_ID</FieldRef>
                    <FieldRef>status_api</FieldRef>
                    <FieldRef>body</FieldRef>
                    <FieldRef>contentType</FieldRef>
                    <FieldDataType>STRING</FieldDataType>
                    <FieldDataType>INTEGER</FieldDataType>
                    <FieldDataType>STRING</FieldDataType>
                    <FieldDataType>STRING</FieldDataType>
                    <EncryptField>false</EncryptField>
                    <EncryptField>false</EncryptField>
                    <EncryptField>false</EncryptField>
                    <EncryptField>false</EncryptField>
                </ScriptInputFields>
                <ScriptOutputFields>
                    <FieldRef>ASSET_UID</FieldRef>
                    <FieldRef>SUCCESS_FLAG</FieldRef>
                    <FieldRef>ASSET_TYPE_UID</FieldRef>
                    <FieldRef>MESSAGE</FieldRef>
                    <FieldRef>ASSET_STATUS</FieldRef>
                    <FieldRef>EXECUTION_ID</FieldRef>
                    <FieldRef>ITEM_NUMBER</FieldRef>
                    <FieldDataType>STRING</FieldDataType>
                    <FieldDataType>STRING</FieldDataType>
                    <FieldDataType>STRING</FieldDataType>
                    <FieldDataType>STRING</FieldDataType>
                    <FieldDataType>STRING</FieldDataType>
                    <FieldDataType>STRING</FieldDataType>
                    <FieldDataType>INTEGER</FieldDataType>
                    <EncryptField>false</EncryptField>
                    <EncryptField>false</EncryptField>
                    <EncryptField>false</EncryptField>
                    <EncryptField>false</EncryptField>
                    <EncryptField>false</EncryptField>
                    <EncryptField>false</EncryptField>
                    <EncryptField>false</EncryptField>
                </ScriptOutputFields>
                <OutputFields>
                    <FieldRef>ASSET_UID</FieldRef>
                    <FieldRef>SUCCESS_FLAG</FieldRef>
                    <FieldRef>ASSET_TYPE_UID</FieldRef>
                    <FieldRef>MESSAGE</FieldRef>
                    <FieldRef>ASSET_STATUS</FieldRef>
                    <FieldRef>EXECUTION_ID</FieldRef>
                    <FieldRef>ITEM_NUMBER</FieldRef>
                    <FieldDataType>STRING</FieldDataType>
                    <FieldDataType>STRING</FieldDataType>
                    <FieldDataType>STRING</FieldDataType>
                    <FieldDataType>STRING</FieldDataType>
                    <FieldDataType>STRING</FieldDataType>
                    <FieldDataType>STRING</FieldDataType>
                    <FieldDataType>INTEGER</FieldDataType>
                    <EncryptField>false</EncryptField>
                    <EncryptField>false</EncryptField>
                    <EncryptField>false</EncryptField>
                    <EncryptField>false</EncryptField>
                    <EncryptField>false</EncryptField>
                    <EncryptField>false</EncryptField>
                    <EncryptField>false</EncryptField>
                </OutputFields>
            </ScriptDef>
        </OperationsDef>
        <OutputsDef>
            <OutputDef id="script3.output" from="script3.script" passthru="true" decryptSecuredValues="false"/>
        </OutputsDef>
    </PipelineDef>
    <PipelineDef id="filter">
        <InputsDef>
            <InputDef id="filter.input" fromOutputId="script3.output"/>
        </InputsDef>
        <OperationsDef>
            <FilterDef from="filter.input" id="filter.filter" countOutput="true">
                <ExpressionDef lang="formula" expression="SUCCESS_FLAG = 'false'"/>
            </FilterDef>
            <ComputeDef from="filter.filter" id="filter.compute1" countOutput="false">
                <ComputedField>Dummy</ComputedField>
                <ComputedFieldDataType>INTEGER</ComputedFieldDataType>
                <ExpressionDef lang="formula" expression="1"/>
            </ComputeDef>
        </OperationsDef>
        <OutputsDef>
            <OutputDef id="filter.output" from="filter.compute1" passthru="true" decryptSecuredValues="false"/>
        </OutputsDef>
    </PipelineDef>
    <PipelineDef id="sql3">
        <InputsDef>
            <InputDef id="sql3.input" fromOutputId="filter.output"/>
        </InputsDef>
        <OperationsDef>
            <SqlDef id="sql3.sql" countOutput="true">
                <SourceDef name="input" from="sql3.input">
                    <InputFields>
                        <FieldRef>ASSET_UID</FieldRef>
                        <FieldRef>SUCCESS_FLAG</FieldRef>
                        <FieldRef>ASSET_TYPE_UID</FieldRef>
                        <FieldRef>MESSAGE</FieldRef>
                        <FieldRef>ASSET_STATUS</FieldRef>
                        <FieldRef>EXECUTION_ID</FieldRef>
                        <FieldRef>ITEM_NUMBER</FieldRef>
                        <FieldRef>Dummy</FieldRef>
                        <FieldDataType>STRING</FieldDataType>
                        <FieldDataType>STRING</FieldDataType>
                        <FieldDataType>STRING</FieldDataType>
                        <FieldDataType>STRING</FieldDataType>
                        <FieldDataType>STRING</FieldDataType>
                        <FieldDataType>STRING</FieldDataType>
                        <FieldDataType>INTEGER</FieldDataType>
                        <FieldDataType>INTEGER</FieldDataType>
                        <EncryptField>false</EncryptField>
                        <EncryptField>false</EncryptField>
                        <EncryptField>false</EncryptField>
                        <EncryptField>false</EncryptField>
                        <EncryptField>false</EncryptField>
                        <EncryptField>false</EncryptField>
                        <EncryptField>false</EncryptField>
                        <EncryptField>false</EncryptField>
                    </InputFields>
                </SourceDef>
                <Sql>SELECT DISTINCT input.Dummy,input.ASSET_TYPE_UID FROM input</Sql>
                <OutputFields>
                    <FieldRef>Dummy</FieldRef>
                    <FieldRef>ASSET_TYPE_UID</FieldRef>
                    <FieldDataType>INTEGER</FieldDataType>
                    <FieldDataType>STRING</FieldDataType>
                    <NestedFields xmlns:xsi="http://www.w3.org/2001/XMLSchema-instance" xsi:nil="true"/>
                    <NestedFields xmlns:xsi="http://www.w3.org/2001/XMLSchema-instance" xsi:nil="true"/>
                    <EncryptField>false</EncryptField>
                    <EncryptField>false</EncryptField>
                </OutputFields>
            </SqlDef>
        </OperationsDef>
        <OutputsDef>
            <OutputDef id="sql3.output" from="sql3.sql" passthru="true" decryptSecuredValues="false"/>
        </OutputsDef>
    </PipelineDef>
    <PipelineDef id="group">
        <InputsDef>
            <InputDef id="group.input" fromOutputId="sql3.output"/>
        </InputsDef>
        <OperationsDef>
            <GroupDef recordFieldName="Results" from="group.input" id="group.group" countOutput="true">
                <SelectFields>
                    <FieldRef>Dummy</FieldRef>
                    <FieldRef>ASSET_TYPE_UID</FieldRef>
                    <FieldDataType>INTEGER</FieldDataType>
                    <FieldDataType>STRING</FieldDataType>
                </SelectFields>
                <GroupFields>
                    <FieldRef>Dummy</FieldRef>
                    <FieldDataType>INTEGER</FieldDataType>
                </GroupFields>
                <OutputFields>
                    <FieldRef>ASSET_TYPE_UID</FieldRef>
                    <FieldDataType>STRING</FieldDataType>
                </OutputFields>
            </GroupDef>
        </OperationsDef>
        <OutputsDef>
            <OutputDef id="group.output" from="group.group" passthru="true" decryptSecuredValues="false"/>
        </OutputsDef>
    </PipelineDef>
    <PipelineDef id="script4">
        <InputsDef>
            <InputDef id="script4.input" fromOutputId="group.output"/>
        </InputsDef>
        <OperationsDef>
            <ScriptDef mimeType="text/javascript" from="script4.input" id="script4.script" countOutput="true">
                <SelectFields>
                    <FieldRef>Dummy</FieldRef>
                    <FieldRef>Results</FieldRef>
                    <FieldDataType>INTEGER</FieldDataType>
                    <FieldDataType>ARRAY</FieldDataType>
                    <NestedFields>
                        <FieldRef>ASSET_TYPE_UID</FieldRef>
                        <FieldDataType>STRING</FieldDataType>
                        <EncryptField>false</EncryptField>
                    </NestedFields>
                    <EncryptField>false</EncryptField>
                    <EncryptField>false</EncryptField>
                </SelectFields>
                <Script>var FAILED_ASSET_UID_LIST='';

for (var i=0; i&lt;input.Results.length; i++)
{
  if(!ISBLANK(FAILED_ASSET_UID_LIST))
  {
    FAILED_ASSET_UID_LIST += ",";
  } 
  FAILED_ASSET_UID_LIST += input.Results[i].ASSET_TYPE_UID;
}  

output.FAILED_ASSET_UID_LIST = FAILED_ASSET_UID_LIST;
output.Dummy=1;</Script>
                <ScriptInputFields>
                    <FieldRef>Dummy</FieldRef>
                    <FieldRef>Results</FieldRef>
                    <FieldDataType>INTEGER</FieldDataType>
                    <FieldDataType>ARRAY</FieldDataType>
                    <NestedFields>
                        <FieldRef>ASSET_TYPE_UID</FieldRef>
                        <FieldDataType>STRING</FieldDataType>
                        <EncryptField>false</EncryptField>
                    </NestedFields>
                    <EncryptField>false</EncryptField>
                    <EncryptField>false</EncryptField>
                </ScriptInputFields>
                <ScriptOutputFields>
                    <FieldRef>FAILED_ASSET_UID_LIST</FieldRef>
                    <FieldRef>Dummy</FieldRef>
                    <FieldDataType>STRING</FieldDataType>
                    <FieldDataType>INTEGER</FieldDataType>
                    <EncryptField>false</EncryptField>
                    <EncryptField>false</EncryptField>
                </ScriptOutputFields>
                <OutputFields>
                    <FieldRef>FAILED_ASSET_UID_LIST</FieldRef>
                    <FieldRef>Dummy</FieldRef>
                    <FieldDataType>STRING</FieldDataType>
                    <FieldDataType>INTEGER</FieldDataType>
                    <EncryptField>false</EncryptField>
                    <EncryptField>false</EncryptField>
                </OutputFields>
            </ScriptDef>
        </OperationsDef>
        <OutputsDef>
            <OutputDef id="script4.output" from="script4.script" passthru="true" decryptSecuredValues="false"/>
        </OutputsDef>
    </PipelineDef>
    <PipelineDef id="join">
        <InputsDef>
            <InputDef id="join.input.left" fromOutputId="sql2.output"/>
            <InputDef id="join.input.right" fromOutputId="script4.output"/>
        </InputsDef>
        <OperationsDef>
            <SelectDef from="join.input.left" id="join.input.left.select" countOutput="true">
                <SelectFields>
                    <FieldRef>TOTAL_CNT</FieldRef>
                    <FieldRef>PROCESSED_CNT</FieldRef>
                    <FieldRef>ERROR_CNT</FieldRef>
                    <FieldRef>NO_RESPONSE_CNT</FieldRef>
                    <FieldRef>LOOP_FLAG</FieldRef>
                    <FieldRef>Dummy</FieldRef>
                    <FieldRef>NO_RESPONSE_ERR_MSG</FieldRef>
                    <FieldDataType>INTEGER</FieldDataType>
                    <FieldDataType>INTEGER</FieldDataType>
                    <FieldDataType>INTEGER</FieldDataType>
                    <FieldDataType>INTEGER</FieldDataType>
                    <FieldDataType>INTEGER</FieldDataType>
                    <FieldDataType>INTEGER</FieldDataType>
                    <FieldDataType>STRING</FieldDataType>
                    <EncryptField>false</EncryptField>
                    <EncryptField>false</EncryptField>
                    <EncryptField>false</EncryptField>
                    <EncryptField>false</EncryptField>
                    <EncryptField>false</EncryptField>
                    <EncryptField>false</EncryptField>
                    <EncryptField>false</EncryptField>
                </SelectFields>
            </SelectDef>
            <SelectDef from="join.input.right" id="join.input.right.select" countOutput="true">
                <SelectFields>
                    <FieldRef>FAILED_ASSET_UID_LIST</FieldRef>
                    <FieldRef>Dummy</FieldRef>
                    <FieldDataType>STRING</FieldDataType>
                    <FieldDataType>INTEGER</FieldDataType>
                    <EncryptField>false</EncryptField>
                    <EncryptField>false</EncryptField>
                </SelectFields>
            </SelectDef>
            <DataFrameJoinDef id="join.join" countOutput="true">
                <SourceDef from="join.input.left.select" joinType="Outer" fitsInMemory="false">
                    <JoinFields>
                        <FieldRef>Dummy</FieldRef>
                        <FieldDataType>INTEGER</FieldDataType>
                        <EncryptField>false</EncryptField>
                    </JoinFields>
                    <InputFields>
                        <FieldRef>TOTAL_CNT</FieldRef>
                        <FieldRef>PROCESSED_CNT</FieldRef>
                        <FieldRef>ERROR_CNT</FieldRef>
                        <FieldRef>NO_RESPONSE_CNT</FieldRef>
                        <FieldRef>LOOP_FLAG</FieldRef>
                        <FieldRef>Dummy</FieldRef>
                        <FieldRef>NO_RESPONSE_ERR_MSG</FieldRef>
                        <FieldDataType>INTEGER</FieldDataType>
                        <FieldDataType>INTEGER</FieldDataType>
                        <FieldDataType>INTEGER</FieldDataType>
                        <FieldDataType>INTEGER</FieldDataType>
                        <FieldDataType>INTEGER</FieldDataType>
                        <FieldDataType>INTEGER</FieldDataType>
                        <FieldDataType>STRING</FieldDataType>
                        <EncryptField>false</EncryptField>
                        <EncryptField>false</EncryptField>
                        <EncryptField>false</EncryptField>
                        <EncryptField>false</EncryptField>
                        <EncryptField>false</EncryptField>
                        <EncryptField>false</EncryptField>
                        <EncryptField>false</EncryptField>
                    </InputFields>
                    <OutputFields>
                        <FieldRef>fld_5ea8ecc65b5443a382c367e68790af28_join_L</FieldRef>
                        <FieldRef>fld_42a0fd6b4abc45d7b50481fb53aa7ed0_join_L</FieldRef>
                        <FieldRef>fld_08efb549cd0a4fd39c35d100cffb482e_join_L</FieldRef>
                        <FieldRef>fld_1d46726b2977413b87155d249045186d_join_L</FieldRef>
                        <FieldRef>LOOP_FLAG</FieldRef>
                        <FieldRef>fld_02637f5632af462980ec8fe0218ad7e0_join_L</FieldRef>
                        <FieldRef>NO_RESPONSE_ERR_MSG</FieldRef>
                        <FieldDataType>INTEGER</FieldDataType>
                        <FieldDataType>INTEGER</FieldDataType>
                        <FieldDataType>INTEGER</FieldDataType>
                        <FieldDataType>INTEGER</FieldDataType>
                        <FieldDataType>INTEGER</FieldDataType>
                        <FieldDataType>INTEGER</FieldDataType>
                        <FieldDataType>STRING</FieldDataType>
                        <EncryptField>false</EncryptField>
                        <EncryptField>false</EncryptField>
                        <EncryptField>false</EncryptField>
                        <EncryptField>false</EncryptField>
                        <EncryptField>false</EncryptField>
                        <EncryptField>false</EncryptField>
                        <EncryptField>false</EncryptField>
                    </OutputFields>
                </SourceDef>
                <SourceDef from="join.input.right.select" joinType="Inner" fitsInMemory="false">
                    <JoinFields>
                        <FieldRef>Dummy</FieldRef>
                        <FieldDataType>INTEGER</FieldDataType>
                        <EncryptField>false</EncryptField>
                    </JoinFields>
                    <InputFields>
                        <FieldRef>FAILED_ASSET_UID_LIST</FieldRef>
                        <FieldRef>Dummy</FieldRef>
                        <FieldDataType>STRING</FieldDataType>
                        <FieldDataType>INTEGER</FieldDataType>
                        <EncryptField>false</EncryptField>
                        <EncryptField>false</EncryptField>
                    </InputFields>
                    <OutputFields>
                        <FieldRef>FAILED_ASSET_UID_LIST</FieldRef>
                        <FieldRef>fld_d9ef1717d9594b5c8a8a15f126637d75_join_R</FieldRef>
                        <FieldDataType>STRING</FieldDataType>
                        <FieldDataType>INTEGER</FieldDataType>
                        <EncryptField>false</EncryptField>
                        <EncryptField>false</EncryptField>
                    </OutputFields>
                </SourceDef>
            </DataFrameJoinDef>
            <SelectDef from="join.join" id="join.select" countOutput="false">
                <SelectFields>
                    <FieldRef>LOOP_FLAG</FieldRef>
                    <FieldRef>NO_RESPONSE_ERR_MSG</FieldRef>
                    <FieldRef>FAILED_ASSET_UID_LIST</FieldRef>
                    <FieldDataType>INTEGER</FieldDataType>
                    <FieldDataType>STRING</FieldDataType>
                    <FieldDataType>STRING</FieldDataType>
                    <EncryptField>false</EncryptField>
                    <EncryptField>false</EncryptField>
                    <EncryptField>false</EncryptField>
                </SelectFields>
            </SelectDef>
        </OperationsDef>
        <OutputsDef>
            <OutputDef id="join.output" from="join.select" passthru="true" decryptSecuredValues="false"/>
        </OutputsDef>
    </PipelineDef>
    <PipelineDef id="customCompletionStatus">
        <InputsDef>
            <InputDef id="customCompletionStatus.input" fromOutputId="join.output"/>
        </InputsDef>
        <OperationsDef/>
        <OutputsDef>
            <OutputDef id="customCompletionStatus.output" from="customCompletionStatus.input" passthru="false" decryptSecuredValues="false">
                <CustomCompletionStatus/>
            </OutputDef>
        </OutputsDef>
    </PipelineDef>
    <PipelineDef id="join2">
        <InputsDef>
            <InputDef id="join2.input.left" fromOutputId="filter2.output"/>
            <InputDef id="join2.input.right" fromOutputId="script2.output"/>
        </InputsDef>
        <OperationsDef>
            <SelectDef from="join2.input.left" id="join2.input.left.select" countOutput="true">
                <SelectFields>
                    <FieldRef>RUN_DATE</FieldRef>
                    <FieldRef>ASSET_TYPE_NAME</FieldRef>
                    <FieldRef>ASSET_TYPE_UID</FieldRef>
                    <FieldRef>ASSET_NAME</FieldRef>
                    <FieldRef>ASSET_UID</FieldRef>
                    <FieldRef>ASSET_NUMBER</FieldRef>
                    <FieldRef>EXECUTION_ID</FieldRef>
                    <FieldRef>STATUS</FieldRef>
                    <FieldRef>STATUS_MSG</FieldRef>
                    <FieldRef>IGX_SYSTEM_RECORD_VERSION</FieldRef>
                    <FieldRef>IGX_SYSTEM_CREATED_TS</FieldRef>
                    <FieldRef>IGX_PROCESS_ID</FieldRef>
                    <FieldRef>IGX_WORK_ID</FieldRef>
                    <FieldDataType>DATETIME</FieldDataType>
                    <FieldDataType>STRING</FieldDataType>
                    <FieldDataType>STRING</FieldDataType>
                    <FieldDataType>STRING</FieldDataType>
                    <FieldDataType>STRING</FieldDataType>
                    <FieldDataType>INTEGER</FieldDataType>
                    <FieldDataType>STRING</FieldDataType>
                    <FieldDataType>STRING</FieldDataType>
                    <FieldDataType>STRING</FieldDataType>
                    <FieldDataType>BIGINTEGER</FieldDataType>
                    <FieldDataType>DATETIME</FieldDataType>
                    <FieldDataType>STRING</FieldDataType>
                    <FieldDataType>STRING</FieldDataType>
                    <EncryptField>false</EncryptField>
                    <EncryptField>false</EncryptField>
                    <EncryptField>false</EncryptField>
                    <EncryptField>false</EncryptField>
                    <EncryptField>false</EncryptField>
                    <EncryptField>false</EncryptField>
                    <EncryptField>false</EncryptField>
                    <EncryptField>false</EncryptField>
                    <EncryptField>false</EncryptField>
                    <EncryptField>false</EncryptField>
                    <EncryptField>false</EncryptField>
                    <EncryptField>false</EncryptField>
                    <EncryptField>false</EncryptField>
                </SelectFields>
            </SelectDef>
            <SelectDef from="join2.input.right" id="join2.input.right.select" countOutput="true">
                <SelectFields>
                    <FieldRef>Total</FieldRef>
                    <FieldRef>Processed</FieldRef>
                    <FieldRef>Error</FieldRef>
                    <FieldRef>EXECUTION_ID</FieldRef>
                    <FieldRef>EXEC_ID_STATUS</FieldRef>
                    <FieldDataType>INTEGER</FieldDataType>
                    <FieldDataType>INTEGER</FieldDataType>
                    <FieldDataType>INTEGER</FieldDataType>
                    <FieldDataType>STRING</FieldDataType>
                    <FieldDataType>STRING</FieldDataType>
                    <EncryptField>false</EncryptField>
                    <EncryptField>false</EncryptField>
                    <EncryptField>false</EncryptField>
                    <EncryptField>false</EncryptField>
                    <EncryptField>false</EncryptField>
                </SelectFields>
            </SelectDef>
            <DataFrameJoinDef id="join2.join" countOutput="true">
                <SourceDef from="join2.input.left.select" joinType="Outer" fitsInMemory="false">
                    <JoinFields>
                        <FieldRef>EXECUTION_ID</FieldRef>
                        <FieldDataType>STRING</FieldDataType>
                        <EncryptField>false</EncryptField>
                    </JoinFields>
                    <InputFields>
                        <FieldRef>RUN_DATE</FieldRef>
                        <FieldRef>ASSET_TYPE_NAME</FieldRef>
                        <FieldRef>ASSET_TYPE_UID</FieldRef>
                        <FieldRef>ASSET_NAME</FieldRef>
                        <FieldRef>ASSET_UID</FieldRef>
                        <FieldRef>ASSET_NUMBER</FieldRef>
                        <FieldRef>EXECUTION_ID</FieldRef>
                        <FieldRef>STATUS</FieldRef>
                        <FieldRef>STATUS_MSG</FieldRef>
                        <FieldRef>IGX_SYSTEM_RECORD_VERSION</FieldRef>
                        <FieldRef>IGX_SYSTEM_CREATED_TS</FieldRef>
                        <FieldRef>IGX_PROCESS_ID</FieldRef>
                        <FieldRef>IGX_WORK_ID</FieldRef>
                        <FieldDataType>DATETIME</FieldDataType>
                        <FieldDataType>STRING</FieldDataType>
                        <FieldDataType>STRING</FieldDataType>
                        <FieldDataType>STRING</FieldDataType>
                        <FieldDataType>STRING</FieldDataType>
                        <FieldDataType>INTEGER</FieldDataType>
                        <FieldDataType>STRING</FieldDataType>
                        <FieldDataType>STRING</FieldDataType>
                        <FieldDataType>STRING</FieldDataType>
                        <FieldDataType>BIGINTEGER</FieldDataType>
                        <FieldDataType>DATETIME</FieldDataType>
                        <FieldDataType>STRING</FieldDataType>
                        <FieldDataType>STRING</FieldDataType>
                        <EncryptField>false</EncryptField>
                        <EncryptField>false</EncryptField>
                        <EncryptField>false</EncryptField>
                        <EncryptField>false</EncryptField>
                        <EncryptField>false</EncryptField>
                        <EncryptField>false</EncryptField>
                        <EncryptField>false</EncryptField>
                        <EncryptField>false</EncryptField>
                        <EncryptField>false</EncryptField>
                        <EncryptField>false</EncryptField>
                        <EncryptField>false</EncryptField>
                        <EncryptField>false</EncryptField>
                        <EncryptField>false</EncryptField>
                    </InputFields>
                    <OutputFields>
                        <FieldRef>RUN_DATE</FieldRef>
                        <FieldRef>ASSET_TYPE_NAME</FieldRef>
                        <FieldRef>ASSET_TYPE_UID</FieldRef>
                        <FieldRef>ASSET_NAME</FieldRef>
                        <FieldRef>ASSET_UID</FieldRef>
                        <FieldRef>ASSET_NUMBER</FieldRef>
                        <FieldRef>EXECUTION_ID</FieldRef>
                        <FieldRef>STATUS</FieldRef>
                        <FieldRef>STATUS_MSG</FieldRef>
                        <FieldRef>IGX_SYSTEM_RECORD_VERSION</FieldRef>
                        <FieldRef>IGX_SYSTEM_CREATED_TS</FieldRef>
                        <FieldRef>IGX_PROCESS_ID</FieldRef>
                        <FieldRef>IGX_WORK_ID</FieldRef>
                        <FieldDataType>DATETIME</FieldDataType>
                        <FieldDataType>STRING</FieldDataType>
                        <FieldDataType>STRING</FieldDataType>
                        <FieldDataType>STRING</FieldDataType>
                        <FieldDataType>STRING</FieldDataType>
                        <FieldDataType>INTEGER</FieldDataType>
                        <FieldDataType>STRING</FieldDataType>
                        <FieldDataType>STRING</FieldDataType>
                        <FieldDataType>STRING</FieldDataType>
                        <FieldDataType>BIGINTEGER</FieldDataType>
                        <FieldDataType>DATETIME</FieldDataType>
                        <FieldDataType>STRING</FieldDataType>
                        <FieldDataType>STRING</FieldDataType>
                        <EncryptField>false</EncryptField>
                        <EncryptField>false</EncryptField>
                        <EncryptField>false</EncryptField>
                        <EncryptField>false</EncryptField>
                        <EncryptField>false</EncryptField>
                        <EncryptField>false</EncryptField>
                        <EncryptField>false</EncryptField>
                        <EncryptField>false</EncryptField>
                        <EncryptField>false</EncryptField>
                        <EncryptField>false</EncryptField>
                        <EncryptField>false</EncryptField>
                        <EncryptField>false</EncryptField>
                        <EncryptField>false</EncryptField>
                    </OutputFields>
                </SourceDef>
                <SourceDef from="join2.input.right.select" joinType="Inner" fitsInMemory="false">
                    <JoinFields>
                        <FieldRef>EXECUTION_ID</FieldRef>
                        <FieldDataType>STRING</FieldDataType>
                        <EncryptField>false</EncryptField>
                    </JoinFields>
                    <InputFields>
                        <FieldRef>Total</FieldRef>
                        <FieldRef>Processed</FieldRef>
                        <FieldRef>Error</FieldRef>
                        <FieldRef>EXECUTION_ID</FieldRef>
                        <FieldRef>EXEC_ID_STATUS</FieldRef>
                        <FieldDataType>INTEGER</FieldDataType>
                        <FieldDataType>INTEGER</FieldDataType>
                        <FieldDataType>INTEGER</FieldDataType>
                        <FieldDataType>STRING</FieldDataType>
                        <FieldDataType>STRING</FieldDataType>
                        <EncryptField>false</EncryptField>
                        <EncryptField>false</EncryptField>
                        <EncryptField>false</EncryptField>
                        <EncryptField>false</EncryptField>
                        <EncryptField>false</EncryptField>
                    </InputFields>
                    <OutputFields>
                        <FieldRef>fld_dd003a9f87324ffeb9607db9ea835172_join2_R</FieldRef>
                        <FieldRef>fld_20fbe005953c41cfa130dbcd63369cec_join2_R</FieldRef>
                        <FieldRef>fld_220231a4bae64082ac11a3d646b4e09b_join2_R</FieldRef>
                        <FieldRef>fld_ff2b122d4bd649f4b654c7c45816f2de_join2_R</FieldRef>
                        <FieldRef>EXEC_ID_STATUS</FieldRef>
                        <FieldDataType>INTEGER</FieldDataType>
                        <FieldDataType>INTEGER</FieldDataType>
                        <FieldDataType>INTEGER</FieldDataType>
                        <FieldDataType>STRING</FieldDataType>
                        <FieldDataType>STRING</FieldDataType>
                        <EncryptField>false</EncryptField>
                        <EncryptField>false</EncryptField>
                        <EncryptField>false</EncryptField>
                        <EncryptField>false</EncryptField>
                        <EncryptField>false</EncryptField>
                    </OutputFields>
                </SourceDef>
            </DataFrameJoinDef>
            <SelectDef from="join2.join" id="join2.select" countOutput="false">
                <SelectFields>
                    <FieldRef>RUN_DATE</FieldRef>
                    <FieldRef>ASSET_TYPE_NAME</FieldRef>
                    <FieldRef>ASSET_TYPE_UID</FieldRef>
                    <FieldRef>ASSET_NAME</FieldRef>
                    <FieldRef>ASSET_UID</FieldRef>
                    <FieldRef>ASSET_NUMBER</FieldRef>
                    <FieldRef>EXECUTION_ID</FieldRef>
                    <FieldRef>STATUS</FieldRef>
                    <FieldRef>STATUS_MSG</FieldRef>
                    <FieldRef>IGX_SYSTEM_RECORD_VERSION</FieldRef>
                    <FieldRef>IGX_SYSTEM_CREATED_TS</FieldRef>
                    <FieldRef>IGX_PROCESS_ID</FieldRef>
                    <FieldRef>IGX_WORK_ID</FieldRef>
                    <FieldRef>EXEC_ID_STATUS</FieldRef>
                    <FieldDataType>DATETIME</FieldDataType>
                    <FieldDataType>STRING</FieldDataType>
                    <FieldDataType>STRING</FieldDataType>
                    <FieldDataType>STRING</FieldDataType>
                    <FieldDataType>STRING</FieldDataType>
                    <FieldDataType>INTEGER</FieldDataType>
                    <FieldDataType>STRING</FieldDataType>
                    <FieldDataType>STRING</FieldDataType>
                    <FieldDataType>STRING</FieldDataType>
                    <FieldDataType>BIGINTEGER</FieldDataType>
                    <FieldDataType>DATETIME</FieldDataType>
                    <FieldDataType>STRING</FieldDataType>
                    <FieldDataType>STRING</FieldDataType>
                    <FieldDataType>STRING</FieldDataType>
                    <EncryptField>false</EncryptField>
                    <EncryptField>false</EncryptField>
                    <EncryptField>false</EncryptField>
                    <EncryptField>false</EncryptField>
                    <EncryptField>false</EncryptField>
                    <EncryptField>false</EncryptField>
                    <EncryptField>false</EncryptField>
                    <EncryptField>false</EncryptField>
                    <EncryptField>false</EncryptField>
                    <EncryptField>false</EncryptField>
                    <EncryptField>false</EncryptField>
                    <EncryptField>false</EncryptField>
                    <EncryptField>false</EncryptField>
                    <EncryptField>false</EncryptField>
                </SelectFields>
            </SelectDef>
        </OperationsDef>
        <OutputsDef>
            <OutputDef id="join2.output" from="join2.select" passthru="true" decryptSecuredValues="false"/>
        </OutputsDef>
    </PipelineDef>
    <PipelineDef id="join3">
        <InputsDef>
            <InputDef id="join3.input.left" fromOutputId="join2.output"/>
            <InputDef id="join3.input.right" fromOutputId="script3.output"/>
        </InputsDef>
        <OperationsDef>
            <SelectDef from="join3.input.left" id="join3.input.left.select" countOutput="true">
                <SelectFields>
                    <FieldRef>RUN_DATE</FieldRef>
                    <FieldRef>ASSET_TYPE_NAME</FieldRef>
                    <FieldRef>ASSET_TYPE_UID</FieldRef>
                    <FieldRef>ASSET_NAME</FieldRef>
                    <FieldRef>ASSET_UID</FieldRef>
                    <FieldRef>ASSET_NUMBER</FieldRef>
                    <FieldRef>EXECUTION_ID</FieldRef>
                    <FieldRef>STATUS</FieldRef>
                    <FieldRef>STATUS_MSG</FieldRef>
                    <FieldRef>IGX_SYSTEM_RECORD_VERSION</FieldRef>
                    <FieldRef>IGX_SYSTEM_CREATED_TS</FieldRef>
                    <FieldRef>IGX_PROCESS_ID</FieldRef>
                    <FieldRef>IGX_WORK_ID</FieldRef>
                    <FieldRef>EXEC_ID_STATUS</FieldRef>
                    <FieldDataType>DATETIME</FieldDataType>
                    <FieldDataType>STRING</FieldDataType>
                    <FieldDataType>STRING</FieldDataType>
                    <FieldDataType>STRING</FieldDataType>
                    <FieldDataType>STRING</FieldDataType>
                    <FieldDataType>INTEGER</FieldDataType>
                    <FieldDataType>STRING</FieldDataType>
                    <FieldDataType>STRING</FieldDataType>
                    <FieldDataType>STRING</FieldDataType>
                    <FieldDataType>BIGINTEGER</FieldDataType>
                    <FieldDataType>DATETIME</FieldDataType>
                    <FieldDataType>STRING</FieldDataType>
                    <FieldDataType>STRING</FieldDataType>
                    <FieldDataType>STRING</FieldDataType>
                    <EncryptField>false</EncryptField>
                    <EncryptField>false</EncryptField>
                    <EncryptField>false</EncryptField>
                    <EncryptField>false</EncryptField>
                    <EncryptField>false</EncryptField>
                    <EncryptField>false</EncryptField>
                    <EncryptField>false</EncryptField>
                    <EncryptField>false</EncryptField>
                    <EncryptField>false</EncryptField>
                    <EncryptField>false</EncryptField>
                    <EncryptField>false</EncryptField>
                    <EncryptField>false</EncryptField>
                    <EncryptField>false</EncryptField>
                    <EncryptField>false</EncryptField>
                </SelectFields>
            </SelectDef>
            <SelectDef from="join3.input.right" id="join3.input.right.select" countOutput="true">
                <SelectFields>
                    <FieldRef>ASSET_UID</FieldRef>
                    <FieldRef>SUCCESS_FLAG</FieldRef>
                    <FieldRef>ASSET_TYPE_UID</FieldRef>
                    <FieldRef>MESSAGE</FieldRef>
                    <FieldRef>ASSET_STATUS</FieldRef>
                    <FieldRef>EXECUTION_ID</FieldRef>
                    <FieldRef>ITEM_NUMBER</FieldRef>
                    <FieldDataType>STRING</FieldDataType>
                    <FieldDataType>STRING</FieldDataType>
                    <FieldDataType>STRING</FieldDataType>
                    <FieldDataType>STRING</FieldDataType>
                    <FieldDataType>STRING</FieldDataType>
                    <FieldDataType>STRING</FieldDataType>
                    <FieldDataType>INTEGER</FieldDataType>
                    <EncryptField>false</EncryptField>
                    <EncryptField>false</EncryptField>
                    <EncryptField>false</EncryptField>
                    <EncryptField>false</EncryptField>
                    <EncryptField>false</EncryptField>
                    <EncryptField>false</EncryptField>
                    <EncryptField>false</EncryptField>
                </SelectFields>
            </SelectDef>
            <DataFrameJoinDef id="join3.join" countOutput="true">
                <SourceDef from="join3.input.left.select" joinType="Outer" fitsInMemory="false">
                    <JoinFields>
                        <FieldRef>EXECUTION_ID</FieldRef>
                        <FieldRef>ASSET_NUMBER</FieldRef>
                        <FieldDataType>STRING</FieldDataType>
                        <FieldDataType>INTEGER</FieldDataType>
                        <EncryptField>false</EncryptField>
                        <EncryptField>false</EncryptField>
                    </JoinFields>
                    <InputFields>
                        <FieldRef>RUN_DATE</FieldRef>
                        <FieldRef>ASSET_TYPE_NAME</FieldRef>
                        <FieldRef>ASSET_TYPE_UID</FieldRef>
                        <FieldRef>ASSET_NAME</FieldRef>
                        <FieldRef>ASSET_UID</FieldRef>
                        <FieldRef>ASSET_NUMBER</FieldRef>
                        <FieldRef>EXECUTION_ID</FieldRef>
                        <FieldRef>STATUS</FieldRef>
                        <FieldRef>STATUS_MSG</FieldRef>
                        <FieldRef>IGX_SYSTEM_RECORD_VERSION</FieldRef>
                        <FieldRef>IGX_SYSTEM_CREATED_TS</FieldRef>
                        <FieldRef>IGX_PROCESS_ID</FieldRef>
                        <FieldRef>IGX_WORK_ID</FieldRef>
                        <FieldRef>EXEC_ID_STATUS</FieldRef>
                        <FieldDataType>DATETIME</FieldDataType>
                        <FieldDataType>STRING</FieldDataType>
                        <FieldDataType>STRING</FieldDataType>
                        <FieldDataType>STRING</FieldDataType>
                        <FieldDataType>STRING</FieldDataType>
                        <FieldDataType>INTEGER</FieldDataType>
                        <FieldDataType>STRING</FieldDataType>
                        <FieldDataType>STRING</FieldDataType>
                        <FieldDataType>STRING</FieldDataType>
                        <FieldDataType>BIGINTEGER</FieldDataType>
                        <FieldDataType>DATETIME</FieldDataType>
                        <FieldDataType>STRING</FieldDataType>
                        <FieldDataType>STRING</FieldDataType>
                        <FieldDataType>STRING</FieldDataType>
                        <EncryptField>false</EncryptField>
                        <EncryptField>false</EncryptField>
                        <EncryptField>false</EncryptField>
                        <EncryptField>false</EncryptField>
                        <EncryptField>false</EncryptField>
                        <EncryptField>false</EncryptField>
                        <EncryptField>false</EncryptField>
                        <EncryptField>false</EncryptField>
                        <EncryptField>false</EncryptField>
                        <EncryptField>false</EncryptField>
                        <EncryptField>false</EncryptField>
                        <EncryptField>false</EncryptField>
                        <EncryptField>false</EncryptField>
                        <EncryptField>false</EncryptField>
                    </InputFields>
                    <OutputFields>
                        <FieldRef>RUN_DATE</FieldRef>
                        <FieldRef>ASSET_TYPE_NAME</FieldRef>
                        <FieldRef>ASSET_TYPE_UID</FieldRef>
                        <FieldRef>ASSET_NAME</FieldRef>
                        <FieldRef>ASSET_UID</FieldRef>
                        <FieldRef>ASSET_NUMBER</FieldRef>
                        <FieldRef>EXECUTION_ID</FieldRef>
                        <FieldRef>STATUS</FieldRef>
                        <FieldRef>STATUS_MSG</FieldRef>
                        <FieldRef>IGX_SYSTEM_RECORD_VERSION</FieldRef>
                        <FieldRef>IGX_SYSTEM_CREATED_TS</FieldRef>
                        <FieldRef>IGX_PROCESS_ID</FieldRef>
                        <FieldRef>IGX_WORK_ID</FieldRef>
                        <FieldRef>EXEC_ID_STATUS</FieldRef>
                        <FieldDataType>DATETIME</FieldDataType>
                        <FieldDataType>STRING</FieldDataType>
                        <FieldDataType>STRING</FieldDataType>
                        <FieldDataType>STRING</FieldDataType>
                        <FieldDataType>STRING</FieldDataType>
                        <FieldDataType>INTEGER</FieldDataType>
                        <FieldDataType>STRING</FieldDataType>
                        <FieldDataType>STRING</FieldDataType>
                        <FieldDataType>STRING</FieldDataType>
                        <FieldDataType>BIGINTEGER</FieldDataType>
                        <FieldDataType>DATETIME</FieldDataType>
                        <FieldDataType>STRING</FieldDataType>
                        <FieldDataType>STRING</FieldDataType>
                        <FieldDataType>STRING</FieldDataType>
                        <EncryptField>false</EncryptField>
                        <EncryptField>false</EncryptField>
                        <EncryptField>false</EncryptField>
                        <EncryptField>false</EncryptField>
                        <EncryptField>false</EncryptField>
                        <EncryptField>false</EncryptField>
                        <EncryptField>false</EncryptField>
                        <EncryptField>false</EncryptField>
                        <EncryptField>false</EncryptField>
                        <EncryptField>false</EncryptField>
                        <EncryptField>false</EncryptField>
                        <EncryptField>false</EncryptField>
                        <EncryptField>false</EncryptField>
                        <EncryptField>false</EncryptField>
                    </OutputFields>
                </SourceDef>
                <SourceDef from="join3.input.right.select" joinType="Inner" fitsInMemory="false">
                    <JoinFields>
                        <FieldRef>EXECUTION_ID</FieldRef>
                        <FieldRef>ITEM_NUMBER</FieldRef>
                        <FieldDataType>STRING</FieldDataType>
                        <FieldDataType>INTEGER</FieldDataType>
                        <EncryptField>false</EncryptField>
                        <EncryptField>false</EncryptField>
                    </JoinFields>
                    <InputFields>
                        <FieldRef>ASSET_UID</FieldRef>
                        <FieldRef>SUCCESS_FLAG</FieldRef>
                        <FieldRef>ASSET_TYPE_UID</FieldRef>
                        <FieldRef>MESSAGE</FieldRef>
                        <FieldRef>ASSET_STATUS</FieldRef>
                        <FieldRef>EXECUTION_ID</FieldRef>
                        <FieldRef>ITEM_NUMBER</FieldRef>
                        <FieldDataType>STRING</FieldDataType>
                        <FieldDataType>STRING</FieldDataType>
                        <FieldDataType>STRING</FieldDataType>
                        <FieldDataType>STRING</FieldDataType>
                        <FieldDataType>STRING</FieldDataType>
                        <FieldDataType>STRING</FieldDataType>
                        <FieldDataType>INTEGER</FieldDataType>
                        <EncryptField>false</EncryptField>
                        <EncryptField>false</EncryptField>
                        <EncryptField>false</EncryptField>
                        <EncryptField>false</EncryptField>
                        <EncryptField>false</EncryptField>
                        <EncryptField>false</EncryptField>
                        <EncryptField>false</EncryptField>
                    </InputFields>
                    <OutputFields>
                        <FieldRef>fld_5970cd91ee79412b929cd94bebc4c4bb_join3_R</FieldRef>
                        <FieldRef>fld_d03becd8fc7e4e4797d269c08e66e8fe_join3_R</FieldRef>
                        <FieldRef>fld_c470e4ec4fa14f6b9a8e31929962f2a7_join3_R</FieldRef>
                        <FieldRef>MESSAGE</FieldRef>
                        <FieldRef>ASSET_STATUS</FieldRef>
                        <FieldRef>fld_ff2b122d4bd649f4b654c7c45816f2de_join3_R</FieldRef>
                        <FieldRef>fld_a2e44135ee6546568efb77aabaf5c6b5_join3_R</FieldRef>
                        <FieldDataType>STRING</FieldDataType>
                        <FieldDataType>STRING</FieldDataType>
                        <FieldDataType>STRING</FieldDataType>
                        <FieldDataType>STRING</FieldDataType>
                        <FieldDataType>STRING</FieldDataType>
                        <FieldDataType>STRING</FieldDataType>
                        <FieldDataType>INTEGER</FieldDataType>
                        <EncryptField>false</EncryptField>
                        <EncryptField>false</EncryptField>
                        <EncryptField>false</EncryptField>
                        <EncryptField>false</EncryptField>
                        <EncryptField>false</EncryptField>
                        <EncryptField>false</EncryptField>
                        <EncryptField>false</EncryptField>
                    </OutputFields>
                </SourceDef>
            </DataFrameJoinDef>
            <SelectDef from="join3.join" id="join3.select" countOutput="false">
                <SelectFields>
                    <FieldRef>RUN_DATE</FieldRef>
                    <FieldRef>ASSET_TYPE_NAME</FieldRef>
                    <FieldRef>ASSET_TYPE_UID</FieldRef>
                    <FieldRef>ASSET_NAME</FieldRef>
                    <FieldRef>ASSET_UID</FieldRef>
                    <FieldRef>ASSET_NUMBER</FieldRef>
                    <FieldRef>EXECUTION_ID</FieldRef>
                    <FieldRef>STATUS</FieldRef>
                    <FieldRef>STATUS_MSG</FieldRef>
                    <FieldRef>IGX_SYSTEM_RECORD_VERSION</FieldRef>
                    <FieldRef>IGX_SYSTEM_CREATED_TS</FieldRef>
                    <FieldRef>IGX_PROCESS_ID</FieldRef>
                    <FieldRef>IGX_WORK_ID</FieldRef>
                    <FieldRef>EXEC_ID_STATUS</FieldRef>
                    <FieldRef>MESSAGE</FieldRef>
                    <FieldRef>ASSET_STATUS</FieldRef>
                    <FieldDataType>DATETIME</FieldDataType>
                    <FieldDataType>STRING</FieldDataType>
                    <FieldDataType>STRING</FieldDataType>
                    <FieldDataType>STRING</FieldDataType>
                    <FieldDataType>STRING</FieldDataType>
                    <FieldDataType>INTEGER</FieldDataType>
                    <FieldDataType>STRING</FieldDataType>
                    <FieldDataType>STRING</FieldDataType>
                    <FieldDataType>STRING</FieldDataType>
                    <FieldDataType>BIGINTEGER</FieldDataType>
                    <FieldDataType>DATETIME</FieldDataType>
                    <FieldDataType>STRING</FieldDataType>
                    <FieldDataType>STRING</FieldDataType>
                    <FieldDataType>STRING</FieldDataType>
                    <FieldDataType>STRING</FieldDataType>
                    <FieldDataType>STRING</FieldDataType>
                    <EncryptField>false</EncryptField>
                    <EncryptField>false</EncryptField>
                    <EncryptField>false</EncryptField>
                    <EncryptField>false</EncryptField>
                    <EncryptField>false</EncryptField>
                    <EncryptField>false</EncryptField>
                    <EncryptField>false</EncryptField>
                    <EncryptField>false</EncryptField>
                    <EncryptField>false</EncryptField>
                    <EncryptField>false</EncryptField>
                    <EncryptField>false</EncryptField>
                    <EncryptField>false</EncryptField>
                    <EncryptField>false</EncryptField>
                    <EncryptField>false</EncryptField>
                    <EncryptField>false</EncryptField>
                    <EncryptField>false</EncryptField>
                </SelectFields>
            </SelectDef>
            <ComputeDef from="join3.select" id="join3.compute1" countOutput="false">
                <ComputedField>FINAL_STATUS</ComputedField>
                <ComputedFieldDataType>STRING</ComputedFieldDataType>
                <ExpressionDef lang="formula" expression="IF(EXEC_ID_STATUS='PROCESSED',ASSET_STATUS,EXEC_ID_STATUS)"/>
            </ComputeDef>
            <ComputeDef from="join3.compute1" id="join3.compute2" countOutput="false">
                <ComputedField>FINAL_STATUS_MESSAGE</ComputedField>
                <ComputedFieldDataType>STRING</ComputedFieldDataType>
                <ExpressionDef lang="formula" expression="IF(EXEC_ID_STATUS='ERROR','Error while calling API to get status',MESSAGE)"/>
            </ComputeDef>
            <ComputeDef from="join3.compute2" id="join3.compute3" countOutput="false">
                <ComputedField>NEW_REC_VER</ComputedField>
                <ComputedFieldDataType>BIGINTEGER</ComputedFieldDataType>
                <ExpressionDef lang="formula" expression="IGX_SYSTEM_RECORD_VERSION+1"/>
            </ComputeDef>
            <ComputeDef from="join3.compute3" id="join3.compute4" countOutput="false">
                <ComputedField>CREATED_TS</ComputedField>
                <ComputedFieldDataType>DATETIME</ComputedFieldDataType>
                <ExpressionDef lang="formula" expression="CURRENT_TIMESTAMP()"/>
            </ComputeDef>
            <ComputeDef from="join3.compute4" id="join3.compute5" countOutput="false">
                <ComputedField>WK_ID</ComputedField>
                <ComputedFieldDataType>STRING</ComputedFieldDataType>
                <ExpressionDef lang="formula" expression="RUNTIME('workId')"/>
            </ComputeDef>
            <ComputeDef from="join3.compute5" id="join3.compute6" countOutput="false">
                <ComputedField>PRC_ID</ComputedField>
                <ComputedFieldDataType>STRING</ComputedFieldDataType>
                <ExpressionDef lang="formula" expression="RUNTIME('processId')"/>
            </ComputeDef>
        </OperationsDef>
        <OutputsDef>
            <OutputDef id="join3.output" from="join3.compute6" passthru="true" decryptSecuredValues="false"/>
        </OutputsDef>
    </PipelineDef>
    <PipelineDef id="dataStoreOutput">
        <InputsDef>
            <InputDef id="dataStoreOutput.input" fromOutputId="join3.output"/>
        </InputsDef>
        <OperationsDef>
            <RenameDef from="dataStoreOutput.input" id="dataStoreOutput.rename" countOutput="false">
                <FromFields>
                    <FieldRef>RUN_DATE</FieldRef>
                    <FieldRef>ASSET_TYPE_NAME</FieldRef>
                    <FieldRef>ASSET_TYPE_UID</FieldRef>
                    <FieldRef>ASSET_NAME</FieldRef>
                    <FieldRef>ASSET_UID</FieldRef>
                    <FieldRef>ASSET_NUMBER</FieldRef>
                    <FieldRef>EXECUTION_ID</FieldRef>
                    <FieldRef>FINAL_STATUS</FieldRef>
                    <FieldRef>FINAL_STATUS_MESSAGE</FieldRef>
                    <FieldRef>NEW_REC_VER</FieldRef>
                    <FieldRef>CREATED_TS</FieldRef>
                    <FieldRef>WK_ID</FieldRef>
                    <FieldRef>PRC_ID</FieldRef>
                </FromFields>
                <ToFields>
                    <FieldRef>RUN_DATE</FieldRef>
                    <FieldRef>ASSET_TYPE_NAME</FieldRef>
                    <FieldRef>ASSET_TYPE_UID</FieldRef>
                    <FieldRef>ASSET_NAME</FieldRef>
                    <FieldRef>ASSET_UID</FieldRef>
                    <FieldRef>ASSET_NUMBER</FieldRef>
                    <FieldRef>EXECUTION_ID</FieldRef>
                    <FieldRef>STATUS</FieldRef>
                    <FieldRef>STATUS_MSG</FieldRef>
                    <FieldRef>IGX_SYSTEM_RECORD_VERSION</FieldRef>
                    <FieldRef>IGX_SYSTEM_CREATED_TS</FieldRef>
                    <FieldRef>IGX_WORK_ID</FieldRef>
                    <FieldRef>IGX_PROCESS_ID</FieldRef>
                </ToFields>
                <OutputFields>
                    <FieldRef>RUN_DATE</FieldRef>
                    <FieldRef>ASSET_TYPE_NAME</FieldRef>
                    <FieldRef>ASSET_TYPE_UID</FieldRef>
                    <FieldRef>ASSET_NAME</FieldRef>
                    <FieldRef>ASSET_UID</FieldRef>
                    <FieldRef>ASSET_NUMBER</FieldRef>
                    <FieldRef>EXECUTION_ID</FieldRef>
                    <FieldRef>STATUS</FieldRef>
                    <FieldRef>STATUS_MSG</FieldRef>
                    <FieldRef>IGX_SYSTEM_RECORD_VERSION</FieldRef>
                    <FieldRef>IGX_SYSTEM_CREATED_TS</FieldRef>
                    <FieldRef>IGX_WORK_ID</FieldRef>
                    <FieldRef>IGX_PROCESS_ID</FieldRef>
                </OutputFields>
            </RenameDef>
        </OperationsDef>
        <OutputsDef>
            <OutputDef id="dataStoreOutput.output" from="dataStoreOutput.rename" passthru="false" maxNumOutputPartitions="1" decryptSecuredValues="false">
                <DataStoreRef name="210c7c311c384cb2987e0cfa1a759748" owningMemberId="1000">
                    <FieldsToUpdate>
                        <FieldRef>RUN_DATE</FieldRef>
                        <FieldRef>ASSET_TYPE_NAME</FieldRef>
                        <FieldRef>ASSET_TYPE_UID</FieldRef>
                        <FieldRef>ASSET_NAME</FieldRef>
                        <FieldRef>ASSET_UID</FieldRef>
                        <FieldRef>ASSET_NUMBER</FieldRef>
                        <FieldRef>EXECUTION_ID</FieldRef>
                        <FieldRef>STATUS</FieldRef>
                        <FieldRef>STATUS_MSG</FieldRef>
                        <FieldRef>IGX_SYSTEM_RECORD_VERSION</FieldRef>
                        <FieldRef>IGX_SYSTEM_CREATED_TS</FieldRef>
                        <FieldRef>IGX_WORK_ID</FieldRef>
                        <FieldRef>IGX_PROCESS_ID</FieldRef>
                        <FieldDataType>DATETIME</FieldDataType>
                        <FieldDataType>STRING</FieldDataType>
                        <FieldDataType>STRING</FieldDataType>
                        <FieldDataType>STRING</FieldDataType>
                        <FieldDataType>STRING</FieldDataType>
                        <FieldDataType>INTEGER</FieldDataType>
                        <FieldDataType>STRING</FieldDataType>
                        <FieldDataType>STRING</FieldDataType>
                        <FieldDataType>STRING</FieldDataType>
                        <FieldDataType>BIGINTEGER</FieldDataType>
                        <FieldDataType>DATETIME</FieldDataType>
                        <FieldDataType>STRING</FieldDataType>
                        <FieldDataType>STRING</FieldDataType>
                    </FieldsToUpdate>
                </DataStoreRef>
                <PartitionByFields/>
            </OutputDef>
        </OutputsDef>
    </PipelineDef>
</ExecutionModel>
