<?xml version="1.0" encoding="UTF-8" standalone="yes"?>
<ExecutionModel xmlns="com/infogix/component/executionengine/export/fdt" id="1829d58a40ed404bb7c15cbc31f7ad98">
    <OptionsDef logLimit="100" cacheOperationOutput="true" cacheResourceIntensiveOperationOutput="false" countOperationOutput="true"/>
    <PipelineDef id="dataStore">
        <InputsDef>
            <InputDef id="dataStore.input">
                <DataStoreRef name="e2b8e578e2e849739d137687a43a6be9" owningMemberId="1000" dataLoadRange="ALL">
                    <SourceFilter/>
                </DataStoreRef>
            </InputDef>
        </InputsDef>
        <OperationsDef>
            <SelectDef from="dataStore.input" id="dataStore.select" countOutput="false">
                <SelectFields>
                    <FieldRef>DATA_ENTITY_NAME</FieldRef>
                    <FieldRef>INGESTION_MODE</FieldRef>
                    <FieldRef>FREQ</FieldRef>
                    <FieldRef>DAYS</FieldRef>
                    <FieldRef>DATA_LOAD_TIME</FieldRef>
                    <FieldRef>IGX_SYSTEM_CREATED_TS</FieldRef>
                    <FieldRef>IGX_PROCESS_ID</FieldRef>
                    <FieldRef>IGX_WORK_ID</FieldRef>
                    <FieldDataType>STRING</FieldDataType>
                    <FieldDataType>STRING</FieldDataType>
                    <FieldDataType>STRING</FieldDataType>
                    <FieldDataType>STRING</FieldDataType>
                    <FieldDataType>STRING</FieldDataType>
                    <FieldDataType>DATETIME</FieldDataType>
                    <FieldDataType>STRING</FieldDataType>
                    <FieldDataType>STRING</FieldDataType>
                </SelectFields>
            </SelectDef>
            <ComputeDef from="dataStore.select" id="dataStore.compute1" countOutput="false">
                <ComputedField>WEEK_PART</ComputedField>
                <ComputedFieldDataType>STRING</ComputedFieldDataType>
                <ExpressionDef lang="formula" expression="CONCATENATE(',',DAY(CURRENT_TIMESTAMP()),',')"/>
            </ComputeDef>
            <ComputeDef from="dataStore.compute1" id="dataStore.compute2" countOutput="false">
                <ComputedField>CUR_DATE</ComputedField>
                <ComputedFieldDataType>DATE</ComputedFieldDataType>
                <ExpressionDef lang="formula" expression="CURRENT_TIMESTAMP()"/>
            </ComputeDef>
            <ComputeDef from="dataStore.compute2" id="dataStore.compute3" countOutput="false">
                <ComputedField>DAY_PART</ComputedField>
                <ComputedFieldDataType>STRING</ComputedFieldDataType>
                <ExpressionDef lang="formula" expression="CONCATENATE(',',DATEPART('day',CUR_DATE),',')"/>
            </ComputeDef>
            <ComputeDef from="dataStore.compute3" id="dataStore.compute4" countOutput="false">
                <ComputedField>WEEK_STAT</ComputedField>
                <ComputedFieldDataType>BOOLEAN</ComputedFieldDataType>
                <ExpressionDef lang="formula" expression="CONTAINS(CONCATENATE(DAYS,','),CONCATENATE(WEEK_PART,','))"/>
            </ComputeDef>
        </OperationsDef>
        <OutputsDef>
            <OutputDef id="dataStore.output" from="dataStore.compute4" passthru="true" decryptSecuredValues="false"/>
        </OutputsDef>
    </PipelineDef>
    <PipelineDef id="filter">
        <InputsDef>
            <InputDef id="filter.input" fromOutputId="dataStore.output"/>
        </InputsDef>
        <OperationsDef>
            <FilterDef from="filter.input" id="filter.filter" countOutput="true">
                <ExpressionDef lang="formula" expression="FREQ='D' || ( FREQ='W' &amp;&amp;  CONTAINS(CONCATENATE(',',DAYS,','),WEEK_PART)) ||  ( FREQ='M' &amp;&amp;  CONTAINS(CONCATENATE(',',DAYS,','),DAY_PART))"/>
            </FilterDef>
        </OperationsDef>
        <OutputsDef>
            <OutputDef id="filter.output" from="filter.filter" passthru="true" decryptSecuredValues="false"/>
        </OutputsDef>
    </PipelineDef>
    <PipelineDef id="dataStore2">
        <InputsDef>
            <InputDef id="dataStore2.input">
                <DataStoreRef name="cc64c8c2de264db0bbcd9e3354f9ec55" owningMemberId="1000" dataLoadRange="ALL">
                    <SourceFilter/>
                </DataStoreRef>
            </InputDef>
        </InputsDef>
        <OperationsDef>
            <SelectDef from="dataStore2.input" id="dataStore2.select" countOutput="false">
                <SelectFields>
                    <FieldRef>DATA_ENTITY_NAME</FieldRef>
                    <FieldRef>RUN_DATE</FieldRef>
                    <FieldRef>START_TS</FieldRef>
                    <FieldRef>END_TS</FieldRef>
                    <FieldRef>IGX_SYSTEM_CREATED_TS</FieldRef>
                    <FieldRef>IGX_PROCESS_ID</FieldRef>
                    <FieldRef>IGX_WORK_ID</FieldRef>
                    <FieldDataType>STRING</FieldDataType>
                    <FieldDataType>DATETIME</FieldDataType>
                    <FieldDataType>DATETIME</FieldDataType>
                    <FieldDataType>DATETIME</FieldDataType>
                    <FieldDataType>DATETIME</FieldDataType>
                    <FieldDataType>STRING</FieldDataType>
                    <FieldDataType>STRING</FieldDataType>
                </SelectFields>
            </SelectDef>
        </OperationsDef>
        <OutputsDef>
            <OutputDef id="dataStore2.output" from="dataStore2.select" passthru="true" decryptSecuredValues="false"/>
        </OutputsDef>
    </PipelineDef>
    <PipelineDef id="groupBy">
        <InputsDef>
            <InputDef id="groupBy.input" fromOutputId="dataStore2.output"/>
        </InputsDef>
        <OperationsDef>
            <GroupByDef from="groupBy.input" id="groupBy.groupBy" countOutput="true">
                <GroupByFields>
                    <FieldRef>DATA_ENTITY_NAME</FieldRef>
                    <FieldDataType>STRING</FieldDataType>
                    <EncryptField>false</EncryptField>
                </GroupByFields>
                <AggregateDef name="MAX_RUN_DATE">
                    <ExpressionDef lang="formula" expression="MAX(RUN_DATE)"/>
                </AggregateDef>
            </GroupByDef>
        </OperationsDef>
        <OutputsDef>
            <OutputDef id="groupBy.output" from="groupBy.groupBy" passthru="true" decryptSecuredValues="false"/>
        </OutputsDef>
    </PipelineDef>
    <PipelineDef id="join">
        <InputsDef>
            <InputDef id="join.input.left" fromOutputId="dataStore2.output"/>
            <InputDef id="join.input.right" fromOutputId="groupBy.output"/>
        </InputsDef>
        <OperationsDef>
            <SelectDef from="join.input.left" id="join.input.left.select" countOutput="true">
                <SelectFields>
                    <FieldRef>DATA_ENTITY_NAME</FieldRef>
                    <FieldRef>RUN_DATE</FieldRef>
                    <FieldRef>START_TS</FieldRef>
                    <FieldRef>END_TS</FieldRef>
                    <FieldRef>IGX_SYSTEM_CREATED_TS</FieldRef>
                    <FieldRef>IGX_PROCESS_ID</FieldRef>
                    <FieldRef>IGX_WORK_ID</FieldRef>
                    <FieldDataType>STRING</FieldDataType>
                    <FieldDataType>DATETIME</FieldDataType>
                    <FieldDataType>DATETIME</FieldDataType>
                    <FieldDataType>DATETIME</FieldDataType>
                    <FieldDataType>DATETIME</FieldDataType>
                    <FieldDataType>STRING</FieldDataType>
                    <FieldDataType>STRING</FieldDataType>
                    <EncryptField>false</EncryptField>
                    <EncryptField>false</EncryptField>
                    <EncryptField>false</EncryptField>
                    <EncryptField>false</EncryptField>
                    <EncryptField>false</EncryptField>
                    <EncryptField>false</EncryptField>
                    <EncryptField>false</EncryptField>
                </SelectFields>
            </SelectDef>
            <SelectDef from="join.input.right" id="join.input.right.select" countOutput="true">
                <SelectFields>
                    <FieldRef>DATA_ENTITY_NAME</FieldRef>
                    <FieldRef>MAX_RUN_DATE</FieldRef>
                    <FieldDataType>STRING</FieldDataType>
                    <FieldDataType>DATETIME</FieldDataType>
                    <EncryptField>false</EncryptField>
                    <EncryptField>false</EncryptField>
                </SelectFields>
            </SelectDef>
            <DataFrameJoinDef id="join.join" countOutput="true">
                <SourceDef from="join.input.left.select" joinType="Inner" fitsInMemory="false">
                    <JoinFields>
                        <FieldRef>DATA_ENTITY_NAME</FieldRef>
                        <FieldRef>RUN_DATE</FieldRef>
                        <FieldDataType>STRING</FieldDataType>
                        <FieldDataType>DATETIME</FieldDataType>
                        <EncryptField>false</EncryptField>
                        <EncryptField>false</EncryptField>
                    </JoinFields>
                    <InputFields>
                        <FieldRef>DATA_ENTITY_NAME</FieldRef>
                        <FieldRef>RUN_DATE</FieldRef>
                        <FieldRef>START_TS</FieldRef>
                        <FieldRef>END_TS</FieldRef>
                        <FieldRef>IGX_SYSTEM_CREATED_TS</FieldRef>
                        <FieldRef>IGX_PROCESS_ID</FieldRef>
                        <FieldRef>IGX_WORK_ID</FieldRef>
                        <FieldDataType>STRING</FieldDataType>
                        <FieldDataType>DATETIME</FieldDataType>
                        <FieldDataType>DATETIME</FieldDataType>
                        <FieldDataType>DATETIME</FieldDataType>
                        <FieldDataType>DATETIME</FieldDataType>
                        <FieldDataType>STRING</FieldDataType>
                        <FieldDataType>STRING</FieldDataType>
                        <EncryptField>false</EncryptField>
                        <EncryptField>false</EncryptField>
                        <EncryptField>false</EncryptField>
                        <EncryptField>false</EncryptField>
                        <EncryptField>false</EncryptField>
                        <EncryptField>false</EncryptField>
                        <EncryptField>false</EncryptField>
                    </InputFields>
                    <OutputFields>
                        <FieldRef>DATA_ENTITY_NAME</FieldRef>
                        <FieldRef>RUN_DATE</FieldRef>
                        <FieldRef>START_TS</FieldRef>
                        <FieldRef>END_TS</FieldRef>
                        <FieldRef>IGX_SYSTEM_CREATED_TS</FieldRef>
                        <FieldRef>IGX_PROCESS_ID</FieldRef>
                        <FieldRef>IGX_WORK_ID</FieldRef>
                        <FieldDataType>STRING</FieldDataType>
                        <FieldDataType>DATETIME</FieldDataType>
                        <FieldDataType>DATETIME</FieldDataType>
                        <FieldDataType>DATETIME</FieldDataType>
                        <FieldDataType>DATETIME</FieldDataType>
                        <FieldDataType>STRING</FieldDataType>
                        <FieldDataType>STRING</FieldDataType>
                        <EncryptField>false</EncryptField>
                        <EncryptField>false</EncryptField>
                        <EncryptField>false</EncryptField>
                        <EncryptField>false</EncryptField>
                        <EncryptField>false</EncryptField>
                        <EncryptField>false</EncryptField>
                        <EncryptField>false</EncryptField>
                    </OutputFields>
                </SourceDef>
                <SourceDef from="join.input.right.select" joinType="Inner" fitsInMemory="false">
                    <JoinFields>
                        <FieldRef>DATA_ENTITY_NAME</FieldRef>
                        <FieldRef>MAX_RUN_DATE</FieldRef>
                        <FieldDataType>STRING</FieldDataType>
                        <FieldDataType>DATETIME</FieldDataType>
                        <EncryptField>false</EncryptField>
                        <EncryptField>false</EncryptField>
                    </JoinFields>
                    <InputFields>
                        <FieldRef>DATA_ENTITY_NAME</FieldRef>
                        <FieldRef>MAX_RUN_DATE</FieldRef>
                        <FieldDataType>STRING</FieldDataType>
                        <FieldDataType>DATETIME</FieldDataType>
                        <EncryptField>false</EncryptField>
                        <EncryptField>false</EncryptField>
                    </InputFields>
                    <OutputFields>
                        <FieldRef>fld_b1093220770f4f3f952faba772e57e8f_join_R</FieldRef>
                        <FieldRef>fld_1258114070514c8b82e8e78304a1c89d_join_R</FieldRef>
                        <FieldDataType>STRING</FieldDataType>
                        <FieldDataType>DATETIME</FieldDataType>
                        <EncryptField>false</EncryptField>
                        <EncryptField>false</EncryptField>
                    </OutputFields>
                </SourceDef>
            </DataFrameJoinDef>
            <SelectDef from="join.join" id="join.select" countOutput="false">
                <SelectFields>
                    <FieldRef>DATA_ENTITY_NAME</FieldRef>
                    <FieldRef>RUN_DATE</FieldRef>
                    <FieldRef>START_TS</FieldRef>
                    <FieldRef>END_TS</FieldRef>
                    <FieldRef>IGX_SYSTEM_CREATED_TS</FieldRef>
                    <FieldRef>IGX_PROCESS_ID</FieldRef>
                    <FieldRef>IGX_WORK_ID</FieldRef>
                    <FieldDataType>STRING</FieldDataType>
                    <FieldDataType>DATETIME</FieldDataType>
                    <FieldDataType>DATETIME</FieldDataType>
                    <FieldDataType>DATETIME</FieldDataType>
                    <FieldDataType>DATETIME</FieldDataType>
                    <FieldDataType>STRING</FieldDataType>
                    <FieldDataType>STRING</FieldDataType>
                    <EncryptField>false</EncryptField>
                    <EncryptField>false</EncryptField>
                    <EncryptField>false</EncryptField>
                    <EncryptField>false</EncryptField>
                    <EncryptField>false</EncryptField>
                    <EncryptField>false</EncryptField>
                    <EncryptField>false</EncryptField>
                </SelectFields>
            </SelectDef>
            <ComputeDef from="join.select" id="join.compute1" countOutput="false">
                <ComputedField>LATEST_RUN_DATE</ComputedField>
                <ComputedFieldDataType>DATE</ComputedFieldDataType>
                <ExpressionDef lang="formula" expression="RUN_DATE"/>
            </ComputeDef>
            <ComputeDef from="join.compute1" id="join.compute2" countOutput="false">
                <ComputedField>CURRENT_DT</ComputedField>
                <ComputedFieldDataType>DATE</ComputedFieldDataType>
                <ExpressionDef lang="formula" expression="CURRENT_TIMESTAMP()"/>
            </ComputeDef>
            <ComputeDef from="join.compute2" id="join.compute3" countOutput="false">
                <ComputedField>C_DATE</ComputedField>
                <ComputedFieldDataType>DATE</ComputedFieldDataType>
                <ExpressionDef lang="formula" expression="DATE( YEAR( CURRENT_TIMESTAMP() ), MONTH( CURRENT_TIMESTAMP() ), DATEPART( 'day', CURRENT_TIMESTAMP() ) )"/>
            </ComputeDef>
            <ComputeDef from="join.compute3" id="join.compute4" countOutput="false">
                <ComputedField>R_DATE</ComputedField>
                <ExpressionDef lang="formula" expression="DATE( YEAR( LATEST_RUN_DATE ), MONTH( LATEST_RUN_DATE  ), DATEPART( 'day', LATEST_RUN_DATE  ) )"/>
            </ComputeDef>
        </OperationsDef>
        <OutputsDef>
            <OutputDef id="join.output" from="join.compute4" passthru="true" decryptSecuredValues="false"/>
        </OutputsDef>
    </PipelineDef>
    <PipelineDef id="filter2">
        <InputsDef>
            <InputDef id="filter2.input" fromOutputId="join.output"/>
        </InputsDef>
        <OperationsDef>
            <FilterDef from="filter2.input" id="filter2.filter" countOutput="true">
                <ExpressionDef lang="formula" expression="C_DATE = R_DATE"/>
            </FilterDef>
        </OperationsDef>
        <OutputsDef>
            <OutputDef id="filter2.output" from="filter2.filter" passthru="true" decryptSecuredValues="false"/>
        </OutputsDef>
    </PipelineDef>
    <PipelineDef id="join2">
        <InputsDef>
            <InputDef id="join2.input.left" fromOutputId="filter.output"/>
            <InputDef id="join2.input.right" fromOutputId="filter2.output"/>
        </InputsDef>
        <OperationsDef>
            <SelectDef from="join2.input.left" id="join2.input.left.select" countOutput="true">
                <SelectFields>
                    <FieldRef>DATA_ENTITY_NAME</FieldRef>
                    <FieldRef>INGESTION_MODE</FieldRef>
                    <FieldRef>FREQ</FieldRef>
                    <FieldRef>DAYS</FieldRef>
                    <FieldRef>DATA_LOAD_TIME</FieldRef>
                    <FieldRef>IGX_SYSTEM_CREATED_TS</FieldRef>
                    <FieldRef>IGX_PROCESS_ID</FieldRef>
                    <FieldRef>IGX_WORK_ID</FieldRef>
                    <FieldRef>WEEK_PART</FieldRef>
                    <FieldRef>CUR_DATE</FieldRef>
                    <FieldRef>DAY_PART</FieldRef>
                    <FieldRef>WEEK_STAT</FieldRef>
                    <FieldDataType>STRING</FieldDataType>
                    <FieldDataType>STRING</FieldDataType>
                    <FieldDataType>STRING</FieldDataType>
                    <FieldDataType>STRING</FieldDataType>
                    <FieldDataType>STRING</FieldDataType>
                    <FieldDataType>DATETIME</FieldDataType>
                    <FieldDataType>STRING</FieldDataType>
                    <FieldDataType>STRING</FieldDataType>
                    <FieldDataType>STRING</FieldDataType>
                    <FieldDataType>DATE</FieldDataType>
                    <FieldDataType>STRING</FieldDataType>
                    <FieldDataType>BOOLEAN</FieldDataType>
                    <EncryptField>false</EncryptField>
                    <EncryptField>false</EncryptField>
                    <EncryptField>false</EncryptField>
                    <EncryptField>false</EncryptField>
                    <EncryptField>false</EncryptField>
                    <EncryptField>false</EncryptField>
                    <EncryptField>false</EncryptField>
                    <EncryptField>false</EncryptField>
                    <EncryptField>false</EncryptField>
                    <EncryptField>false</EncryptField>
                    <EncryptField>false</EncryptField>
                    <EncryptField>false</EncryptField>
                </SelectFields>
            </SelectDef>
            <SelectDef from="join2.input.right" id="join2.input.right.select" countOutput="true">
                <SelectFields>
                    <FieldRef>DATA_ENTITY_NAME</FieldRef>
                    <FieldRef>RUN_DATE</FieldRef>
                    <FieldRef>START_TS</FieldRef>
                    <FieldRef>END_TS</FieldRef>
                    <FieldRef>IGX_SYSTEM_CREATED_TS</FieldRef>
                    <FieldRef>IGX_PROCESS_ID</FieldRef>
                    <FieldRef>IGX_WORK_ID</FieldRef>
                    <FieldRef>LATEST_RUN_DATE</FieldRef>
                    <FieldRef>CURRENT_DT</FieldRef>
                    <FieldRef>C_DATE</FieldRef>
                    <FieldRef>R_DATE</FieldRef>
                    <FieldDataType>STRING</FieldDataType>
                    <FieldDataType>DATETIME</FieldDataType>
                    <FieldDataType>DATETIME</FieldDataType>
                    <FieldDataType>DATETIME</FieldDataType>
                    <FieldDataType>DATETIME</FieldDataType>
                    <FieldDataType>STRING</FieldDataType>
                    <FieldDataType>STRING</FieldDataType>
                    <FieldDataType>DATE</FieldDataType>
                    <FieldDataType>DATE</FieldDataType>
                    <FieldDataType>DATE</FieldDataType>
                    <FieldDataType>DATETIME</FieldDataType>
                    <EncryptField>false</EncryptField>
                    <EncryptField>false</EncryptField>
                    <EncryptField>false</EncryptField>
                    <EncryptField>false</EncryptField>
                    <EncryptField>false</EncryptField>
                    <EncryptField>false</EncryptField>
                    <EncryptField>false</EncryptField>
                    <EncryptField>false</EncryptField>
                    <EncryptField>false</EncryptField>
                    <EncryptField>false</EncryptField>
                    <EncryptField>false</EncryptField>
                </SelectFields>
            </SelectDef>
            <DataFrameJoinDef id="join2.join" countOutput="true">
                <SourceDef from="join2.input.left.select" joinType="Outer" fitsInMemory="false">
                    <JoinFields>
                        <FieldRef>DATA_ENTITY_NAME</FieldRef>
                        <FieldDataType>STRING</FieldDataType>
                        <EncryptField>false</EncryptField>
                    </JoinFields>
                    <InputFields>
                        <FieldRef>DATA_ENTITY_NAME</FieldRef>
                        <FieldRef>INGESTION_MODE</FieldRef>
                        <FieldRef>FREQ</FieldRef>
                        <FieldRef>DAYS</FieldRef>
                        <FieldRef>DATA_LOAD_TIME</FieldRef>
                        <FieldRef>IGX_SYSTEM_CREATED_TS</FieldRef>
                        <FieldRef>IGX_PROCESS_ID</FieldRef>
                        <FieldRef>IGX_WORK_ID</FieldRef>
                        <FieldRef>WEEK_PART</FieldRef>
                        <FieldRef>CUR_DATE</FieldRef>
                        <FieldRef>DAY_PART</FieldRef>
                        <FieldRef>WEEK_STAT</FieldRef>
                        <FieldDataType>STRING</FieldDataType>
                        <FieldDataType>STRING</FieldDataType>
                        <FieldDataType>STRING</FieldDataType>
                        <FieldDataType>STRING</FieldDataType>
                        <FieldDataType>STRING</FieldDataType>
                        <FieldDataType>DATETIME</FieldDataType>
                        <FieldDataType>STRING</FieldDataType>
                        <FieldDataType>STRING</FieldDataType>
                        <FieldDataType>STRING</FieldDataType>
                        <FieldDataType>DATE</FieldDataType>
                        <FieldDataType>STRING</FieldDataType>
                        <FieldDataType>BOOLEAN</FieldDataType>
                        <EncryptField>false</EncryptField>
                        <EncryptField>false</EncryptField>
                        <EncryptField>false</EncryptField>
                        <EncryptField>false</EncryptField>
                        <EncryptField>false</EncryptField>
                        <EncryptField>false</EncryptField>
                        <EncryptField>false</EncryptField>
                        <EncryptField>false</EncryptField>
                        <EncryptField>false</EncryptField>
                        <EncryptField>false</EncryptField>
                        <EncryptField>false</EncryptField>
                        <EncryptField>false</EncryptField>
                    </InputFields>
                    <OutputFields>
                        <FieldRef>DATA_ENTITY_NAME</FieldRef>
                        <FieldRef>INGESTION_MODE</FieldRef>
                        <FieldRef>FREQ</FieldRef>
                        <FieldRef>DAYS</FieldRef>
                        <FieldRef>DATA_LOAD_TIME</FieldRef>
                        <FieldRef>IGX_SYSTEM_CREATED_TS</FieldRef>
                        <FieldRef>IGX_PROCESS_ID</FieldRef>
                        <FieldRef>IGX_WORK_ID</FieldRef>
                        <FieldRef>fld_7071171ec2ea45f2bf08439fc9b2aa8d_join2_L</FieldRef>
                        <FieldRef>fld_cd5b7a7cf11c49f880b6395fe84e4e08_join2_L</FieldRef>
                        <FieldRef>fld_7012fc5e860c4ed9a4aa3315e71c338c_join2_L</FieldRef>
                        <FieldRef>fld_e7acaa9ff6fa446ebb8725808996ce1a_join2_L</FieldRef>
                        <FieldDataType>STRING</FieldDataType>
                        <FieldDataType>STRING</FieldDataType>
                        <FieldDataType>STRING</FieldDataType>
                        <FieldDataType>STRING</FieldDataType>
                        <FieldDataType>STRING</FieldDataType>
                        <FieldDataType>DATETIME</FieldDataType>
                        <FieldDataType>STRING</FieldDataType>
                        <FieldDataType>STRING</FieldDataType>
                        <FieldDataType>STRING</FieldDataType>
                        <FieldDataType>DATE</FieldDataType>
                        <FieldDataType>STRING</FieldDataType>
                        <FieldDataType>BOOLEAN</FieldDataType>
                        <EncryptField>false</EncryptField>
                        <EncryptField>false</EncryptField>
                        <EncryptField>false</EncryptField>
                        <EncryptField>false</EncryptField>
                        <EncryptField>false</EncryptField>
                        <EncryptField>false</EncryptField>
                        <EncryptField>false</EncryptField>
                        <EncryptField>false</EncryptField>
                        <EncryptField>false</EncryptField>
                        <EncryptField>false</EncryptField>
                        <EncryptField>false</EncryptField>
                        <EncryptField>false</EncryptField>
                    </OutputFields>
                </SourceDef>
                <SourceDef from="join2.input.right.select" joinType="Inner" fitsInMemory="false">
                    <JoinFields>
                        <FieldRef>DATA_ENTITY_NAME</FieldRef>
                        <FieldDataType>STRING</FieldDataType>
                        <EncryptField>false</EncryptField>
                    </JoinFields>
                    <InputFields>
                        <FieldRef>DATA_ENTITY_NAME</FieldRef>
                        <FieldRef>RUN_DATE</FieldRef>
                        <FieldRef>START_TS</FieldRef>
                        <FieldRef>END_TS</FieldRef>
                        <FieldRef>IGX_SYSTEM_CREATED_TS</FieldRef>
                        <FieldRef>IGX_PROCESS_ID</FieldRef>
                        <FieldRef>IGX_WORK_ID</FieldRef>
                        <FieldRef>LATEST_RUN_DATE</FieldRef>
                        <FieldRef>CURRENT_DT</FieldRef>
                        <FieldRef>C_DATE</FieldRef>
                        <FieldRef>R_DATE</FieldRef>
                        <FieldDataType>STRING</FieldDataType>
                        <FieldDataType>DATETIME</FieldDataType>
                        <FieldDataType>DATETIME</FieldDataType>
                        <FieldDataType>DATETIME</FieldDataType>
                        <FieldDataType>DATETIME</FieldDataType>
                        <FieldDataType>STRING</FieldDataType>
                        <FieldDataType>STRING</FieldDataType>
                        <FieldDataType>DATE</FieldDataType>
                        <FieldDataType>DATE</FieldDataType>
                        <FieldDataType>DATE</FieldDataType>
                        <FieldDataType>DATETIME</FieldDataType>
                        <EncryptField>false</EncryptField>
                        <EncryptField>false</EncryptField>
                        <EncryptField>false</EncryptField>
                        <EncryptField>false</EncryptField>
                        <EncryptField>false</EncryptField>
                        <EncryptField>false</EncryptField>
                        <EncryptField>false</EncryptField>
                        <EncryptField>false</EncryptField>
                        <EncryptField>false</EncryptField>
                        <EncryptField>false</EncryptField>
                        <EncryptField>false</EncryptField>
                    </InputFields>
                    <OutputFields>
                        <FieldRef>fld_b1093220770f4f3f952faba772e57e8f_join2_R</FieldRef>
                        <FieldRef>fld_3bad3bff38fd4187b155333c9dfc2a21_join2_R</FieldRef>
                        <FieldRef>fld_7f0a209f797c4d019fdea7a399425bd7_join2_R</FieldRef>
                        <FieldRef>fld_7674f7d18282470b80d75331d450e3f7_join2_R</FieldRef>
                        <FieldRef>fld_5ce019778dfc42ff99cfe70e42e26296_join2_R</FieldRef>
                        <FieldRef>fld_17ecbc4b52c348fa8442af22535e70ae_join2_R</FieldRef>
                        <FieldRef>fld_12d58b849b094d6d87a9b359cfba92f5_join2_R</FieldRef>
                        <FieldRef>LATEST_RUN_DATE</FieldRef>
                        <FieldRef>fld_d6fd7f59735a4ecea075df079b667e96_join2_R</FieldRef>
                        <FieldRef>fld_599e787c38ab463ab1cc7569c13ca8e1_join2_R</FieldRef>
                        <FieldRef>fld_8e27de66d03a493f9c675f1065a2f552_join2_R</FieldRef>
                        <FieldDataType>STRING</FieldDataType>
                        <FieldDataType>DATETIME</FieldDataType>
                        <FieldDataType>DATETIME</FieldDataType>
                        <FieldDataType>DATETIME</FieldDataType>
                        <FieldDataType>DATETIME</FieldDataType>
                        <FieldDataType>STRING</FieldDataType>
                        <FieldDataType>STRING</FieldDataType>
                        <FieldDataType>DATE</FieldDataType>
                        <FieldDataType>DATE</FieldDataType>
                        <FieldDataType>DATE</FieldDataType>
                        <FieldDataType>DATETIME</FieldDataType>
                        <EncryptField>false</EncryptField>
                        <EncryptField>false</EncryptField>
                        <EncryptField>false</EncryptField>
                        <EncryptField>false</EncryptField>
                        <EncryptField>false</EncryptField>
                        <EncryptField>false</EncryptField>
                        <EncryptField>false</EncryptField>
                        <EncryptField>false</EncryptField>
                        <EncryptField>false</EncryptField>
                        <EncryptField>false</EncryptField>
                        <EncryptField>false</EncryptField>
                    </OutputFields>
                </SourceDef>
            </DataFrameJoinDef>
            <SelectDef from="join2.join" id="join2.select" countOutput="false">
                <SelectFields>
                    <FieldRef>DATA_ENTITY_NAME</FieldRef>
                    <FieldRef>INGESTION_MODE</FieldRef>
                    <FieldRef>FREQ</FieldRef>
                    <FieldRef>DAYS</FieldRef>
                    <FieldRef>DATA_LOAD_TIME</FieldRef>
                    <FieldRef>IGX_SYSTEM_CREATED_TS</FieldRef>
                    <FieldRef>IGX_PROCESS_ID</FieldRef>
                    <FieldRef>IGX_WORK_ID</FieldRef>
                    <FieldRef>LATEST_RUN_DATE</FieldRef>
                    <FieldDataType>STRING</FieldDataType>
                    <FieldDataType>STRING</FieldDataType>
                    <FieldDataType>STRING</FieldDataType>
                    <FieldDataType>STRING</FieldDataType>
                    <FieldDataType>STRING</FieldDataType>
                    <FieldDataType>DATETIME</FieldDataType>
                    <FieldDataType>STRING</FieldDataType>
                    <FieldDataType>STRING</FieldDataType>
                    <FieldDataType>DATE</FieldDataType>
                    <EncryptField>false</EncryptField>
                    <EncryptField>false</EncryptField>
                    <EncryptField>false</EncryptField>
                    <EncryptField>false</EncryptField>
                    <EncryptField>false</EncryptField>
                    <EncryptField>false</EncryptField>
                    <EncryptField>false</EncryptField>
                    <EncryptField>false</EncryptField>
                    <EncryptField>false</EncryptField>
                </SelectFields>
            </SelectDef>
            <ComputeDef from="join2.select" id="join2.compute1" countOutput="false">
                <ComputedField>CURRENT_TIME</ComputedField>
                <ComputedFieldDataType>STRING</ComputedFieldDataType>
                <ExpressionDef lang="formula" expression="SUBSTRING(DATETIMETOSTRING(CURRENT_TIMESTAMP() ,'MM/dd/yyyy HH:mm:ss'),12,8)"/>
            </ComputeDef>
            <ComputeDef from="join2.compute1" id="join2.compute2" countOutput="false">
                <ComputedField>LATEST_RUN_TIME</ComputedField>
                <ComputedFieldDataType>STRING</ComputedFieldDataType>
                <ExpressionDef lang="formula" expression="SUBSTRING(DATETIMETOSTRING( LATEST_RUN_DATE ,'MM/dd/yyyy HH:mm:ss'),12,8)"/>
            </ComputeDef>
        </OperationsDef>
        <OutputsDef>
            <OutputDef id="join2.output" from="join2.compute2" passthru="true" decryptSecuredValues="false"/>
        </OutputsDef>
    </PipelineDef>
    <PipelineDef id="filter3">
        <InputsDef>
            <InputDef id="filter3.input" fromOutputId="join2.output"/>
        </InputsDef>
        <OperationsDef>
            <FilterDef from="filter3.input" id="filter3.filter" countOutput="true">
                <ExpressionDef lang="formula" expression="ISNULL( LATEST_RUN_DATE )"/>
            </FilterDef>
        </OperationsDef>
        <OutputsDef>
            <OutputDef id="filter3.output" from="filter3.filter" passthru="true" decryptSecuredValues="false"/>
        </OutputsDef>
    </PipelineDef>
    <PipelineDef id="sql">
        <InputsDef>
            <InputDef id="sql.input" fromOutputId="filter3.output"/>
        </InputsDef>
        <OperationsDef>
            <SqlDef id="sql.sql" countOutput="true">
                <SourceDef name="cnta" from="sql.input">
                    <InputFields>
                        <FieldRef>DATA_ENTITY_NAME</FieldRef>
                        <FieldRef>INGESTION_MODE</FieldRef>
                        <FieldRef>FREQ</FieldRef>
                        <FieldRef>DAYS</FieldRef>
                        <FieldRef>DATA_LOAD_TIME</FieldRef>
                        <FieldRef>IGX_SYSTEM_CREATED_TS</FieldRef>
                        <FieldRef>IGX_PROCESS_ID</FieldRef>
                        <FieldRef>IGX_WORK_ID</FieldRef>
                        <FieldRef>LATEST_RUN_DATE</FieldRef>
                        <FieldRef>CURRENT_TIME</FieldRef>
                        <FieldRef>LATEST_RUN_TIME</FieldRef>
                        <FieldDataType>STRING</FieldDataType>
                        <FieldDataType>STRING</FieldDataType>
                        <FieldDataType>STRING</FieldDataType>
                        <FieldDataType>STRING</FieldDataType>
                        <FieldDataType>STRING</FieldDataType>
                        <FieldDataType>DATETIME</FieldDataType>
                        <FieldDataType>STRING</FieldDataType>
                        <FieldDataType>STRING</FieldDataType>
                        <FieldDataType>DATE</FieldDataType>
                        <FieldDataType>STRING</FieldDataType>
                        <FieldDataType>STRING</FieldDataType>
                        <EncryptField>false</EncryptField>
                        <EncryptField>false</EncryptField>
                        <EncryptField>false</EncryptField>
                        <EncryptField>false</EncryptField>
                        <EncryptField>false</EncryptField>
                        <EncryptField>false</EncryptField>
                        <EncryptField>false</EncryptField>
                        <EncryptField>false</EncryptField>
                        <EncryptField>false</EncryptField>
                        <EncryptField>false</EncryptField>
                        <EncryptField>false</EncryptField>
                    </InputFields>
                </SourceDef>
                <Sql>select nvl(count(*),0) cnt_a
from cnta</Sql>
                <OutputFields>
                    <FieldRef>cnt_a</FieldRef>
                    <FieldDataType>INTEGER</FieldDataType>
                    <NestedFields xmlns:xsi="http://www.w3.org/2001/XMLSchema-instance" xsi:nil="true"/>
                    <EncryptField>false</EncryptField>
                </OutputFields>
            </SqlDef>
            <ComputeDef from="sql.sql" id="sql.compute1" countOutput="false">
                <ComputedField>DUMMY</ComputedField>
                <ComputedFieldDataType>INTEGER</ComputedFieldDataType>
                <ExpressionDef lang="formula" expression="1"/>
            </ComputeDef>
        </OperationsDef>
        <OutputsDef>
            <OutputDef id="sql.output" from="sql.compute1" passthru="true" decryptSecuredValues="false"/>
        </OutputsDef>
    </PipelineDef>
    <PipelineDef id="filter4">
        <InputsDef>
            <InputDef id="filter4.input" fromOutputId="join2.output"/>
        </InputsDef>
        <OperationsDef>
            <FilterDef from="filter4.input" id="filter4.filter" countOutput="true">
                <ExpressionDef lang="formula" expression="ISNULL( LATEST_RUN_DATE ) &amp;&amp;  INGESTION_MODE  ='L'  &amp;&amp; CURRENT_TIME &gt; DATA_LOAD_TIME"/>
            </FilterDef>
        </OperationsDef>
        <OutputsDef>
            <OutputDef id="filter4.output" from="filter4.filter" passthru="true" decryptSecuredValues="false"/>
        </OutputsDef>
    </PipelineDef>
    <PipelineDef id="sql2">
        <InputsDef>
            <InputDef id="sql2.input" fromOutputId="filter4.output"/>
        </InputsDef>
        <OperationsDef>
            <SqlDef id="sql2.sql" countOutput="true">
                <SourceDef name="cntb" from="sql2.input">
                    <InputFields>
                        <FieldRef>DATA_ENTITY_NAME</FieldRef>
                        <FieldRef>INGESTION_MODE</FieldRef>
                        <FieldRef>FREQ</FieldRef>
                        <FieldRef>DAYS</FieldRef>
                        <FieldRef>DATA_LOAD_TIME</FieldRef>
                        <FieldRef>IGX_SYSTEM_CREATED_TS</FieldRef>
                        <FieldRef>IGX_PROCESS_ID</FieldRef>
                        <FieldRef>IGX_WORK_ID</FieldRef>
                        <FieldRef>LATEST_RUN_DATE</FieldRef>
                        <FieldRef>CURRENT_TIME</FieldRef>
                        <FieldRef>LATEST_RUN_TIME</FieldRef>
                        <FieldDataType>STRING</FieldDataType>
                        <FieldDataType>STRING</FieldDataType>
                        <FieldDataType>STRING</FieldDataType>
                        <FieldDataType>STRING</FieldDataType>
                        <FieldDataType>STRING</FieldDataType>
                        <FieldDataType>DATETIME</FieldDataType>
                        <FieldDataType>STRING</FieldDataType>
                        <FieldDataType>STRING</FieldDataType>
                        <FieldDataType>DATE</FieldDataType>
                        <FieldDataType>STRING</FieldDataType>
                        <FieldDataType>STRING</FieldDataType>
                        <EncryptField>false</EncryptField>
                        <EncryptField>false</EncryptField>
                        <EncryptField>false</EncryptField>
                        <EncryptField>false</EncryptField>
                        <EncryptField>false</EncryptField>
                        <EncryptField>false</EncryptField>
                        <EncryptField>false</EncryptField>
                        <EncryptField>false</EncryptField>
                        <EncryptField>false</EncryptField>
                        <EncryptField>false</EncryptField>
                        <EncryptField>false</EncryptField>
                    </InputFields>
                </SourceDef>
                <Sql>select nvl(count(*),0) cnt_b
from cntb</Sql>
                <OutputFields>
                    <FieldRef>cnt_b</FieldRef>
                    <FieldDataType>INTEGER</FieldDataType>
                    <NestedFields xmlns:xsi="http://www.w3.org/2001/XMLSchema-instance" xsi:nil="true"/>
                    <EncryptField>false</EncryptField>
                </OutputFields>
            </SqlDef>
            <ComputeDef from="sql2.sql" id="sql2.compute1" countOutput="false">
                <ComputedField>DUMMY</ComputedField>
                <ComputedFieldDataType>INTEGER</ComputedFieldDataType>
                <ExpressionDef lang="formula" expression="1"/>
            </ComputeDef>
        </OperationsDef>
        <OutputsDef>
            <OutputDef id="sql2.output" from="sql2.compute1" passthru="true" decryptSecuredValues="false"/>
        </OutputsDef>
    </PipelineDef>
    <PipelineDef id="join3">
        <InputsDef>
            <InputDef id="join3.input.left" fromOutputId="sql.output"/>
            <InputDef id="join3.input.right" fromOutputId="sql2.output"/>
        </InputsDef>
        <OperationsDef>
            <SelectDef from="join3.input.left" id="join3.input.left.select" countOutput="true">
                <SelectFields>
                    <FieldRef>cnt_a</FieldRef>
                    <FieldRef>DUMMY</FieldRef>
                    <FieldDataType>INTEGER</FieldDataType>
                    <FieldDataType>INTEGER</FieldDataType>
                    <EncryptField>false</EncryptField>
                    <EncryptField>false</EncryptField>
                </SelectFields>
            </SelectDef>
            <SelectDef from="join3.input.right" id="join3.input.right.select" countOutput="true">
                <SelectFields>
                    <FieldRef>cnt_b</FieldRef>
                    <FieldRef>DUMMY</FieldRef>
                    <FieldDataType>INTEGER</FieldDataType>
                    <FieldDataType>INTEGER</FieldDataType>
                    <EncryptField>false</EncryptField>
                    <EncryptField>false</EncryptField>
                </SelectFields>
            </SelectDef>
            <DataFrameJoinDef id="join3.join" countOutput="true">
                <SourceDef from="join3.input.left.select" joinType="Outer" fitsInMemory="false">
                    <JoinFields>
                        <FieldRef>DUMMY</FieldRef>
                        <FieldDataType>INTEGER</FieldDataType>
                        <EncryptField>false</EncryptField>
                    </JoinFields>
                    <InputFields>
                        <FieldRef>cnt_a</FieldRef>
                        <FieldRef>DUMMY</FieldRef>
                        <FieldDataType>INTEGER</FieldDataType>
                        <FieldDataType>INTEGER</FieldDataType>
                        <EncryptField>false</EncryptField>
                        <EncryptField>false</EncryptField>
                    </InputFields>
                    <OutputFields>
                        <FieldRef>cnt_a</FieldRef>
                        <FieldRef>DUMMY</FieldRef>
                        <FieldDataType>INTEGER</FieldDataType>
                        <FieldDataType>INTEGER</FieldDataType>
                        <EncryptField>false</EncryptField>
                        <EncryptField>false</EncryptField>
                    </OutputFields>
                </SourceDef>
                <SourceDef from="join3.input.right.select" joinType="Inner" fitsInMemory="false">
                    <JoinFields>
                        <FieldRef>DUMMY</FieldRef>
                        <FieldDataType>INTEGER</FieldDataType>
                        <EncryptField>false</EncryptField>
                    </JoinFields>
                    <InputFields>
                        <FieldRef>cnt_b</FieldRef>
                        <FieldRef>DUMMY</FieldRef>
                        <FieldDataType>INTEGER</FieldDataType>
                        <FieldDataType>INTEGER</FieldDataType>
                        <EncryptField>false</EncryptField>
                        <EncryptField>false</EncryptField>
                    </InputFields>
                    <OutputFields>
                        <FieldRef>cnt_b</FieldRef>
                        <FieldRef>fld_3a4c43dbb786427b8c6fa721264fa380_join3_R</FieldRef>
                        <FieldDataType>INTEGER</FieldDataType>
                        <FieldDataType>INTEGER</FieldDataType>
                        <EncryptField>false</EncryptField>
                        <EncryptField>false</EncryptField>
                    </OutputFields>
                </SourceDef>
            </DataFrameJoinDef>
            <SelectDef from="join3.join" id="join3.select" countOutput="false">
                <SelectFields>
                    <FieldRef>cnt_a</FieldRef>
                    <FieldRef>DUMMY</FieldRef>
                    <FieldRef>cnt_b</FieldRef>
                    <FieldDataType>INTEGER</FieldDataType>
                    <FieldDataType>INTEGER</FieldDataType>
                    <FieldDataType>INTEGER</FieldDataType>
                    <EncryptField>false</EncryptField>
                    <EncryptField>false</EncryptField>
                    <EncryptField>false</EncryptField>
                </SelectFields>
            </SelectDef>
            <ComputeDef from="join3.select" id="join3.compute1" countOutput="false">
                <ComputedField>PM_SE_EXEC_FLAG</ComputedField>
                <ComputedFieldDataType>STRING</ComputedFieldDataType>
                <ExpressionDef lang="formula" expression="IF(cnt_a=0 ||  cnt_a=cnt_b,'Y','N')"/>
            </ComputeDef>
        </OperationsDef>
        <OutputsDef>
            <OutputDef id="join3.output" from="join3.compute1" passthru="true" decryptSecuredValues="false"/>
        </OutputsDef>
    </PipelineDef>
    <PipelineDef id="select">
        <InputsDef>
            <InputDef id="select.input" fromOutputId="join3.output"/>
        </InputsDef>
        <OperationsDef>
            <SelectDef from="select.input" id="select.select" countOutput="true">
                <SelectFields>
                    <FieldRef>PM_SE_EXEC_FLAG</FieldRef>
                    <FieldDataType>STRING</FieldDataType>
                    <EncryptField>false</EncryptField>
                </SelectFields>
            </SelectDef>
        </OperationsDef>
        <OutputsDef>
            <OutputDef id="select.output" from="select.select" passthru="true" decryptSecuredValues="false"/>
        </OutputsDef>
    </PipelineDef>
    <PipelineDef id="customCompletionStatus">
        <InputsDef>
            <InputDef id="customCompletionStatus.input" fromOutputId="select.output"/>
        </InputsDef>
        <OperationsDef/>
        <OutputsDef>
            <OutputDef id="customCompletionStatus.output" from="customCompletionStatus.input" passthru="false" decryptSecuredValues="false">
                <CustomCompletionStatus/>
            </OutputDef>
        </OutputsDef>
    </PipelineDef>
</ExecutionModel>
