<?xml version="1.0" encoding="UTF-8" standalone="yes"?>
<ExecutionModel xmlns="com/infogix/component/executionengine/export/fdt" id="afa31535c19d4dd7a464598a78529421_exec">
    <OptionsDef logLimit="100" cacheOperationOutput="true" cacheResourceIntensiveOperationOutput="false" countOperationOutput="true"/>
    <PipelineDef id="dataStore">
        <InputsDef>
            <InputDef id="dataStore.input">
                <DataStoreRef name="ce3f20ab8ce8480c89ca294dbae0d866" owningMemberId="1000" dataLoadRange="ALL">
                    <SourceFilter/>
                </DataStoreRef>
            </InputDef>
        </InputsDef>
        <OperationsDef>
            <SelectDef from="dataStore.input" id="dataStore.select" countOutput="false">
                <SelectFields>
                    <FieldRef>RUN_TIMESTAMP</FieldRef>
                    <FieldRef>RR_RECORD_ID</FieldRef>
                    <FieldRef>DATA_ENTITY_NAME</FieldRef>
                    <FieldRef>DATA_ENTITY_UID</FieldRef>
                    <FieldRef>DATA_ELEMENT_NAME</FieldRef>
                    <FieldRef>DATA_ELEMENT_UID</FieldRef>
                    <FieldRef>RULE_NAME</FieldRef>
                    <FieldRef>RULE_UID</FieldRef>
                    <FieldRef>ROW_COUNT</FieldRef>
                    <FieldRef>PASS_COUNT</FieldRef>
                    <FieldRef>FAIL_COUNT</FieldRef>
                    <FieldRef>SKIP_COUNT</FieldRef>
                    <FieldRef>ERROR_COUNT</FieldRef>
                    <FieldRef>SCORE</FieldRef>
                    <FieldRef>RE_WORKID</FieldRef>
                    <FieldRef>D3S_PROCESS_ID</FieldRef>
                    <FieldRef>D3S_WORK_ID</FieldRef>
                    <FieldRef>D3S_RECORD_ID</FieldRef>
                    <FieldRef>D3S_SYSTEM_CREATED_TS</FieldRef>
                    <FieldRef>D3S_USER_DEFINED_1</FieldRef>
                    <FieldRef>D3S_USER_DEFINED_2</FieldRef>
                    <FieldRef>D3S_USER_DEFINED_3</FieldRef>
                    <FieldRef>D3S_USER_DEFINED_4</FieldRef>
                    <FieldRef>D3S_USER_DEFINED_5</FieldRef>
                    <FieldRef>D3S_USER_DEFINED_6</FieldRef>
                    <FieldRef>D3S_USER_DEFINED_7</FieldRef>
                    <FieldRef>D3S_USER_DEFINED_8</FieldRef>
                    <FieldRef>D3S_USER_DEFINED_9</FieldRef>
                    <FieldRef>D3S_USER_DEFINED_10</FieldRef>
                    <FieldRef>D3S_USER_DEFINED_11</FieldRef>
                    <FieldRef>D3S_USER_DEFINED_12</FieldRef>
                    <FieldDataType>DATETIME</FieldDataType>
                    <FieldDataType>STRING</FieldDataType>
                    <FieldDataType>STRING</FieldDataType>
                    <FieldDataType>STRING</FieldDataType>
                    <FieldDataType>STRING</FieldDataType>
                    <FieldDataType>STRING</FieldDataType>
                    <FieldDataType>STRING</FieldDataType>
                    <FieldDataType>STRING</FieldDataType>
                    <FieldDataType>INTEGER</FieldDataType>
                    <FieldDataType>INTEGER</FieldDataType>
                    <FieldDataType>INTEGER</FieldDataType>
                    <FieldDataType>INTEGER</FieldDataType>
                    <FieldDataType>INTEGER</FieldDataType>
                    <FieldDataType>DECIMAL</FieldDataType>
                    <FieldDataType>STRING</FieldDataType>
                    <FieldDataType>STRING</FieldDataType>
                    <FieldDataType>STRING</FieldDataType>
                    <FieldDataType>STRING</FieldDataType>
                    <FieldDataType>DATETIME</FieldDataType>
                    <FieldDataType>BIGINTEGER</FieldDataType>
                    <FieldDataType>BIGINTEGER</FieldDataType>
                    <FieldDataType>DATE</FieldDataType>
                    <FieldDataType>DATE</FieldDataType>
                    <FieldDataType>DATETIME</FieldDataType>
                    <FieldDataType>DATETIME</FieldDataType>
                    <FieldDataType>STRING</FieldDataType>
                    <FieldDataType>STRING</FieldDataType>
                    <FieldDataType>STRING</FieldDataType>
                    <FieldDataType>STRING</FieldDataType>
                    <FieldDataType>STRING</FieldDataType>
                    <FieldDataType>STRING</FieldDataType>
                </SelectFields>
            </SelectDef>
        </OperationsDef>
        <OutputsDef>
            <OutputDef id="dataStore.output" from="dataStore.select" passthru="true" decryptSecuredValues="false"/>
        </OutputsDef>
    </PipelineDef>
    <PipelineDef id="groupBy">
        <InputsDef>
            <InputDef id="groupBy.input" fromOutputId="dataStore.output"/>
        </InputsDef>
        <OperationsDef>
            <GroupByDef from="groupBy.input" id="groupBy.groupBy" countOutput="true">
                <GroupByFields>
                    <FieldRef>DATA_ENTITY_NAME</FieldRef>
                    <FieldRef>DATA_ENTITY_UID</FieldRef>
                    <FieldDataType>STRING</FieldDataType>
                    <FieldDataType>STRING</FieldDataType>
                    <EncryptField>false</EncryptField>
                    <EncryptField>false</EncryptField>
                </GroupByFields>
                <AggregateDef name="LATEST_RUN_TS">
                    <ExpressionDef lang="formula" expression="MAX( RUN_TIMESTAMP )"/>
                </AggregateDef>
            </GroupByDef>
        </OperationsDef>
        <OutputsDef>
            <OutputDef id="groupBy.output" from="groupBy.groupBy" passthru="true" decryptSecuredValues="false"/>
        </OutputsDef>
    </PipelineDef>
    <PipelineDef id="join">
        <InputsDef>
            <InputDef id="join.input.left" fromOutputId="dataStore.output"/>
            <InputDef id="join.input.right" fromOutputId="groupBy.output"/>
        </InputsDef>
        <OperationsDef>
            <SelectDef from="join.input.left" id="join.input.left.select" countOutput="true">
                <SelectFields>
                    <FieldRef>RUN_TIMESTAMP</FieldRef>
                    <FieldRef>RR_RECORD_ID</FieldRef>
                    <FieldRef>DATA_ENTITY_NAME</FieldRef>
                    <FieldRef>DATA_ENTITY_UID</FieldRef>
                    <FieldRef>DATA_ELEMENT_NAME</FieldRef>
                    <FieldRef>DATA_ELEMENT_UID</FieldRef>
                    <FieldRef>RULE_NAME</FieldRef>
                    <FieldRef>RULE_UID</FieldRef>
                    <FieldRef>ROW_COUNT</FieldRef>
                    <FieldRef>PASS_COUNT</FieldRef>
                    <FieldRef>FAIL_COUNT</FieldRef>
                    <FieldRef>SKIP_COUNT</FieldRef>
                    <FieldRef>ERROR_COUNT</FieldRef>
                    <FieldRef>SCORE</FieldRef>
                    <FieldRef>RE_WORKID</FieldRef>
                    <FieldRef>D3S_PROCESS_ID</FieldRef>
                    <FieldRef>D3S_WORK_ID</FieldRef>
                    <FieldRef>D3S_RECORD_ID</FieldRef>
                    <FieldRef>D3S_SYSTEM_CREATED_TS</FieldRef>
                    <FieldRef>D3S_USER_DEFINED_1</FieldRef>
                    <FieldRef>D3S_USER_DEFINED_2</FieldRef>
                    <FieldRef>D3S_USER_DEFINED_3</FieldRef>
                    <FieldRef>D3S_USER_DEFINED_4</FieldRef>
                    <FieldRef>D3S_USER_DEFINED_5</FieldRef>
                    <FieldRef>D3S_USER_DEFINED_6</FieldRef>
                    <FieldRef>D3S_USER_DEFINED_7</FieldRef>
                    <FieldRef>D3S_USER_DEFINED_8</FieldRef>
                    <FieldRef>D3S_USER_DEFINED_9</FieldRef>
                    <FieldRef>D3S_USER_DEFINED_10</FieldRef>
                    <FieldRef>D3S_USER_DEFINED_11</FieldRef>
                    <FieldRef>D3S_USER_DEFINED_12</FieldRef>
                    <FieldDataType>DATETIME</FieldDataType>
                    <FieldDataType>STRING</FieldDataType>
                    <FieldDataType>STRING</FieldDataType>
                    <FieldDataType>STRING</FieldDataType>
                    <FieldDataType>STRING</FieldDataType>
                    <FieldDataType>STRING</FieldDataType>
                    <FieldDataType>STRING</FieldDataType>
                    <FieldDataType>STRING</FieldDataType>
                    <FieldDataType>INTEGER</FieldDataType>
                    <FieldDataType>INTEGER</FieldDataType>
                    <FieldDataType>INTEGER</FieldDataType>
                    <FieldDataType>INTEGER</FieldDataType>
                    <FieldDataType>INTEGER</FieldDataType>
                    <FieldDataType>DECIMAL</FieldDataType>
                    <FieldDataType>STRING</FieldDataType>
                    <FieldDataType>STRING</FieldDataType>
                    <FieldDataType>STRING</FieldDataType>
                    <FieldDataType>STRING</FieldDataType>
                    <FieldDataType>DATETIME</FieldDataType>
                    <FieldDataType>BIGINTEGER</FieldDataType>
                    <FieldDataType>BIGINTEGER</FieldDataType>
                    <FieldDataType>DATE</FieldDataType>
                    <FieldDataType>DATE</FieldDataType>
                    <FieldDataType>DATETIME</FieldDataType>
                    <FieldDataType>DATETIME</FieldDataType>
                    <FieldDataType>STRING</FieldDataType>
                    <FieldDataType>STRING</FieldDataType>
                    <FieldDataType>STRING</FieldDataType>
                    <FieldDataType>STRING</FieldDataType>
                    <FieldDataType>STRING</FieldDataType>
                    <FieldDataType>STRING</FieldDataType>
                    <EncryptField>false</EncryptField>
                    <EncryptField>false</EncryptField>
                    <EncryptField>false</EncryptField>
                    <EncryptField>false</EncryptField>
                    <EncryptField>false</EncryptField>
                    <EncryptField>false</EncryptField>
                    <EncryptField>false</EncryptField>
                    <EncryptField>false</EncryptField>
                    <EncryptField>false</EncryptField>
                    <EncryptField>false</EncryptField>
                    <EncryptField>false</EncryptField>
                    <EncryptField>false</EncryptField>
                    <EncryptField>false</EncryptField>
                    <EncryptField>false</EncryptField>
                    <EncryptField>false</EncryptField>
                    <EncryptField>false</EncryptField>
                    <EncryptField>false</EncryptField>
                    <EncryptField>false</EncryptField>
                    <EncryptField>false</EncryptField>
                    <EncryptField>false</EncryptField>
                    <EncryptField>false</EncryptField>
                    <EncryptField>false</EncryptField>
                    <EncryptField>false</EncryptField>
                    <EncryptField>false</EncryptField>
                    <EncryptField>false</EncryptField>
                    <EncryptField>false</EncryptField>
                    <EncryptField>false</EncryptField>
                    <EncryptField>false</EncryptField>
                    <EncryptField>false</EncryptField>
                    <EncryptField>false</EncryptField>
                    <EncryptField>false</EncryptField>
                </SelectFields>
            </SelectDef>
            <SelectDef from="join.input.right" id="join.input.right.select" countOutput="true">
                <SelectFields>
                    <FieldRef>DATA_ENTITY_NAME</FieldRef>
                    <FieldRef>DATA_ENTITY_UID</FieldRef>
                    <FieldRef>LATEST_RUN_TS</FieldRef>
                    <FieldDataType>STRING</FieldDataType>
                    <FieldDataType>STRING</FieldDataType>
                    <FieldDataType>DATETIME</FieldDataType>
                    <EncryptField>false</EncryptField>
                    <EncryptField>false</EncryptField>
                    <EncryptField>false</EncryptField>
                </SelectFields>
            </SelectDef>
            <DataFrameJoinDef id="join.join" countOutput="true">
                <SourceDef from="join.input.left.select" joinType="Inner" fitsInMemory="false">
                    <JoinFields>
                        <FieldRef>DATA_ENTITY_NAME</FieldRef>
                        <FieldRef>RUN_TIMESTAMP</FieldRef>
                        <FieldRef>DATA_ENTITY_UID</FieldRef>
                        <FieldDataType>STRING</FieldDataType>
                        <FieldDataType>DATETIME</FieldDataType>
                        <FieldDataType>STRING</FieldDataType>
                        <EncryptField>false</EncryptField>
                        <EncryptField>false</EncryptField>
                        <EncryptField>false</EncryptField>
                    </JoinFields>
                    <InputFields>
                        <FieldRef>RUN_TIMESTAMP</FieldRef>
                        <FieldRef>RR_RECORD_ID</FieldRef>
                        <FieldRef>DATA_ENTITY_NAME</FieldRef>
                        <FieldRef>DATA_ENTITY_UID</FieldRef>
                        <FieldRef>DATA_ELEMENT_NAME</FieldRef>
                        <FieldRef>DATA_ELEMENT_UID</FieldRef>
                        <FieldRef>RULE_NAME</FieldRef>
                        <FieldRef>RULE_UID</FieldRef>
                        <FieldRef>ROW_COUNT</FieldRef>
                        <FieldRef>PASS_COUNT</FieldRef>
                        <FieldRef>FAIL_COUNT</FieldRef>
                        <FieldRef>SKIP_COUNT</FieldRef>
                        <FieldRef>ERROR_COUNT</FieldRef>
                        <FieldRef>SCORE</FieldRef>
                        <FieldRef>RE_WORKID</FieldRef>
                        <FieldRef>D3S_PROCESS_ID</FieldRef>
                        <FieldRef>D3S_WORK_ID</FieldRef>
                        <FieldRef>D3S_RECORD_ID</FieldRef>
                        <FieldRef>D3S_SYSTEM_CREATED_TS</FieldRef>
                        <FieldRef>D3S_USER_DEFINED_1</FieldRef>
                        <FieldRef>D3S_USER_DEFINED_2</FieldRef>
                        <FieldRef>D3S_USER_DEFINED_3</FieldRef>
                        <FieldRef>D3S_USER_DEFINED_4</FieldRef>
                        <FieldRef>D3S_USER_DEFINED_5</FieldRef>
                        <FieldRef>D3S_USER_DEFINED_6</FieldRef>
                        <FieldRef>D3S_USER_DEFINED_7</FieldRef>
                        <FieldRef>D3S_USER_DEFINED_8</FieldRef>
                        <FieldRef>D3S_USER_DEFINED_9</FieldRef>
                        <FieldRef>D3S_USER_DEFINED_10</FieldRef>
                        <FieldRef>D3S_USER_DEFINED_11</FieldRef>
                        <FieldRef>D3S_USER_DEFINED_12</FieldRef>
                        <FieldDataType>DATETIME</FieldDataType>
                        <FieldDataType>STRING</FieldDataType>
                        <FieldDataType>STRING</FieldDataType>
                        <FieldDataType>STRING</FieldDataType>
                        <FieldDataType>STRING</FieldDataType>
                        <FieldDataType>STRING</FieldDataType>
                        <FieldDataType>STRING</FieldDataType>
                        <FieldDataType>STRING</FieldDataType>
                        <FieldDataType>INTEGER</FieldDataType>
                        <FieldDataType>INTEGER</FieldDataType>
                        <FieldDataType>INTEGER</FieldDataType>
                        <FieldDataType>INTEGER</FieldDataType>
                        <FieldDataType>INTEGER</FieldDataType>
                        <FieldDataType>DECIMAL</FieldDataType>
                        <FieldDataType>STRING</FieldDataType>
                        <FieldDataType>STRING</FieldDataType>
                        <FieldDataType>STRING</FieldDataType>
                        <FieldDataType>STRING</FieldDataType>
                        <FieldDataType>DATETIME</FieldDataType>
                        <FieldDataType>BIGINTEGER</FieldDataType>
                        <FieldDataType>BIGINTEGER</FieldDataType>
                        <FieldDataType>DATE</FieldDataType>
                        <FieldDataType>DATE</FieldDataType>
                        <FieldDataType>DATETIME</FieldDataType>
                        <FieldDataType>DATETIME</FieldDataType>
                        <FieldDataType>STRING</FieldDataType>
                        <FieldDataType>STRING</FieldDataType>
                        <FieldDataType>STRING</FieldDataType>
                        <FieldDataType>STRING</FieldDataType>
                        <FieldDataType>STRING</FieldDataType>
                        <FieldDataType>STRING</FieldDataType>
                        <EncryptField>false</EncryptField>
                        <EncryptField>false</EncryptField>
                        <EncryptField>false</EncryptField>
                        <EncryptField>false</EncryptField>
                        <EncryptField>false</EncryptField>
                        <EncryptField>false</EncryptField>
                        <EncryptField>false</EncryptField>
                        <EncryptField>false</EncryptField>
                        <EncryptField>false</EncryptField>
                        <EncryptField>false</EncryptField>
                        <EncryptField>false</EncryptField>
                        <EncryptField>false</EncryptField>
                        <EncryptField>false</EncryptField>
                        <EncryptField>false</EncryptField>
                        <EncryptField>false</EncryptField>
                        <EncryptField>false</EncryptField>
                        <EncryptField>false</EncryptField>
                        <EncryptField>false</EncryptField>
                        <EncryptField>false</EncryptField>
                        <EncryptField>false</EncryptField>
                        <EncryptField>false</EncryptField>
                        <EncryptField>false</EncryptField>
                        <EncryptField>false</EncryptField>
                        <EncryptField>false</EncryptField>
                        <EncryptField>false</EncryptField>
                        <EncryptField>false</EncryptField>
                        <EncryptField>false</EncryptField>
                        <EncryptField>false</EncryptField>
                        <EncryptField>false</EncryptField>
                        <EncryptField>false</EncryptField>
                        <EncryptField>false</EncryptField>
                    </InputFields>
                    <OutputFields>
                        <FieldRef>RUN_TIMESTAMP</FieldRef>
                        <FieldRef>fld_0518066646ef45cb8deda94e37074d30_join_L</FieldRef>
                        <FieldRef>DATA_ENTITY_NAME</FieldRef>
                        <FieldRef>DATA_ENTITY_UID</FieldRef>
                        <FieldRef>DATA_ELEMENT_NAME</FieldRef>
                        <FieldRef>DATA_ELEMENT_UID</FieldRef>
                        <FieldRef>RULE_NAME</FieldRef>
                        <FieldRef>RULE_UID</FieldRef>
                        <FieldRef>ROW_COUNT</FieldRef>
                        <FieldRef>PASS_COUNT</FieldRef>
                        <FieldRef>FAIL_COUNT</FieldRef>
                        <FieldRef>SKIP_COUNT</FieldRef>
                        <FieldRef>ERROR_COUNT</FieldRef>
                        <FieldRef>SCORE</FieldRef>
                        <FieldRef>fld_d0e0f615d2a944c1a60219b942850b65_join_L</FieldRef>
                        <FieldRef>D3S_PROCESS_ID</FieldRef>
                        <FieldRef>D3S_WORK_ID</FieldRef>
                        <FieldRef>D3S_RECORD_ID</FieldRef>
                        <FieldRef>D3S_SYSTEM_CREATED_TS</FieldRef>
                        <FieldRef>fld_f79991d4e6c64e9ba902490f71e1237d_join_L</FieldRef>
                        <FieldRef>fld_e460c2a0e73e496db0ee0daa22c1d91f_join_L</FieldRef>
                        <FieldRef>fld_536852a0613b47f7a49bff8dfde85c5e_join_L</FieldRef>
                        <FieldRef>fld_e7d277d26c4943e79603033f1b68dbb7_join_L</FieldRef>
                        <FieldRef>fld_206833246b2c45589daf0b8e9fa7f05e_join_L</FieldRef>
                        <FieldRef>fld_e98c20c80ae74651bb7dfd26c1efa20e_join_L</FieldRef>
                        <FieldRef>fld_19b8a33f8ab845c4925b1d96b4341bef_join_L</FieldRef>
                        <FieldRef>fld_851ea29841cf4ef2b10d7b68ce0bafaa_join_L</FieldRef>
                        <FieldRef>fld_7edeca8fec3649b6ad221bb7ad40c595_join_L</FieldRef>
                        <FieldRef>fld_b96c08e588de4fe380674b90878ca5ea_join_L</FieldRef>
                        <FieldRef>fld_85019cdef8be4a56aecb3943d94de912_join_L</FieldRef>
                        <FieldRef>fld_1a674cf4a3984424b6f9c5e85641cf4b_join_L</FieldRef>
                        <FieldDataType>DATETIME</FieldDataType>
                        <FieldDataType>STRING</FieldDataType>
                        <FieldDataType>STRING</FieldDataType>
                        <FieldDataType>STRING</FieldDataType>
                        <FieldDataType>STRING</FieldDataType>
                        <FieldDataType>STRING</FieldDataType>
                        <FieldDataType>STRING</FieldDataType>
                        <FieldDataType>STRING</FieldDataType>
                        <FieldDataType>INTEGER</FieldDataType>
                        <FieldDataType>INTEGER</FieldDataType>
                        <FieldDataType>INTEGER</FieldDataType>
                        <FieldDataType>INTEGER</FieldDataType>
                        <FieldDataType>INTEGER</FieldDataType>
                        <FieldDataType>DECIMAL</FieldDataType>
                        <FieldDataType>STRING</FieldDataType>
                        <FieldDataType>STRING</FieldDataType>
                        <FieldDataType>STRING</FieldDataType>
                        <FieldDataType>STRING</FieldDataType>
                        <FieldDataType>DATETIME</FieldDataType>
                        <FieldDataType>BIGINTEGER</FieldDataType>
                        <FieldDataType>BIGINTEGER</FieldDataType>
                        <FieldDataType>DATE</FieldDataType>
                        <FieldDataType>DATE</FieldDataType>
                        <FieldDataType>DATETIME</FieldDataType>
                        <FieldDataType>DATETIME</FieldDataType>
                        <FieldDataType>STRING</FieldDataType>
                        <FieldDataType>STRING</FieldDataType>
                        <FieldDataType>STRING</FieldDataType>
                        <FieldDataType>STRING</FieldDataType>
                        <FieldDataType>STRING</FieldDataType>
                        <FieldDataType>STRING</FieldDataType>
                        <EncryptField>false</EncryptField>
                        <EncryptField>false</EncryptField>
                        <EncryptField>false</EncryptField>
                        <EncryptField>false</EncryptField>
                        <EncryptField>false</EncryptField>
                        <EncryptField>false</EncryptField>
                        <EncryptField>false</EncryptField>
                        <EncryptField>false</EncryptField>
                        <EncryptField>false</EncryptField>
                        <EncryptField>false</EncryptField>
                        <EncryptField>false</EncryptField>
                        <EncryptField>false</EncryptField>
                        <EncryptField>false</EncryptField>
                        <EncryptField>false</EncryptField>
                        <EncryptField>false</EncryptField>
                        <EncryptField>false</EncryptField>
                        <EncryptField>false</EncryptField>
                        <EncryptField>false</EncryptField>
                        <EncryptField>false</EncryptField>
                        <EncryptField>false</EncryptField>
                        <EncryptField>false</EncryptField>
                        <EncryptField>false</EncryptField>
                        <EncryptField>false</EncryptField>
                        <EncryptField>false</EncryptField>
                        <EncryptField>false</EncryptField>
                        <EncryptField>false</EncryptField>
                        <EncryptField>false</EncryptField>
                        <EncryptField>false</EncryptField>
                        <EncryptField>false</EncryptField>
                        <EncryptField>false</EncryptField>
                        <EncryptField>false</EncryptField>
                    </OutputFields>
                </SourceDef>
                <SourceDef from="join.input.right.select" joinType="Inner" fitsInMemory="false">
                    <JoinFields>
                        <FieldRef>DATA_ENTITY_NAME</FieldRef>
                        <FieldRef>LATEST_RUN_TS</FieldRef>
                        <FieldRef>DATA_ENTITY_UID</FieldRef>
                        <FieldDataType>STRING</FieldDataType>
                        <FieldDataType>DATETIME</FieldDataType>
                        <FieldDataType>STRING</FieldDataType>
                        <EncryptField>false</EncryptField>
                        <EncryptField>false</EncryptField>
                        <EncryptField>false</EncryptField>
                    </JoinFields>
                    <InputFields>
                        <FieldRef>DATA_ENTITY_NAME</FieldRef>
                        <FieldRef>DATA_ENTITY_UID</FieldRef>
                        <FieldRef>LATEST_RUN_TS</FieldRef>
                        <FieldDataType>STRING</FieldDataType>
                        <FieldDataType>STRING</FieldDataType>
                        <FieldDataType>DATETIME</FieldDataType>
                        <EncryptField>false</EncryptField>
                        <EncryptField>false</EncryptField>
                        <EncryptField>false</EncryptField>
                    </InputFields>
                    <OutputFields>
                        <FieldRef>fld_4208db77699b410380cb8940ffc26f16_join_R</FieldRef>
                        <FieldRef>fld_8f42e06e22ed4a409dc8f9b854d0ebcc_join_R</FieldRef>
                        <FieldRef>fld_34be4897e0a44954895165f7341bf127_join_R</FieldRef>
                        <FieldDataType>STRING</FieldDataType>
                        <FieldDataType>STRING</FieldDataType>
                        <FieldDataType>DATETIME</FieldDataType>
                        <EncryptField>false</EncryptField>
                        <EncryptField>false</EncryptField>
                        <EncryptField>false</EncryptField>
                    </OutputFields>
                </SourceDef>
            </DataFrameJoinDef>
            <SelectDef from="join.join" id="join.select" countOutput="false">
                <SelectFields>
                    <FieldRef>RUN_TIMESTAMP</FieldRef>
                    <FieldRef>DATA_ENTITY_NAME</FieldRef>
                    <FieldRef>DATA_ENTITY_UID</FieldRef>
                    <FieldRef>DATA_ELEMENT_NAME</FieldRef>
                    <FieldRef>DATA_ELEMENT_UID</FieldRef>
                    <FieldRef>RULE_NAME</FieldRef>
                    <FieldRef>RULE_UID</FieldRef>
                    <FieldRef>ROW_COUNT</FieldRef>
                    <FieldRef>PASS_COUNT</FieldRef>
                    <FieldRef>FAIL_COUNT</FieldRef>
                    <FieldRef>SKIP_COUNT</FieldRef>
                    <FieldRef>ERROR_COUNT</FieldRef>
                    <FieldRef>SCORE</FieldRef>
                    <FieldRef>D3S_PROCESS_ID</FieldRef>
                    <FieldRef>D3S_WORK_ID</FieldRef>
                    <FieldRef>D3S_RECORD_ID</FieldRef>
                    <FieldRef>D3S_SYSTEM_CREATED_TS</FieldRef>
                    <FieldDataType>DATETIME</FieldDataType>
                    <FieldDataType>STRING</FieldDataType>
                    <FieldDataType>STRING</FieldDataType>
                    <FieldDataType>STRING</FieldDataType>
                    <FieldDataType>STRING</FieldDataType>
                    <FieldDataType>STRING</FieldDataType>
                    <FieldDataType>STRING</FieldDataType>
                    <FieldDataType>INTEGER</FieldDataType>
                    <FieldDataType>INTEGER</FieldDataType>
                    <FieldDataType>INTEGER</FieldDataType>
                    <FieldDataType>INTEGER</FieldDataType>
                    <FieldDataType>INTEGER</FieldDataType>
                    <FieldDataType>DECIMAL</FieldDataType>
                    <FieldDataType>STRING</FieldDataType>
                    <FieldDataType>STRING</FieldDataType>
                    <FieldDataType>STRING</FieldDataType>
                    <FieldDataType>DATETIME</FieldDataType>
                    <EncryptField>false</EncryptField>
                    <EncryptField>false</EncryptField>
                    <EncryptField>false</EncryptField>
                    <EncryptField>false</EncryptField>
                    <EncryptField>false</EncryptField>
                    <EncryptField>false</EncryptField>
                    <EncryptField>false</EncryptField>
                    <EncryptField>false</EncryptField>
                    <EncryptField>false</EncryptField>
                    <EncryptField>false</EncryptField>
                    <EncryptField>false</EncryptField>
                    <EncryptField>false</EncryptField>
                    <EncryptField>false</EncryptField>
                    <EncryptField>false</EncryptField>
                    <EncryptField>false</EncryptField>
                    <EncryptField>false</EncryptField>
                    <EncryptField>false</EncryptField>
                </SelectFields>
            </SelectDef>
        </OperationsDef>
        <OutputsDef>
            <OutputDef id="join.output" from="join.select" passthru="true" decryptSecuredValues="false"/>
        </OutputsDef>
    </PipelineDef>
    <PipelineDef id="dataStoreOutput">
        <InputsDef>
            <InputDef id="dataStoreOutput.input" fromOutputId="join.output"/>
        </InputsDef>
        <OperationsDef>
            <RenameDef from="dataStoreOutput.input" id="dataStoreOutput.rename" countOutput="false">
                <FromFields>
                    <FieldRef>RUN_TIMESTAMP</FieldRef>
                    <FieldRef>DATA_ENTITY_NAME</FieldRef>
                    <FieldRef>DATA_ENTITY_UID</FieldRef>
                    <FieldRef>DATA_ELEMENT_NAME</FieldRef>
                    <FieldRef>DATA_ELEMENT_UID</FieldRef>
                    <FieldRef>RULE_NAME</FieldRef>
                    <FieldRef>RULE_UID</FieldRef>
                    <FieldRef>ROW_COUNT</FieldRef>
                    <FieldRef>PASS_COUNT</FieldRef>
                    <FieldRef>FAIL_COUNT</FieldRef>
                    <FieldRef>SKIP_COUNT</FieldRef>
                    <FieldRef>ERROR_COUNT</FieldRef>
                    <FieldRef>SCORE</FieldRef>
                    <FieldRef>D3S_PROCESS_ID</FieldRef>
                    <FieldRef>D3S_WORK_ID</FieldRef>
                    <FieldRef>D3S_RECORD_ID</FieldRef>
                    <FieldRef>D3S_SYSTEM_CREATED_TS</FieldRef>
                </FromFields>
                <ToFields>
                    <FieldRef>RUN_TIMESTAMP</FieldRef>
                    <FieldRef>DATA_ENTITY_NAME</FieldRef>
                    <FieldRef>DATA_ENTITY_UID</FieldRef>
                    <FieldRef>DATA_ELEMENT_NAME</FieldRef>
                    <FieldRef>DATA_ELEMENT_UID</FieldRef>
                    <FieldRef>RULE_NAME</FieldRef>
                    <FieldRef>RULE_UID</FieldRef>
                    <FieldRef>ROW_COUNT</FieldRef>
                    <FieldRef>PASS_COUNT</FieldRef>
                    <FieldRef>FAIL_COUNT</FieldRef>
                    <FieldRef>SKIP_COUNT</FieldRef>
                    <FieldRef>ERROR_COUNT</FieldRef>
                    <FieldRef>SCORE</FieldRef>
                    <FieldRef>D3S_PROCESS_ID</FieldRef>
                    <FieldRef>D3S_WORK_ID</FieldRef>
                    <FieldRef>D3S_RECORD_ID</FieldRef>
                    <FieldRef>D3S_SYSTEM_CREATED_TS</FieldRef>
                </ToFields>
                <OutputFields>
                    <FieldRef>RUN_TIMESTAMP</FieldRef>
                    <FieldRef>DATA_ENTITY_NAME</FieldRef>
                    <FieldRef>DATA_ENTITY_UID</FieldRef>
                    <FieldRef>DATA_ELEMENT_NAME</FieldRef>
                    <FieldRef>DATA_ELEMENT_UID</FieldRef>
                    <FieldRef>RULE_NAME</FieldRef>
                    <FieldRef>RULE_UID</FieldRef>
                    <FieldRef>ROW_COUNT</FieldRef>
                    <FieldRef>PASS_COUNT</FieldRef>
                    <FieldRef>FAIL_COUNT</FieldRef>
                    <FieldRef>SKIP_COUNT</FieldRef>
                    <FieldRef>ERROR_COUNT</FieldRef>
                    <FieldRef>SCORE</FieldRef>
                    <FieldRef>D3S_PROCESS_ID</FieldRef>
                    <FieldRef>D3S_WORK_ID</FieldRef>
                    <FieldRef>D3S_RECORD_ID</FieldRef>
                    <FieldRef>D3S_SYSTEM_CREATED_TS</FieldRef>
                </OutputFields>
            </RenameDef>
        </OperationsDef>
        <OutputsDef>
            <OutputDef id="dataStoreOutput.output" from="dataStoreOutput.rename" passthru="false" maxNumOutputPartitions="1" decryptSecuredValues="false">
                <DataStoreRef name="db3f623da59c4939b446df81d4ee8fc0" owningMemberId="1000">
                    <FieldsToUpdate>
                        <FieldRef>RUN_TIMESTAMP</FieldRef>
                        <FieldRef>DATA_ENTITY_NAME</FieldRef>
                        <FieldRef>DATA_ENTITY_UID</FieldRef>
                        <FieldRef>DATA_ELEMENT_NAME</FieldRef>
                        <FieldRef>DATA_ELEMENT_UID</FieldRef>
                        <FieldRef>RULE_NAME</FieldRef>
                        <FieldRef>RULE_UID</FieldRef>
                        <FieldRef>ROW_COUNT</FieldRef>
                        <FieldRef>PASS_COUNT</FieldRef>
                        <FieldRef>FAIL_COUNT</FieldRef>
                        <FieldRef>SKIP_COUNT</FieldRef>
                        <FieldRef>ERROR_COUNT</FieldRef>
                        <FieldRef>SCORE</FieldRef>
                        <FieldRef>D3S_PROCESS_ID</FieldRef>
                        <FieldRef>D3S_WORK_ID</FieldRef>
                        <FieldRef>D3S_RECORD_ID</FieldRef>
                        <FieldRef>D3S_SYSTEM_CREATED_TS</FieldRef>
                        <FieldDataType>DATETIME</FieldDataType>
                        <FieldDataType>STRING</FieldDataType>
                        <FieldDataType>STRING</FieldDataType>
                        <FieldDataType>STRING</FieldDataType>
                        <FieldDataType>STRING</FieldDataType>
                        <FieldDataType>STRING</FieldDataType>
                        <FieldDataType>STRING</FieldDataType>
                        <FieldDataType>INTEGER</FieldDataType>
                        <FieldDataType>INTEGER</FieldDataType>
                        <FieldDataType>INTEGER</FieldDataType>
                        <FieldDataType>INTEGER</FieldDataType>
                        <FieldDataType>INTEGER</FieldDataType>
                        <FieldDataType>DECIMAL</FieldDataType>
                        <FieldDataType>STRING</FieldDataType>
                        <FieldDataType>STRING</FieldDataType>
                        <FieldDataType>STRING</FieldDataType>
                        <FieldDataType>DATETIME</FieldDataType>
                    </FieldsToUpdate>
                </DataStoreRef>
                <PartitionByFields/>
            </OutputDef>
        </OutputsDef>
    </PipelineDef>
</ExecutionModel>
