<?xml version="1.0" encoding="UTF-8" standalone="yes"?>
<ExecutionModel xmlns="com/infogix/component/executionengine/export/fdt" id="767c1d77dfdc4741887a0be15a41030a_exec">
    <OptionsDef logLimit="100" cacheOperationOutput="true" cacheResourceIntensiveOperationOutput="false" countOperationOutput="true"/>
    <PipelineDef id="dataStore">
        <InputsDef>
            <InputDef id="dataStore.input">
                <DataStoreRef name="e2b8e578e2e849739d137687a43a6be9" owningMemberId="1000" dataLoadRange="ALL">
                    <SourceFilter/>
                </DataStoreRef>
            </InputDef>
        </InputsDef>
        <OperationsDef>
            <SelectDef from="dataStore.input" id="dataStore.select" countOutput="false">
                <SelectFields>
                    <FieldRef>DATA_ENTITY_NAME</FieldRef>
                    <FieldRef>INGESTION_MODE</FieldRef>
                    <FieldRef>FREQ</FieldRef>
                    <FieldRef>DAYS</FieldRef>
                    <FieldRef>DATA_LOAD_TIME</FieldRef>
                    <FieldRef>IGX_SYSTEM_CREATED_TS</FieldRef>
                    <FieldRef>IGX_PROCESS_ID</FieldRef>
                    <FieldRef>IGX_WORK_ID</FieldRef>
                    <FieldDataType>STRING</FieldDataType>
                    <FieldDataType>STRING</FieldDataType>
                    <FieldDataType>STRING</FieldDataType>
                    <FieldDataType>STRING</FieldDataType>
                    <FieldDataType>STRING</FieldDataType>
                    <FieldDataType>DATETIME</FieldDataType>
                    <FieldDataType>STRING</FieldDataType>
                    <FieldDataType>STRING</FieldDataType>
                </SelectFields>
            </SelectDef>
            <ComputeDef from="dataStore.select" id="dataStore.compute1" countOutput="false">
                <ComputedField>WEEK_PART</ComputedField>
                <ComputedFieldDataType>STRING</ComputedFieldDataType>
                <ExpressionDef lang="formula" expression="CONCATENATE(',',DAY(CURRENT_TIMESTAMP()),',')"/>
            </ComputeDef>
            <ComputeDef from="dataStore.compute1" id="dataStore.compute2" countOutput="false">
                <ComputedField>CUR_DATE</ComputedField>
                <ComputedFieldDataType>DATE</ComputedFieldDataType>
                <ExpressionDef lang="formula" expression="CURRENT_TIMESTAMP()"/>
            </ComputeDef>
            <ComputeDef from="dataStore.compute2" id="dataStore.compute3" countOutput="false">
                <ComputedField>DAY_PART</ComputedField>
                <ComputedFieldDataType>STRING</ComputedFieldDataType>
                <ExpressionDef lang="formula" expression="CONCATENATE(',',DATEPART('day',CUR_DATE),',')"/>
            </ComputeDef>
            <ComputeDef from="dataStore.compute3" id="dataStore.compute4" countOutput="false">
                <ComputedField>WEEK_STAT</ComputedField>
                <ComputedFieldDataType>BOOLEAN</ComputedFieldDataType>
                <ExpressionDef lang="formula" expression="CONTAINS(CONCATENATE(DAYS,','),CONCATENATE(WEEK_PART,','))"/>
            </ComputeDef>
        </OperationsDef>
        <OutputsDef>
            <OutputDef id="dataStore.output" from="dataStore.compute4" passthru="true" decryptSecuredValues="false"/>
        </OutputsDef>
    </PipelineDef>
    <PipelineDef id="filter">
        <InputsDef>
            <InputDef id="filter.input" fromOutputId="dataStore.output"/>
        </InputsDef>
        <OperationsDef>
            <FilterDef from="filter.input" id="filter.filter" countOutput="true">
                <ExpressionDef lang="formula" expression="FREQ='D' || ( FREQ='W' &amp;&amp;  CONTAINS(CONCATENATE(',',DAYS,','),WEEK_PART)) ||  ( FREQ='M' &amp;&amp;  CONTAINS(CONCATENATE(',',DAYS,','),DAY_PART))"/>
            </FilterDef>
        </OperationsDef>
        <OutputsDef>
            <OutputDef id="filter.output" from="filter.filter" passthru="true" decryptSecuredValues="false"/>
        </OutputsDef>
    </PipelineDef>
    <PipelineDef id="dataStore2">
        <InputsDef>
            <InputDef id="dataStore2.input">
                <DataStoreRef name="cc64c8c2de264db0bbcd9e3354f9ec55" owningMemberId="1000" dataLoadRange="ALL">
                    <SourceFilter/>
                </DataStoreRef>
            </InputDef>
        </InputsDef>
        <OperationsDef>
            <SelectDef from="dataStore2.input" id="dataStore2.select" countOutput="false">
                <SelectFields>
                    <FieldRef>DATA_ENTITY_NAME</FieldRef>
                    <FieldRef>RUN_DATE</FieldRef>
                    <FieldRef>START_TS</FieldRef>
                    <FieldRef>END_TS</FieldRef>
                    <FieldRef>IGX_SYSTEM_CREATED_TS</FieldRef>
                    <FieldRef>IGX_PROCESS_ID</FieldRef>
                    <FieldRef>IGX_WORK_ID</FieldRef>
                    <FieldDataType>STRING</FieldDataType>
                    <FieldDataType>DATETIME</FieldDataType>
                    <FieldDataType>DATETIME</FieldDataType>
                    <FieldDataType>DATETIME</FieldDataType>
                    <FieldDataType>DATETIME</FieldDataType>
                    <FieldDataType>STRING</FieldDataType>
                    <FieldDataType>STRING</FieldDataType>
                </SelectFields>
            </SelectDef>
        </OperationsDef>
        <OutputsDef>
            <OutputDef id="dataStore2.output" from="dataStore2.select" passthru="true" decryptSecuredValues="false"/>
        </OutputsDef>
    </PipelineDef>
    <PipelineDef id="groupBy">
        <InputsDef>
            <InputDef id="groupBy.input" fromOutputId="dataStore2.output"/>
        </InputsDef>
        <OperationsDef>
            <GroupByDef from="groupBy.input" id="groupBy.groupBy" countOutput="true">
                <GroupByFields>
                    <FieldRef>DATA_ENTITY_NAME</FieldRef>
                    <FieldDataType>STRING</FieldDataType>
                    <EncryptField>false</EncryptField>
                </GroupByFields>
                <AggregateDef name="MAX_RUN_DATE">
                    <ExpressionDef lang="formula" expression="MAX(RUN_DATE)"/>
                </AggregateDef>
            </GroupByDef>
        </OperationsDef>
        <OutputsDef>
            <OutputDef id="groupBy.output" from="groupBy.groupBy" passthru="true" decryptSecuredValues="false"/>
        </OutputsDef>
    </PipelineDef>
    <PipelineDef id="join">
        <InputsDef>
            <InputDef id="join.input.left" fromOutputId="dataStore2.output"/>
            <InputDef id="join.input.right" fromOutputId="groupBy.output"/>
        </InputsDef>
        <OperationsDef>
            <SelectDef from="join.input.left" id="join.input.left.select" countOutput="true">
                <SelectFields>
                    <FieldRef>DATA_ENTITY_NAME</FieldRef>
                    <FieldRef>RUN_DATE</FieldRef>
                    <FieldRef>START_TS</FieldRef>
                    <FieldRef>END_TS</FieldRef>
                    <FieldRef>IGX_SYSTEM_CREATED_TS</FieldRef>
                    <FieldRef>IGX_PROCESS_ID</FieldRef>
                    <FieldRef>IGX_WORK_ID</FieldRef>
                    <FieldDataType>STRING</FieldDataType>
                    <FieldDataType>DATETIME</FieldDataType>
                    <FieldDataType>DATETIME</FieldDataType>
                    <FieldDataType>DATETIME</FieldDataType>
                    <FieldDataType>DATETIME</FieldDataType>
                    <FieldDataType>STRING</FieldDataType>
                    <FieldDataType>STRING</FieldDataType>
                    <EncryptField>false</EncryptField>
                    <EncryptField>false</EncryptField>
                    <EncryptField>false</EncryptField>
                    <EncryptField>false</EncryptField>
                    <EncryptField>false</EncryptField>
                    <EncryptField>false</EncryptField>
                    <EncryptField>false</EncryptField>
                </SelectFields>
            </SelectDef>
            <SelectDef from="join.input.right" id="join.input.right.select" countOutput="true">
                <SelectFields>
                    <FieldRef>DATA_ENTITY_NAME</FieldRef>
                    <FieldRef>MAX_RUN_DATE</FieldRef>
                    <FieldDataType>STRING</FieldDataType>
                    <FieldDataType>DATETIME</FieldDataType>
                    <EncryptField>false</EncryptField>
                    <EncryptField>false</EncryptField>
                </SelectFields>
            </SelectDef>
            <DataFrameJoinDef id="join.join" countOutput="true">
                <SourceDef from="join.input.left.select" joinType="Inner" fitsInMemory="false">
                    <JoinFields>
                        <FieldRef>DATA_ENTITY_NAME</FieldRef>
                        <FieldRef>RUN_DATE</FieldRef>
                        <FieldDataType>STRING</FieldDataType>
                        <FieldDataType>DATETIME</FieldDataType>
                        <EncryptField>false</EncryptField>
                        <EncryptField>false</EncryptField>
                    </JoinFields>
                    <InputFields>
                        <FieldRef>DATA_ENTITY_NAME</FieldRef>
                        <FieldRef>RUN_DATE</FieldRef>
                        <FieldRef>START_TS</FieldRef>
                        <FieldRef>END_TS</FieldRef>
                        <FieldRef>IGX_SYSTEM_CREATED_TS</FieldRef>
                        <FieldRef>IGX_PROCESS_ID</FieldRef>
                        <FieldRef>IGX_WORK_ID</FieldRef>
                        <FieldDataType>STRING</FieldDataType>
                        <FieldDataType>DATETIME</FieldDataType>
                        <FieldDataType>DATETIME</FieldDataType>
                        <FieldDataType>DATETIME</FieldDataType>
                        <FieldDataType>DATETIME</FieldDataType>
                        <FieldDataType>STRING</FieldDataType>
                        <FieldDataType>STRING</FieldDataType>
                        <EncryptField>false</EncryptField>
                        <EncryptField>false</EncryptField>
                        <EncryptField>false</EncryptField>
                        <EncryptField>false</EncryptField>
                        <EncryptField>false</EncryptField>
                        <EncryptField>false</EncryptField>
                        <EncryptField>false</EncryptField>
                    </InputFields>
                    <OutputFields>
                        <FieldRef>DATA_ENTITY_NAME</FieldRef>
                        <FieldRef>RUN_DATE</FieldRef>
                        <FieldRef>START_TS</FieldRef>
                        <FieldRef>END_TS</FieldRef>
                        <FieldRef>IGX_SYSTEM_CREATED_TS</FieldRef>
                        <FieldRef>IGX_PROCESS_ID</FieldRef>
                        <FieldRef>IGX_WORK_ID</FieldRef>
                        <FieldDataType>STRING</FieldDataType>
                        <FieldDataType>DATETIME</FieldDataType>
                        <FieldDataType>DATETIME</FieldDataType>
                        <FieldDataType>DATETIME</FieldDataType>
                        <FieldDataType>DATETIME</FieldDataType>
                        <FieldDataType>STRING</FieldDataType>
                        <FieldDataType>STRING</FieldDataType>
                        <EncryptField>false</EncryptField>
                        <EncryptField>false</EncryptField>
                        <EncryptField>false</EncryptField>
                        <EncryptField>false</EncryptField>
                        <EncryptField>false</EncryptField>
                        <EncryptField>false</EncryptField>
                        <EncryptField>false</EncryptField>
                    </OutputFields>
                </SourceDef>
                <SourceDef from="join.input.right.select" joinType="Inner" fitsInMemory="false">
                    <JoinFields>
                        <FieldRef>DATA_ENTITY_NAME</FieldRef>
                        <FieldRef>MAX_RUN_DATE</FieldRef>
                        <FieldDataType>STRING</FieldDataType>
                        <FieldDataType>DATETIME</FieldDataType>
                        <EncryptField>false</EncryptField>
                        <EncryptField>false</EncryptField>
                    </JoinFields>
                    <InputFields>
                        <FieldRef>DATA_ENTITY_NAME</FieldRef>
                        <FieldRef>MAX_RUN_DATE</FieldRef>
                        <FieldDataType>STRING</FieldDataType>
                        <FieldDataType>DATETIME</FieldDataType>
                        <EncryptField>false</EncryptField>
                        <EncryptField>false</EncryptField>
                    </InputFields>
                    <OutputFields>
                        <FieldRef>fld_b1093220770f4f3f952faba772e57e8f_join_R</FieldRef>
                        <FieldRef>fld_1258114070514c8b82e8e78304a1c89d_join_R</FieldRef>
                        <FieldDataType>STRING</FieldDataType>
                        <FieldDataType>DATETIME</FieldDataType>
                        <EncryptField>false</EncryptField>
                        <EncryptField>false</EncryptField>
                    </OutputFields>
                </SourceDef>
            </DataFrameJoinDef>
            <SelectDef from="join.join" id="join.select" countOutput="false">
                <SelectFields>
                    <FieldRef>DATA_ENTITY_NAME</FieldRef>
                    <FieldRef>RUN_DATE</FieldRef>
                    <FieldRef>START_TS</FieldRef>
                    <FieldRef>END_TS</FieldRef>
                    <FieldRef>IGX_SYSTEM_CREATED_TS</FieldRef>
                    <FieldRef>IGX_PROCESS_ID</FieldRef>
                    <FieldRef>IGX_WORK_ID</FieldRef>
                    <FieldDataType>STRING</FieldDataType>
                    <FieldDataType>DATETIME</FieldDataType>
                    <FieldDataType>DATETIME</FieldDataType>
                    <FieldDataType>DATETIME</FieldDataType>
                    <FieldDataType>DATETIME</FieldDataType>
                    <FieldDataType>STRING</FieldDataType>
                    <FieldDataType>STRING</FieldDataType>
                    <EncryptField>false</EncryptField>
                    <EncryptField>false</EncryptField>
                    <EncryptField>false</EncryptField>
                    <EncryptField>false</EncryptField>
                    <EncryptField>false</EncryptField>
                    <EncryptField>false</EncryptField>
                    <EncryptField>false</EncryptField>
                </SelectFields>
            </SelectDef>
            <ComputeDef from="join.select" id="join.compute1" countOutput="false">
                <ComputedField>LATEST_RUN_DATE</ComputedField>
                <ComputedFieldDataType>DATE</ComputedFieldDataType>
                <ExpressionDef lang="formula" expression="RUN_DATE"/>
            </ComputeDef>
            <ComputeDef from="join.compute1" id="join.compute2" countOutput="false">
                <ComputedField>CURRENT_DT</ComputedField>
                <ComputedFieldDataType>DATE</ComputedFieldDataType>
                <ExpressionDef lang="formula" expression="CURRENT_TIMESTAMP()"/>
            </ComputeDef>
            <ComputeDef from="join.compute2" id="join.compute3" countOutput="false">
                <ComputedField>C_DATE</ComputedField>
                <ComputedFieldDataType>DATE</ComputedFieldDataType>
                <ExpressionDef lang="formula" expression="DATE( YEAR( CURRENT_TIMESTAMP() ), MONTH( CURRENT_TIMESTAMP() ), DATEPART( 'day', CURRENT_TIMESTAMP() ) )"/>
            </ComputeDef>
            <ComputeDef from="join.compute3" id="join.compute4" countOutput="false">
                <ComputedField>R_DATE</ComputedField>
                <ComputedFieldDataType>DATE</ComputedFieldDataType>
                <ExpressionDef lang="formula" expression="DATE( YEAR( LATEST_RUN_DATE ), MONTH( LATEST_RUN_DATE  ), DATEPART( 'day', LATEST_RUN_DATE  ) )"/>
            </ComputeDef>
        </OperationsDef>
        <OutputsDef>
            <OutputDef id="join.output" from="join.compute4" passthru="true" decryptSecuredValues="false"/>
        </OutputsDef>
    </PipelineDef>
    <PipelineDef id="filter2">
        <InputsDef>
            <InputDef id="filter2.input" fromOutputId="join.output"/>
        </InputsDef>
        <OperationsDef>
            <FilterDef from="filter2.input" id="filter2.filter" countOutput="true">
                <ExpressionDef lang="formula" expression="C_DATE=R_DATE"/>
            </FilterDef>
        </OperationsDef>
        <OutputsDef>
            <OutputDef id="filter2.output" from="filter2.filter" passthru="true" decryptSecuredValues="false"/>
        </OutputsDef>
    </PipelineDef>
    <PipelineDef id="join2">
        <InputsDef>
            <InputDef id="join2.input.left" fromOutputId="filter.output"/>
            <InputDef id="join2.input.right" fromOutputId="filter2.output"/>
        </InputsDef>
        <OperationsDef>
            <SelectDef from="join2.input.left" id="join2.input.left.select" countOutput="true">
                <SelectFields>
                    <FieldRef>DATA_ENTITY_NAME</FieldRef>
                    <FieldRef>INGESTION_MODE</FieldRef>
                    <FieldRef>FREQ</FieldRef>
                    <FieldRef>DAYS</FieldRef>
                    <FieldRef>DATA_LOAD_TIME</FieldRef>
                    <FieldRef>IGX_SYSTEM_CREATED_TS</FieldRef>
                    <FieldRef>IGX_PROCESS_ID</FieldRef>
                    <FieldRef>IGX_WORK_ID</FieldRef>
                    <FieldRef>WEEK_PART</FieldRef>
                    <FieldRef>CUR_DATE</FieldRef>
                    <FieldRef>DAY_PART</FieldRef>
                    <FieldRef>WEEK_STAT</FieldRef>
                    <FieldDataType>STRING</FieldDataType>
                    <FieldDataType>STRING</FieldDataType>
                    <FieldDataType>STRING</FieldDataType>
                    <FieldDataType>STRING</FieldDataType>
                    <FieldDataType>STRING</FieldDataType>
                    <FieldDataType>DATETIME</FieldDataType>
                    <FieldDataType>STRING</FieldDataType>
                    <FieldDataType>STRING</FieldDataType>
                    <FieldDataType>STRING</FieldDataType>
                    <FieldDataType>DATE</FieldDataType>
                    <FieldDataType>STRING</FieldDataType>
                    <FieldDataType>BOOLEAN</FieldDataType>
                    <EncryptField>false</EncryptField>
                    <EncryptField>false</EncryptField>
                    <EncryptField>false</EncryptField>
                    <EncryptField>false</EncryptField>
                    <EncryptField>false</EncryptField>
                    <EncryptField>false</EncryptField>
                    <EncryptField>false</EncryptField>
                    <EncryptField>false</EncryptField>
                    <EncryptField>false</EncryptField>
                    <EncryptField>false</EncryptField>
                    <EncryptField>false</EncryptField>
                    <EncryptField>false</EncryptField>
                </SelectFields>
            </SelectDef>
            <SelectDef from="join2.input.right" id="join2.input.right.select" countOutput="true">
                <SelectFields>
                    <FieldRef>DATA_ENTITY_NAME</FieldRef>
                    <FieldRef>RUN_DATE</FieldRef>
                    <FieldRef>START_TS</FieldRef>
                    <FieldRef>END_TS</FieldRef>
                    <FieldRef>IGX_SYSTEM_CREATED_TS</FieldRef>
                    <FieldRef>IGX_PROCESS_ID</FieldRef>
                    <FieldRef>IGX_WORK_ID</FieldRef>
                    <FieldRef>LATEST_RUN_DATE</FieldRef>
                    <FieldRef>CURRENT_DT</FieldRef>
                    <FieldRef>C_DATE</FieldRef>
                    <FieldRef>R_DATE</FieldRef>
                    <FieldDataType>STRING</FieldDataType>
                    <FieldDataType>DATETIME</FieldDataType>
                    <FieldDataType>DATETIME</FieldDataType>
                    <FieldDataType>DATETIME</FieldDataType>
                    <FieldDataType>DATETIME</FieldDataType>
                    <FieldDataType>STRING</FieldDataType>
                    <FieldDataType>STRING</FieldDataType>
                    <FieldDataType>DATE</FieldDataType>
                    <FieldDataType>DATE</FieldDataType>
                    <FieldDataType>DATE</FieldDataType>
                    <FieldDataType>DATE</FieldDataType>
                    <EncryptField>false</EncryptField>
                    <EncryptField>false</EncryptField>
                    <EncryptField>false</EncryptField>
                    <EncryptField>false</EncryptField>
                    <EncryptField>false</EncryptField>
                    <EncryptField>false</EncryptField>
                    <EncryptField>false</EncryptField>
                    <EncryptField>false</EncryptField>
                    <EncryptField>false</EncryptField>
                    <EncryptField>false</EncryptField>
                    <EncryptField>false</EncryptField>
                </SelectFields>
            </SelectDef>
            <DataFrameJoinDef id="join2.join" countOutput="true">
                <SourceDef from="join2.input.left.select" joinType="Outer" fitsInMemory="false">
                    <JoinFields>
                        <FieldRef>DATA_ENTITY_NAME</FieldRef>
                        <FieldDataType>STRING</FieldDataType>
                        <EncryptField>false</EncryptField>
                    </JoinFields>
                    <InputFields>
                        <FieldRef>DATA_ENTITY_NAME</FieldRef>
                        <FieldRef>INGESTION_MODE</FieldRef>
                        <FieldRef>FREQ</FieldRef>
                        <FieldRef>DAYS</FieldRef>
                        <FieldRef>DATA_LOAD_TIME</FieldRef>
                        <FieldRef>IGX_SYSTEM_CREATED_TS</FieldRef>
                        <FieldRef>IGX_PROCESS_ID</FieldRef>
                        <FieldRef>IGX_WORK_ID</FieldRef>
                        <FieldRef>WEEK_PART</FieldRef>
                        <FieldRef>CUR_DATE</FieldRef>
                        <FieldRef>DAY_PART</FieldRef>
                        <FieldRef>WEEK_STAT</FieldRef>
                        <FieldDataType>STRING</FieldDataType>
                        <FieldDataType>STRING</FieldDataType>
                        <FieldDataType>STRING</FieldDataType>
                        <FieldDataType>STRING</FieldDataType>
                        <FieldDataType>STRING</FieldDataType>
                        <FieldDataType>DATETIME</FieldDataType>
                        <FieldDataType>STRING</FieldDataType>
                        <FieldDataType>STRING</FieldDataType>
                        <FieldDataType>STRING</FieldDataType>
                        <FieldDataType>DATE</FieldDataType>
                        <FieldDataType>STRING</FieldDataType>
                        <FieldDataType>BOOLEAN</FieldDataType>
                        <EncryptField>false</EncryptField>
                        <EncryptField>false</EncryptField>
                        <EncryptField>false</EncryptField>
                        <EncryptField>false</EncryptField>
                        <EncryptField>false</EncryptField>
                        <EncryptField>false</EncryptField>
                        <EncryptField>false</EncryptField>
                        <EncryptField>false</EncryptField>
                        <EncryptField>false</EncryptField>
                        <EncryptField>false</EncryptField>
                        <EncryptField>false</EncryptField>
                        <EncryptField>false</EncryptField>
                    </InputFields>
                    <OutputFields>
                        <FieldRef>DATA_ENTITY_NAME</FieldRef>
                        <FieldRef>INGESTION_MODE</FieldRef>
                        <FieldRef>FREQ</FieldRef>
                        <FieldRef>DAYS</FieldRef>
                        <FieldRef>DATA_LOAD_TIME</FieldRef>
                        <FieldRef>IGX_SYSTEM_CREATED_TS</FieldRef>
                        <FieldRef>IGX_PROCESS_ID</FieldRef>
                        <FieldRef>IGX_WORK_ID</FieldRef>
                        <FieldRef>fld_7071171ec2ea45f2bf08439fc9b2aa8d_join2_L</FieldRef>
                        <FieldRef>fld_cd5b7a7cf11c49f880b6395fe84e4e08_join2_L</FieldRef>
                        <FieldRef>fld_7012fc5e860c4ed9a4aa3315e71c338c_join2_L</FieldRef>
                        <FieldRef>fld_e7acaa9ff6fa446ebb8725808996ce1a_join2_L</FieldRef>
                        <FieldDataType>STRING</FieldDataType>
                        <FieldDataType>STRING</FieldDataType>
                        <FieldDataType>STRING</FieldDataType>
                        <FieldDataType>STRING</FieldDataType>
                        <FieldDataType>STRING</FieldDataType>
                        <FieldDataType>DATETIME</FieldDataType>
                        <FieldDataType>STRING</FieldDataType>
                        <FieldDataType>STRING</FieldDataType>
                        <FieldDataType>STRING</FieldDataType>
                        <FieldDataType>DATE</FieldDataType>
                        <FieldDataType>STRING</FieldDataType>
                        <FieldDataType>BOOLEAN</FieldDataType>
                        <EncryptField>false</EncryptField>
                        <EncryptField>false</EncryptField>
                        <EncryptField>false</EncryptField>
                        <EncryptField>false</EncryptField>
                        <EncryptField>false</EncryptField>
                        <EncryptField>false</EncryptField>
                        <EncryptField>false</EncryptField>
                        <EncryptField>false</EncryptField>
                        <EncryptField>false</EncryptField>
                        <EncryptField>false</EncryptField>
                        <EncryptField>false</EncryptField>
                        <EncryptField>false</EncryptField>
                    </OutputFields>
                </SourceDef>
                <SourceDef from="join2.input.right.select" joinType="Inner" fitsInMemory="false">
                    <JoinFields>
                        <FieldRef>DATA_ENTITY_NAME</FieldRef>
                        <FieldDataType>STRING</FieldDataType>
                        <EncryptField>false</EncryptField>
                    </JoinFields>
                    <InputFields>
                        <FieldRef>DATA_ENTITY_NAME</FieldRef>
                        <FieldRef>RUN_DATE</FieldRef>
                        <FieldRef>START_TS</FieldRef>
                        <FieldRef>END_TS</FieldRef>
                        <FieldRef>IGX_SYSTEM_CREATED_TS</FieldRef>
                        <FieldRef>IGX_PROCESS_ID</FieldRef>
                        <FieldRef>IGX_WORK_ID</FieldRef>
                        <FieldRef>LATEST_RUN_DATE</FieldRef>
                        <FieldRef>CURRENT_DT</FieldRef>
                        <FieldRef>C_DATE</FieldRef>
                        <FieldRef>R_DATE</FieldRef>
                        <FieldDataType>STRING</FieldDataType>
                        <FieldDataType>DATETIME</FieldDataType>
                        <FieldDataType>DATETIME</FieldDataType>
                        <FieldDataType>DATETIME</FieldDataType>
                        <FieldDataType>DATETIME</FieldDataType>
                        <FieldDataType>STRING</FieldDataType>
                        <FieldDataType>STRING</FieldDataType>
                        <FieldDataType>DATE</FieldDataType>
                        <FieldDataType>DATE</FieldDataType>
                        <FieldDataType>DATE</FieldDataType>
                        <FieldDataType>DATE</FieldDataType>
                        <EncryptField>false</EncryptField>
                        <EncryptField>false</EncryptField>
                        <EncryptField>false</EncryptField>
                        <EncryptField>false</EncryptField>
                        <EncryptField>false</EncryptField>
                        <EncryptField>false</EncryptField>
                        <EncryptField>false</EncryptField>
                        <EncryptField>false</EncryptField>
                        <EncryptField>false</EncryptField>
                        <EncryptField>false</EncryptField>
                        <EncryptField>false</EncryptField>
                    </InputFields>
                    <OutputFields>
                        <FieldRef>fld_b1093220770f4f3f952faba772e57e8f_join2_R</FieldRef>
                        <FieldRef>fld_3bad3bff38fd4187b155333c9dfc2a21_join2_R</FieldRef>
                        <FieldRef>fld_7f0a209f797c4d019fdea7a399425bd7_join2_R</FieldRef>
                        <FieldRef>fld_7674f7d18282470b80d75331d450e3f7_join2_R</FieldRef>
                        <FieldRef>fld_5ce019778dfc42ff99cfe70e42e26296_join2_R</FieldRef>
                        <FieldRef>fld_17ecbc4b52c348fa8442af22535e70ae_join2_R</FieldRef>
                        <FieldRef>fld_12d58b849b094d6d87a9b359cfba92f5_join2_R</FieldRef>
                        <FieldRef>LATEST_RUN_DATE</FieldRef>
                        <FieldRef>fld_d6fd7f59735a4ecea075df079b667e96_join2_R</FieldRef>
                        <FieldRef>fld_7d3777d83a374770b0102fc5b0796a7e_join2_R</FieldRef>
                        <FieldRef>fld_d19a652b536446afa8c615df2471d018_join2_R</FieldRef>
                        <FieldDataType>STRING</FieldDataType>
                        <FieldDataType>DATETIME</FieldDataType>
                        <FieldDataType>DATETIME</FieldDataType>
                        <FieldDataType>DATETIME</FieldDataType>
                        <FieldDataType>DATETIME</FieldDataType>
                        <FieldDataType>STRING</FieldDataType>
                        <FieldDataType>STRING</FieldDataType>
                        <FieldDataType>DATE</FieldDataType>
                        <FieldDataType>DATE</FieldDataType>
                        <FieldDataType>DATE</FieldDataType>
                        <FieldDataType>DATE</FieldDataType>
                        <EncryptField>false</EncryptField>
                        <EncryptField>false</EncryptField>
                        <EncryptField>false</EncryptField>
                        <EncryptField>false</EncryptField>
                        <EncryptField>false</EncryptField>
                        <EncryptField>false</EncryptField>
                        <EncryptField>false</EncryptField>
                        <EncryptField>false</EncryptField>
                        <EncryptField>false</EncryptField>
                        <EncryptField>false</EncryptField>
                        <EncryptField>false</EncryptField>
                    </OutputFields>
                </SourceDef>
            </DataFrameJoinDef>
            <SelectDef from="join2.join" id="join2.select" countOutput="false">
                <SelectFields>
                    <FieldRef>DATA_ENTITY_NAME</FieldRef>
                    <FieldRef>INGESTION_MODE</FieldRef>
                    <FieldRef>FREQ</FieldRef>
                    <FieldRef>DAYS</FieldRef>
                    <FieldRef>DATA_LOAD_TIME</FieldRef>
                    <FieldRef>IGX_SYSTEM_CREATED_TS</FieldRef>
                    <FieldRef>IGX_PROCESS_ID</FieldRef>
                    <FieldRef>IGX_WORK_ID</FieldRef>
                    <FieldRef>LATEST_RUN_DATE</FieldRef>
                    <FieldDataType>STRING</FieldDataType>
                    <FieldDataType>STRING</FieldDataType>
                    <FieldDataType>STRING</FieldDataType>
                    <FieldDataType>STRING</FieldDataType>
                    <FieldDataType>STRING</FieldDataType>
                    <FieldDataType>DATETIME</FieldDataType>
                    <FieldDataType>STRING</FieldDataType>
                    <FieldDataType>STRING</FieldDataType>
                    <FieldDataType>DATE</FieldDataType>
                    <EncryptField>false</EncryptField>
                    <EncryptField>false</EncryptField>
                    <EncryptField>false</EncryptField>
                    <EncryptField>false</EncryptField>
                    <EncryptField>false</EncryptField>
                    <EncryptField>false</EncryptField>
                    <EncryptField>false</EncryptField>
                    <EncryptField>false</EncryptField>
                    <EncryptField>false</EncryptField>
                </SelectFields>
            </SelectDef>
        </OperationsDef>
        <OutputsDef>
            <OutputDef id="join2.output" from="join2.select" passthru="true" decryptSecuredValues="false"/>
        </OutputsDef>
    </PipelineDef>
    <PipelineDef id="filter3">
        <InputsDef>
            <InputDef id="filter3.input" fromOutputId="join2.output"/>
        </InputsDef>
        <OperationsDef>
            <FilterDef from="filter3.input" id="filter3.filter" countOutput="true">
                <ExpressionDef lang="formula" expression="ISNULL( LATEST_RUN_DATE ) ||  INGESTION_MODE ='L'"/>
            </FilterDef>
        </OperationsDef>
        <OutputsDef>
            <OutputDef id="filter3.output" from="filter3.filter" passthru="true" decryptSecuredValues="false"/>
        </OutputsDef>
    </PipelineDef>
    <PipelineDef id="filter4">
        <InputsDef>
            <InputDef id="filter4.input" fromOutputId="filter3.output"/>
        </InputsDef>
        <OperationsDef>
            <FilterDef from="filter4.input" id="filter4.filter" countOutput="true">
                <ExpressionDef lang="formula" expression="INGESTION_MODE ='D'"/>
            </FilterDef>
        </OperationsDef>
        <OutputsDef>
            <OutputDef id="filter4.output" from="filter4.filter" passthru="true" decryptSecuredValues="false"/>
        </OutputsDef>
    </PipelineDef>
    <PipelineDef id="filter5">
        <InputsDef>
            <InputDef id="filter5.input" fromOutputId="filter3.output"/>
        </InputsDef>
        <OperationsDef>
            <FilterDef from="filter5.input" id="filter5.filter" countOutput="true">
                <ExpressionDef lang="formula" expression="INGESTION_MODE ='L'"/>
            </FilterDef>
        </OperationsDef>
        <OutputsDef>
            <OutputDef id="filter5.output" from="filter5.filter" passthru="true" decryptSecuredValues="false"/>
        </OutputsDef>
    </PipelineDef>
    <PipelineDef id="filter6">
        <InputsDef>
            <InputDef id="filter6.input" fromOutputId="filter3.output"/>
        </InputsDef>
        <OperationsDef>
            <FilterDef from="filter6.input" id="filter6.filter" countOutput="true">
                <ExpressionDef lang="formula" expression="INGESTION_MODE ='T'"/>
            </FilterDef>
            <ComputeDef from="filter6.filter" id="filter6.compute1" countOutput="false">
                <ComputedField>CURRENT_TIME</ComputedField>
                <ComputedFieldDataType>STRING</ComputedFieldDataType>
                <ExpressionDef lang="formula" expression="SUBSTRING(DATETIMETOSTRING(CURRENT_TIMESTAMP() ,'MM/dd/yyyy HH:mm:ss'),12,8)"/>
            </ComputeDef>
            <ComputeDef from="filter6.compute1" id="filter6.compute2" countOutput="false">
                <ComputedField>LATEST_RUN_TIME</ComputedField>
                <ComputedFieldDataType>STRING</ComputedFieldDataType>
                <ExpressionDef lang="formula" expression="SUBSTRING(DATETIMETOSTRING( LATEST_RUN_DATE ,'MM/dd/yyyy HH:mm:ss'),12,8)"/>
            </ComputeDef>
            <ComputeDef from="filter6.compute2" id="filter6.compute3" countOutput="false">
                <ComputedField>T_ZONE</ComputedField>
                <ComputedFieldDataType>STRING</ComputedFieldDataType>
                <ExpressionDef lang="formula" expression="RUNTIME('TZONE')"/>
            </ComputeDef>
        </OperationsDef>
        <OutputsDef>
            <OutputDef id="filter6.output" from="filter6.compute3" passthru="true" decryptSecuredValues="false"/>
        </OutputsDef>
    </PipelineDef>
    <PipelineDef id="script2">
        <InputsDef>
            <InputDef id="script2.input" fromOutputId="filter6.output"/>
        </InputsDef>
        <OperationsDef>
            <ScriptDef mimeType="text/javascript" from="script2.input" id="script2.script" countOutput="true">
                <SelectFields>
                    <FieldRef>DATA_ENTITY_NAME</FieldRef>
                    <FieldRef>INGESTION_MODE</FieldRef>
                    <FieldRef>FREQ</FieldRef>
                    <FieldRef>DAYS</FieldRef>
                    <FieldRef>DATA_LOAD_TIME</FieldRef>
                    <FieldRef>IGX_SYSTEM_CREATED_TS</FieldRef>
                    <FieldRef>IGX_PROCESS_ID</FieldRef>
                    <FieldRef>IGX_WORK_ID</FieldRef>
                    <FieldRef>LATEST_RUN_DATE</FieldRef>
                    <FieldRef>CURRENT_TIME</FieldRef>
                    <FieldRef>LATEST_RUN_TIME</FieldRef>
                    <FieldRef>T_ZONE</FieldRef>
                    <FieldDataType>STRING</FieldDataType>
                    <FieldDataType>STRING</FieldDataType>
                    <FieldDataType>STRING</FieldDataType>
                    <FieldDataType>STRING</FieldDataType>
                    <FieldDataType>STRING</FieldDataType>
                    <FieldDataType>DATETIME</FieldDataType>
                    <FieldDataType>STRING</FieldDataType>
                    <FieldDataType>STRING</FieldDataType>
                    <FieldDataType>DATE</FieldDataType>
                    <FieldDataType>STRING</FieldDataType>
                    <FieldDataType>STRING</FieldDataType>
                    <FieldDataType>STRING</FieldDataType>
                    <EncryptField>false</EncryptField>
                    <EncryptField>false</EncryptField>
                    <EncryptField>false</EncryptField>
                    <EncryptField>false</EncryptField>
                    <EncryptField>false</EncryptField>
                    <EncryptField>false</EncryptField>
                    <EncryptField>false</EncryptField>
                    <EncryptField>false</EncryptField>
                    <EncryptField>false</EncryptField>
                    <EncryptField>false</EncryptField>
                    <EncryptField>false</EncryptField>
                    <EncryptField>false</EncryptField>
                </SelectFields>
                <Script>copyInputsToOutputs();
var nowDate = new Date(); 
var date1 = nowDate.getUTCFullYear()+'/'+(nowDate.getUTCMonth()+1)+'/'+nowDate.getUTCDate()+' '+input.DATA_LOAD_TIME + ' ' + input.T_ZONE ; 
var d = new Date(Date.parse(date1));
output.DATA_LOAD_DATE=d;
copyInputsToOutputs();
emitRecord();</Script>
                <ScriptInputFields>
                    <FieldRef>DATA_ENTITY_NAME</FieldRef>
                    <FieldRef>INGESTION_MODE</FieldRef>
                    <FieldRef>FREQ</FieldRef>
                    <FieldRef>DAYS</FieldRef>
                    <FieldRef>DATA_LOAD_TIME</FieldRef>
                    <FieldRef>IGX_SYSTEM_CREATED_TS</FieldRef>
                    <FieldRef>IGX_PROCESS_ID</FieldRef>
                    <FieldRef>IGX_WORK_ID</FieldRef>
                    <FieldRef>LATEST_RUN_DATE</FieldRef>
                    <FieldRef>CURRENT_TIME</FieldRef>
                    <FieldRef>LATEST_RUN_TIME</FieldRef>
                    <FieldRef>T_ZONE</FieldRef>
                    <FieldDataType>STRING</FieldDataType>
                    <FieldDataType>STRING</FieldDataType>
                    <FieldDataType>STRING</FieldDataType>
                    <FieldDataType>STRING</FieldDataType>
                    <FieldDataType>STRING</FieldDataType>
                    <FieldDataType>DATETIME</FieldDataType>
                    <FieldDataType>STRING</FieldDataType>
                    <FieldDataType>STRING</FieldDataType>
                    <FieldDataType>DATE</FieldDataType>
                    <FieldDataType>STRING</FieldDataType>
                    <FieldDataType>STRING</FieldDataType>
                    <FieldDataType>STRING</FieldDataType>
                    <EncryptField>false</EncryptField>
                    <EncryptField>false</EncryptField>
                    <EncryptField>false</EncryptField>
                    <EncryptField>false</EncryptField>
                    <EncryptField>false</EncryptField>
                    <EncryptField>false</EncryptField>
                    <EncryptField>false</EncryptField>
                    <EncryptField>false</EncryptField>
                    <EncryptField>false</EncryptField>
                    <EncryptField>false</EncryptField>
                    <EncryptField>false</EncryptField>
                    <EncryptField>false</EncryptField>
                </ScriptInputFields>
                <ScriptOutputFields>
                    <FieldRef>DATA_ENTITY_NAME</FieldRef>
                    <FieldRef>INGESTION_MODE</FieldRef>
                    <FieldRef>FREQ</FieldRef>
                    <FieldRef>DAYS</FieldRef>
                    <FieldRef>DATA_LOAD_TIME</FieldRef>
                    <FieldRef>IGX_SYSTEM_CREATED_TS</FieldRef>
                    <FieldRef>IGX_PROCESS_ID</FieldRef>
                    <FieldRef>IGX_WORK_ID</FieldRef>
                    <FieldRef>LATEST_RUN_DATE</FieldRef>
                    <FieldRef>CURRENT_TIME</FieldRef>
                    <FieldRef>LATEST_RUN_TIME</FieldRef>
                    <FieldRef>DATA_LOAD_DATE</FieldRef>
                    <FieldDataType>STRING</FieldDataType>
                    <FieldDataType>STRING</FieldDataType>
                    <FieldDataType>STRING</FieldDataType>
                    <FieldDataType>STRING</FieldDataType>
                    <FieldDataType>STRING</FieldDataType>
                    <FieldDataType>DATETIME</FieldDataType>
                    <FieldDataType>STRING</FieldDataType>
                    <FieldDataType>STRING</FieldDataType>
                    <FieldDataType>DATE</FieldDataType>
                    <FieldDataType>STRING</FieldDataType>
                    <FieldDataType>STRING</FieldDataType>
                    <FieldDataType>DATETIME</FieldDataType>
                    <EncryptField>false</EncryptField>
                    <EncryptField>false</EncryptField>
                    <EncryptField>false</EncryptField>
                    <EncryptField>false</EncryptField>
                    <EncryptField>false</EncryptField>
                    <EncryptField>false</EncryptField>
                    <EncryptField>false</EncryptField>
                    <EncryptField>false</EncryptField>
                    <EncryptField>false</EncryptField>
                    <EncryptField>false</EncryptField>
                    <EncryptField>false</EncryptField>
                    <EncryptField>false</EncryptField>
                </ScriptOutputFields>
                <OutputFields>
                    <FieldRef>DATA_ENTITY_NAME</FieldRef>
                    <FieldRef>INGESTION_MODE</FieldRef>
                    <FieldRef>FREQ</FieldRef>
                    <FieldRef>DAYS</FieldRef>
                    <FieldRef>DATA_LOAD_TIME</FieldRef>
                    <FieldRef>IGX_SYSTEM_CREATED_TS</FieldRef>
                    <FieldRef>IGX_PROCESS_ID</FieldRef>
                    <FieldRef>IGX_WORK_ID</FieldRef>
                    <FieldRef>LATEST_RUN_DATE</FieldRef>
                    <FieldRef>CURRENT_TIME</FieldRef>
                    <FieldRef>LATEST_RUN_TIME</FieldRef>
                    <FieldRef>DATA_LOAD_DATE</FieldRef>
                    <FieldDataType>STRING</FieldDataType>
                    <FieldDataType>STRING</FieldDataType>
                    <FieldDataType>STRING</FieldDataType>
                    <FieldDataType>STRING</FieldDataType>
                    <FieldDataType>STRING</FieldDataType>
                    <FieldDataType>DATETIME</FieldDataType>
                    <FieldDataType>STRING</FieldDataType>
                    <FieldDataType>STRING</FieldDataType>
                    <FieldDataType>DATE</FieldDataType>
                    <FieldDataType>STRING</FieldDataType>
                    <FieldDataType>STRING</FieldDataType>
                    <FieldDataType>DATETIME</FieldDataType>
                    <EncryptField>false</EncryptField>
                    <EncryptField>false</EncryptField>
                    <EncryptField>false</EncryptField>
                    <EncryptField>false</EncryptField>
                    <EncryptField>false</EncryptField>
                    <EncryptField>false</EncryptField>
                    <EncryptField>false</EncryptField>
                    <EncryptField>false</EncryptField>
                    <EncryptField>false</EncryptField>
                    <EncryptField>false</EncryptField>
                    <EncryptField>false</EncryptField>
                    <EncryptField>false</EncryptField>
                </OutputFields>
            </ScriptDef>
        </OperationsDef>
        <OutputsDef>
            <OutputDef id="script2.output" from="script2.script" passthru="true" decryptSecuredValues="false"/>
        </OutputsDef>
    </PipelineDef>
    <PipelineDef id="filter7">
        <InputsDef>
            <InputDef id="filter7.input" fromOutputId="script2.output"/>
        </InputsDef>
        <OperationsDef>
            <FilterDef from="filter7.input" id="filter7.filter" countOutput="true">
                <ExpressionDef lang="formula" expression="(( CURRENT_TIME &gt; DATA_LOAD_TIME )  &amp;&amp;  ( LATEST_RUN_DATE &lt; DATA_LOAD_DATE ))   || isnull( LATEST_RUN_DATE )  &amp;&amp;  ( CURRENT_TIME &gt; DATA_LOAD_TIME )"/>
            </FilterDef>
        </OperationsDef>
        <OutputsDef>
            <OutputDef id="filter7.output" from="filter7.filter" passthru="true" decryptSecuredValues="false"/>
        </OutputsDef>
    </PipelineDef>
    <PipelineDef id="union">
        <InputsDef>
            <InputDef id="union.input" fromOutputId="filter4.output"/>
            <InputDef id="union.input.1" fromOutputId="filter5.output"/>
            <InputDef id="union.input.2" fromOutputId="filter7.output"/>
        </InputsDef>
        <OperationsDef>
            <SelectDef from="union.input" id="select0.select" countOutput="true">
                <SelectFields>
                    <FieldRef>DATA_ENTITY_NAME</FieldRef>
                    <FieldRef>INGESTION_MODE</FieldRef>
                    <FieldRef>FREQ</FieldRef>
                    <FieldRef>DAYS</FieldRef>
                    <FieldRef>DATA_LOAD_TIME</FieldRef>
                    <FieldRef>IGX_SYSTEM_CREATED_TS</FieldRef>
                    <FieldRef>IGX_PROCESS_ID</FieldRef>
                    <FieldRef>IGX_WORK_ID</FieldRef>
                    <FieldRef>LATEST_RUN_DATE</FieldRef>
                    <FieldDataType>STRING</FieldDataType>
                    <FieldDataType>STRING</FieldDataType>
                    <FieldDataType>STRING</FieldDataType>
                    <FieldDataType>STRING</FieldDataType>
                    <FieldDataType>STRING</FieldDataType>
                    <FieldDataType>DATETIME</FieldDataType>
                    <FieldDataType>STRING</FieldDataType>
                    <FieldDataType>STRING</FieldDataType>
                    <FieldDataType>DATE</FieldDataType>
                </SelectFields>
            </SelectDef>
            <SelectDef from="union.input.1" id="select1.select" countOutput="true">
                <SelectFields>
                    <FieldRef>DATA_ENTITY_NAME</FieldRef>
                    <FieldRef>INGESTION_MODE</FieldRef>
                    <FieldRef>FREQ</FieldRef>
                    <FieldRef>DAYS</FieldRef>
                    <FieldRef>DATA_LOAD_TIME</FieldRef>
                    <FieldRef>IGX_SYSTEM_CREATED_TS</FieldRef>
                    <FieldRef>IGX_PROCESS_ID</FieldRef>
                    <FieldRef>IGX_WORK_ID</FieldRef>
                    <FieldRef>LATEST_RUN_DATE</FieldRef>
                    <FieldDataType>STRING</FieldDataType>
                    <FieldDataType>STRING</FieldDataType>
                    <FieldDataType>STRING</FieldDataType>
                    <FieldDataType>STRING</FieldDataType>
                    <FieldDataType>STRING</FieldDataType>
                    <FieldDataType>DATETIME</FieldDataType>
                    <FieldDataType>STRING</FieldDataType>
                    <FieldDataType>STRING</FieldDataType>
                    <FieldDataType>DATE</FieldDataType>
                </SelectFields>
            </SelectDef>
            <SelectDef from="union.input.2" id="select2.select" countOutput="true">
                <SelectFields>
                    <FieldRef>DATA_ENTITY_NAME</FieldRef>
                    <FieldRef>INGESTION_MODE</FieldRef>
                    <FieldRef>FREQ</FieldRef>
                    <FieldRef>DAYS</FieldRef>
                    <FieldRef>DATA_LOAD_TIME</FieldRef>
                    <FieldRef>IGX_SYSTEM_CREATED_TS</FieldRef>
                    <FieldRef>IGX_PROCESS_ID</FieldRef>
                    <FieldRef>IGX_WORK_ID</FieldRef>
                    <FieldRef>LATEST_RUN_DATE</FieldRef>
                    <FieldDataType>STRING</FieldDataType>
                    <FieldDataType>STRING</FieldDataType>
                    <FieldDataType>STRING</FieldDataType>
                    <FieldDataType>STRING</FieldDataType>
                    <FieldDataType>STRING</FieldDataType>
                    <FieldDataType>DATETIME</FieldDataType>
                    <FieldDataType>STRING</FieldDataType>
                    <FieldDataType>STRING</FieldDataType>
                    <FieldDataType>DATE</FieldDataType>
                </SelectFields>
            </SelectDef>
            <SelectDef from="select2.select" id="select3.select" countOutput="true">
                <SelectFields>
                    <FieldRef>DATA_ENTITY_NAME</FieldRef>
                    <FieldRef>INGESTION_MODE</FieldRef>
                    <FieldRef>FREQ</FieldRef>
                    <FieldRef>DAYS</FieldRef>
                    <FieldRef>DATA_LOAD_TIME</FieldRef>
                    <FieldRef>IGX_SYSTEM_CREATED_TS</FieldRef>
                    <FieldRef>IGX_PROCESS_ID</FieldRef>
                    <FieldRef>IGX_WORK_ID</FieldRef>
                    <FieldRef>LATEST_RUN_DATE</FieldRef>
                    <FieldDataType>STRING</FieldDataType>
                    <FieldDataType>STRING</FieldDataType>
                    <FieldDataType>STRING</FieldDataType>
                    <FieldDataType>STRING</FieldDataType>
                    <FieldDataType>STRING</FieldDataType>
                    <FieldDataType>DATETIME</FieldDataType>
                    <FieldDataType>STRING</FieldDataType>
                    <FieldDataType>STRING</FieldDataType>
                    <FieldDataType>DATE</FieldDataType>
                </SelectFields>
            </SelectDef>
            <SelectDef from="select3.select" id="select4.select" countOutput="true">
                <SelectFields>
                    <FieldRef>DATA_ENTITY_NAME</FieldRef>
                    <FieldRef>INGESTION_MODE</FieldRef>
                    <FieldRef>FREQ</FieldRef>
                    <FieldRef>DAYS</FieldRef>
                    <FieldRef>DATA_LOAD_TIME</FieldRef>
                    <FieldRef>IGX_SYSTEM_CREATED_TS</FieldRef>
                    <FieldRef>IGX_PROCESS_ID</FieldRef>
                    <FieldRef>IGX_WORK_ID</FieldRef>
                    <FieldRef>LATEST_RUN_DATE</FieldRef>
                    <FieldDataType>STRING</FieldDataType>
                    <FieldDataType>STRING</FieldDataType>
                    <FieldDataType>STRING</FieldDataType>
                    <FieldDataType>STRING</FieldDataType>
                    <FieldDataType>STRING</FieldDataType>
                    <FieldDataType>DATETIME</FieldDataType>
                    <FieldDataType>STRING</FieldDataType>
                    <FieldDataType>STRING</FieldDataType>
                    <FieldDataType>DATE</FieldDataType>
                </SelectFields>
            </SelectDef>
            <SelectDef from="select4.select" id="select5.select" countOutput="true">
                <SelectFields>
                    <FieldRef>DATA_ENTITY_NAME</FieldRef>
                    <FieldRef>INGESTION_MODE</FieldRef>
                    <FieldRef>FREQ</FieldRef>
                    <FieldRef>DAYS</FieldRef>
                    <FieldRef>DATA_LOAD_TIME</FieldRef>
                    <FieldRef>IGX_SYSTEM_CREATED_TS</FieldRef>
                    <FieldRef>IGX_PROCESS_ID</FieldRef>
                    <FieldRef>IGX_WORK_ID</FieldRef>
                    <FieldRef>LATEST_RUN_DATE</FieldRef>
                    <FieldDataType>STRING</FieldDataType>
                    <FieldDataType>STRING</FieldDataType>
                    <FieldDataType>STRING</FieldDataType>
                    <FieldDataType>STRING</FieldDataType>
                    <FieldDataType>STRING</FieldDataType>
                    <FieldDataType>DATETIME</FieldDataType>
                    <FieldDataType>STRING</FieldDataType>
                    <FieldDataType>STRING</FieldDataType>
                    <FieldDataType>DATE</FieldDataType>
                </SelectFields>
            </SelectDef>
            <SelectDef from="select5.select" id="select6.select" countOutput="true">
                <SelectFields>
                    <FieldRef>DATA_ENTITY_NAME</FieldRef>
                    <FieldRef>INGESTION_MODE</FieldRef>
                    <FieldRef>FREQ</FieldRef>
                    <FieldRef>DAYS</FieldRef>
                    <FieldRef>DATA_LOAD_TIME</FieldRef>
                    <FieldRef>IGX_SYSTEM_CREATED_TS</FieldRef>
                    <FieldRef>IGX_PROCESS_ID</FieldRef>
                    <FieldRef>IGX_WORK_ID</FieldRef>
                    <FieldRef>LATEST_RUN_DATE</FieldRef>
                    <FieldDataType>STRING</FieldDataType>
                    <FieldDataType>STRING</FieldDataType>
                    <FieldDataType>STRING</FieldDataType>
                    <FieldDataType>STRING</FieldDataType>
                    <FieldDataType>STRING</FieldDataType>
                    <FieldDataType>DATETIME</FieldDataType>
                    <FieldDataType>STRING</FieldDataType>
                    <FieldDataType>STRING</FieldDataType>
                    <FieldDataType>DATE</FieldDataType>
                </SelectFields>
            </SelectDef>
            <SelectDef from="select6.select" id="select7.select" countOutput="true">
                <SelectFields>
                    <FieldRef>DATA_ENTITY_NAME</FieldRef>
                    <FieldRef>INGESTION_MODE</FieldRef>
                    <FieldRef>FREQ</FieldRef>
                    <FieldRef>DAYS</FieldRef>
                    <FieldRef>DATA_LOAD_TIME</FieldRef>
                    <FieldRef>IGX_SYSTEM_CREATED_TS</FieldRef>
                    <FieldRef>IGX_PROCESS_ID</FieldRef>
                    <FieldRef>IGX_WORK_ID</FieldRef>
                    <FieldRef>LATEST_RUN_DATE</FieldRef>
                    <FieldDataType>STRING</FieldDataType>
                    <FieldDataType>STRING</FieldDataType>
                    <FieldDataType>STRING</FieldDataType>
                    <FieldDataType>STRING</FieldDataType>
                    <FieldDataType>STRING</FieldDataType>
                    <FieldDataType>DATETIME</FieldDataType>
                    <FieldDataType>STRING</FieldDataType>
                    <FieldDataType>STRING</FieldDataType>
                    <FieldDataType>DATE</FieldDataType>
                </SelectFields>
            </SelectDef>
            <SelectDef from="select7.select" id="select8.select" countOutput="true">
                <SelectFields>
                    <FieldRef>DATA_ENTITY_NAME</FieldRef>
                    <FieldRef>INGESTION_MODE</FieldRef>
                    <FieldRef>FREQ</FieldRef>
                    <FieldRef>DAYS</FieldRef>
                    <FieldRef>DATA_LOAD_TIME</FieldRef>
                    <FieldRef>IGX_SYSTEM_CREATED_TS</FieldRef>
                    <FieldRef>IGX_PROCESS_ID</FieldRef>
                    <FieldRef>IGX_WORK_ID</FieldRef>
                    <FieldRef>LATEST_RUN_DATE</FieldRef>
                    <FieldDataType>STRING</FieldDataType>
                    <FieldDataType>STRING</FieldDataType>
                    <FieldDataType>STRING</FieldDataType>
                    <FieldDataType>STRING</FieldDataType>
                    <FieldDataType>STRING</FieldDataType>
                    <FieldDataType>DATETIME</FieldDataType>
                    <FieldDataType>STRING</FieldDataType>
                    <FieldDataType>STRING</FieldDataType>
                    <FieldDataType>DATE</FieldDataType>
                </SelectFields>
            </SelectDef>
            <UnionDef id="union.union" countOutput="true">
                <SourceId>select0.select</SourceId>
                <SourceId>select1.select</SourceId>
                <SourceId>select2.select</SourceId>
                <SourceId>select3.select</SourceId>
                <SourceId>select4.select</SourceId>
                <SourceId>select5.select</SourceId>
                <SourceId>select6.select</SourceId>
                <SourceId>select7.select</SourceId>
                <SourceId>select8.select</SourceId>
            </UnionDef>
            <ComputeDef from="union.union" id="union.compute1" countOutput="false">
                <ComputedField>DUMMY</ComputedField>
                <ComputedFieldDataType>INTEGER</ComputedFieldDataType>
                <ExpressionDef lang="formula" expression="1"/>
            </ComputeDef>
        </OperationsDef>
        <OutputsDef>
            <OutputDef id="union.output" from="union.compute1" passthru="true" decryptSecuredValues="false"/>
        </OutputsDef>
    </PipelineDef>
    <PipelineDef id="group">
        <InputsDef>
            <InputDef id="group.input" fromOutputId="union.output"/>
        </InputsDef>
        <OperationsDef>
            <GroupDef recordFieldName="DATA_ELEMENT" from="group.input" id="group.group" countOutput="true">
                <SelectFields>
                    <FieldRef>DATA_ENTITY_NAME</FieldRef>
                    <FieldRef>INGESTION_MODE</FieldRef>
                    <FieldRef>FREQ</FieldRef>
                    <FieldRef>DAYS</FieldRef>
                    <FieldRef>DATA_LOAD_TIME</FieldRef>
                    <FieldRef>IGX_SYSTEM_CREATED_TS</FieldRef>
                    <FieldRef>IGX_PROCESS_ID</FieldRef>
                    <FieldRef>IGX_WORK_ID</FieldRef>
                    <FieldRef>LATEST_RUN_DATE</FieldRef>
                    <FieldRef>CURRENT_TIME</FieldRef>
                    <FieldRef>LATEST_RUN_TIME</FieldRef>
                    <FieldRef>DATA_LOAD_DATE</FieldRef>
                    <FieldRef>DUMMY</FieldRef>
                    <FieldDataType>STRING</FieldDataType>
                    <FieldDataType>STRING</FieldDataType>
                    <FieldDataType>STRING</FieldDataType>
                    <FieldDataType>STRING</FieldDataType>
                    <FieldDataType>STRING</FieldDataType>
                    <FieldDataType>DATETIME</FieldDataType>
                    <FieldDataType>STRING</FieldDataType>
                    <FieldDataType>STRING</FieldDataType>
                    <FieldDataType>DATE</FieldDataType>
                    <FieldDataType>STRING</FieldDataType>
                    <FieldDataType>STRING</FieldDataType>
                    <FieldDataType>DATETIME</FieldDataType>
                    <FieldDataType>INTEGER</FieldDataType>
                </SelectFields>
                <GroupFields>
                    <FieldRef>DUMMY</FieldRef>
                    <FieldDataType>INTEGER</FieldDataType>
                </GroupFields>
                <OutputFields>
                    <FieldRef>DATA_ENTITY_NAME</FieldRef>
                    <FieldRef>INGESTION_MODE</FieldRef>
                    <FieldRef>FREQ</FieldRef>
                    <FieldRef>DAYS</FieldRef>
                    <FieldRef>DATA_LOAD_TIME</FieldRef>
                    <FieldRef>IGX_SYSTEM_CREATED_TS</FieldRef>
                    <FieldRef>IGX_PROCESS_ID</FieldRef>
                    <FieldRef>IGX_WORK_ID</FieldRef>
                    <FieldRef>LATEST_RUN_DATE</FieldRef>
                    <FieldRef>CURRENT_TIME</FieldRef>
                    <FieldRef>LATEST_RUN_TIME</FieldRef>
                    <FieldRef>DATA_LOAD_DATE</FieldRef>
                    <FieldDataType>STRING</FieldDataType>
                    <FieldDataType>STRING</FieldDataType>
                    <FieldDataType>STRING</FieldDataType>
                    <FieldDataType>STRING</FieldDataType>
                    <FieldDataType>STRING</FieldDataType>
                    <FieldDataType>DATETIME</FieldDataType>
                    <FieldDataType>STRING</FieldDataType>
                    <FieldDataType>STRING</FieldDataType>
                    <FieldDataType>DATE</FieldDataType>
                    <FieldDataType>STRING</FieldDataType>
                    <FieldDataType>STRING</FieldDataType>
                    <FieldDataType>DATETIME</FieldDataType>
                </OutputFields>
            </GroupDef>
        </OperationsDef>
        <OutputsDef>
            <OutputDef id="group.output" from="group.group" passthru="true" decryptSecuredValues="false"/>
        </OutputsDef>
    </PipelineDef>
    <PipelineDef id="script">
        <InputsDef>
            <InputDef id="script.input" fromOutputId="group.output"/>
        </InputsDef>
        <OperationsDef>
            <ScriptDef mimeType="text/javascript" from="script.input" id="script.script" countOutput="true">
                <SelectFields>
                    <FieldRef>DUMMY</FieldRef>
                    <FieldRef>DATA_ELEMENT</FieldRef>
                    <FieldDataType>INTEGER</FieldDataType>
                    <FieldDataType>ARRAY</FieldDataType>
                    <NestedFields>
                        <FieldRef>DATA_ENTITY_NAME</FieldRef>
                        <FieldRef>INGESTION_MODE</FieldRef>
                        <FieldRef>FREQ</FieldRef>
                        <FieldRef>DAYS</FieldRef>
                        <FieldRef>DATA_LOAD_TIME</FieldRef>
                        <FieldRef>IGX_SYSTEM_CREATED_TS</FieldRef>
                        <FieldRef>IGX_PROCESS_ID</FieldRef>
                        <FieldRef>IGX_WORK_ID</FieldRef>
                        <FieldRef>LATEST_RUN_DATE</FieldRef>
                        <FieldRef>CURRENT_TIME</FieldRef>
                        <FieldRef>LATEST_RUN_TIME</FieldRef>
                        <FieldRef>DATA_LOAD_DATE</FieldRef>
                        <FieldDataType>STRING</FieldDataType>
                        <FieldDataType>STRING</FieldDataType>
                        <FieldDataType>STRING</FieldDataType>
                        <FieldDataType>STRING</FieldDataType>
                        <FieldDataType>STRING</FieldDataType>
                        <FieldDataType>DATETIME</FieldDataType>
                        <FieldDataType>STRING</FieldDataType>
                        <FieldDataType>STRING</FieldDataType>
                        <FieldDataType>DATE</FieldDataType>
                        <FieldDataType>STRING</FieldDataType>
                        <FieldDataType>STRING</FieldDataType>
                        <FieldDataType>DATETIME</FieldDataType>
                        <EncryptField>false</EncryptField>
                        <EncryptField>false</EncryptField>
                        <EncryptField>false</EncryptField>
                        <EncryptField>false</EncryptField>
                        <EncryptField>false</EncryptField>
                        <EncryptField>false</EncryptField>
                        <EncryptField>false</EncryptField>
                        <EncryptField>false</EncryptField>
                        <EncryptField>false</EncryptField>
                        <EncryptField>false</EncryptField>
                        <EncryptField>false</EncryptField>
                        <EncryptField>false</EncryptField>
                    </NestedFields>
                    <EncryptField>false</EncryptField>
                    <EncryptField>false</EncryptField>
                </SelectFields>
                <Script>copyInputsToOutputs();
var mylist;
mylist='';
for (var x=0;x&lt;input.DATA_ELEMENT.length;x++) {
  if (x&lt;input.DATA_ELEMENT.length-1)
  {
  mylist= mylist + input.DATA_ELEMENT[x].DATA_ENTITY_NAME + ',';
  }
  else
  {
    mylist= mylist + input.DATA_ELEMENT[x].DATA_ENTITY_NAME;
  } 
  
}
output.PM_DATA_ENTITY_LIST=mylist;
emitRecord();
//output.Result=mylist;

</Script>
                <ScriptInputFields>
                    <FieldRef>DUMMY</FieldRef>
                    <FieldRef>DATA_ELEMENT</FieldRef>
                    <FieldDataType>INTEGER</FieldDataType>
                    <FieldDataType>ARRAY</FieldDataType>
                    <NestedFields>
                        <FieldRef>DATA_ENTITY_NAME</FieldRef>
                        <FieldRef>INGESTION_MODE</FieldRef>
                        <FieldRef>FREQ</FieldRef>
                        <FieldRef>DAYS</FieldRef>
                        <FieldRef>DATA_LOAD_TIME</FieldRef>
                        <FieldRef>IGX_SYSTEM_CREATED_TS</FieldRef>
                        <FieldRef>IGX_PROCESS_ID</FieldRef>
                        <FieldRef>IGX_WORK_ID</FieldRef>
                        <FieldRef>LATEST_RUN_DATE</FieldRef>
                        <FieldRef>CURRENT_TIME</FieldRef>
                        <FieldRef>LATEST_RUN_TIME</FieldRef>
                        <FieldRef>DATA_LOAD_DATE</FieldRef>
                        <FieldDataType>STRING</FieldDataType>
                        <FieldDataType>STRING</FieldDataType>
                        <FieldDataType>STRING</FieldDataType>
                        <FieldDataType>STRING</FieldDataType>
                        <FieldDataType>STRING</FieldDataType>
                        <FieldDataType>DATETIME</FieldDataType>
                        <FieldDataType>STRING</FieldDataType>
                        <FieldDataType>STRING</FieldDataType>
                        <FieldDataType>DATE</FieldDataType>
                        <FieldDataType>STRING</FieldDataType>
                        <FieldDataType>STRING</FieldDataType>
                        <FieldDataType>DATETIME</FieldDataType>
                        <EncryptField>false</EncryptField>
                        <EncryptField>false</EncryptField>
                        <EncryptField>false</EncryptField>
                        <EncryptField>false</EncryptField>
                        <EncryptField>false</EncryptField>
                        <EncryptField>false</EncryptField>
                        <EncryptField>false</EncryptField>
                        <EncryptField>false</EncryptField>
                        <EncryptField>false</EncryptField>
                        <EncryptField>false</EncryptField>
                        <EncryptField>false</EncryptField>
                        <EncryptField>false</EncryptField>
                    </NestedFields>
                    <EncryptField>false</EncryptField>
                    <EncryptField>false</EncryptField>
                </ScriptInputFields>
                <ScriptOutputFields>
                    <FieldRef>PM_DATA_ENTITY_LIST</FieldRef>
                    <FieldDataType>STRING</FieldDataType>
                    <EncryptField>false</EncryptField>
                </ScriptOutputFields>
                <OutputFields>
                    <FieldRef>PM_DATA_ENTITY_LIST</FieldRef>
                    <FieldDataType>STRING</FieldDataType>
                    <EncryptField>false</EncryptField>
                </OutputFields>
            </ScriptDef>
        </OperationsDef>
        <OutputsDef>
            <OutputDef id="script.output" from="script.script" passthru="true" decryptSecuredValues="false"/>
        </OutputsDef>
    </PipelineDef>
    <PipelineDef id="customCompletionStatus">
        <InputsDef>
            <InputDef id="customCompletionStatus.input" fromOutputId="script.output"/>
        </InputsDef>
        <OperationsDef/>
        <OutputsDef>
            <OutputDef id="customCompletionStatus.output" from="customCompletionStatus.input" passthru="false" decryptSecuredValues="false">
                <CustomCompletionStatus/>
            </OutputDef>
        </OutputsDef>
    </PipelineDef>
</ExecutionModel>
