<?xml version="1.0" encoding="UTF-8" standalone="yes"?>
<ExecutionModel xmlns="com/infogix/component/executionengine/export/fdt" id="f58b5bf99c1c493ab538d752083af2b1">
    <OptionsDef logLimit="100" cacheOperationOutput="true" cacheResourceIntensiveOperationOutput="false" countOperationOutput="true"/>
    <PipelineDef id="dataStore">
        <InputsDef>
            <InputDef id="dataStore.input">
                <DataStoreRef name="35efcdb37da44bcb9613f4309dbf4ac6" owningMemberId="1000" dataLoadRange="ALL">
                    <SourceFilter/>
                </DataStoreRef>
            </InputDef>
        </InputsDef>
        <OperationsDef>
            <SelectDef from="dataStore.input" id="dataStore.select" countOutput="false">
                <SelectFields>
                    <FieldRef>PROCESS_CODE</FieldRef>
                    <FieldRef>PROCESS_GROUP</FieldRef>
                    <FieldRef>COMPONENT</FieldRef>
                    <FieldRef>SOURCE_SYSTEM</FieldRef>
                    <FieldRef>PROCESS_TYPE</FieldRef>
                    <FieldRef>EXEC_WINDOW_START_TIME</FieldRef>
                    <FieldRef>EXEC_WINDOW_PERIOD</FieldRef>
                    <FieldRef>EXPECTED_TIME_PER_EXEC</FieldRef>
                    <FieldRef>BLOCKER_PROCESS_CODES</FieldRef>
                    <FieldDataType>STRING</FieldDataType>
                    <FieldDataType>STRING</FieldDataType>
                    <FieldDataType>STRING</FieldDataType>
                    <FieldDataType>STRING</FieldDataType>
                    <FieldDataType>STRING</FieldDataType>
                    <FieldDataType>STRING</FieldDataType>
                    <FieldDataType>BIGINTEGER</FieldDataType>
                    <FieldDataType>BIGINTEGER</FieldDataType>
                    <FieldDataType>STRING</FieldDataType>
                </SelectFields>
            </SelectDef>
            <ComputeDef from="dataStore.select" id="dataStore.compute1" countOutput="false">
                <ComputedField>DUMMY_COLUMN</ComputedField>
                <ComputedFieldDataType>BIGINTEGER</ComputedFieldDataType>
                <ExpressionDef lang="formula" expression="1"/>
            </ComputeDef>
        </OperationsDef>
        <OutputsDef>
            <OutputDef id="dataStore.output" from="dataStore.compute1" passthru="true" decryptSecuredValues="false"/>
        </OutputsDef>
    </PipelineDef>
    <PipelineDef id="sql">
        <InputsDef>
            <InputDef id="sql.input" fromOutputId="dataStore.output"/>
        </InputsDef>
        <OperationsDef>
            <SqlDef id="sql.sql" countOutput="true">
                <SourceDef name="SQL" from="sql.input">
                    <InputFields>
                        <FieldRef>PROCESS_CODE</FieldRef>
                        <FieldRef>PROCESS_GROUP</FieldRef>
                        <FieldRef>COMPONENT</FieldRef>
                        <FieldRef>SOURCE_SYSTEM</FieldRef>
                        <FieldRef>PROCESS_TYPE</FieldRef>
                        <FieldRef>EXEC_WINDOW_START_TIME</FieldRef>
                        <FieldRef>EXEC_WINDOW_PERIOD</FieldRef>
                        <FieldRef>EXPECTED_TIME_PER_EXEC</FieldRef>
                        <FieldRef>BLOCKER_PROCESS_CODES</FieldRef>
                        <FieldRef>DUMMY_COLUMN</FieldRef>
                        <FieldDataType>STRING</FieldDataType>
                        <FieldDataType>STRING</FieldDataType>
                        <FieldDataType>STRING</FieldDataType>
                        <FieldDataType>STRING</FieldDataType>
                        <FieldDataType>STRING</FieldDataType>
                        <FieldDataType>STRING</FieldDataType>
                        <FieldDataType>BIGINTEGER</FieldDataType>
                        <FieldDataType>BIGINTEGER</FieldDataType>
                        <FieldDataType>STRING</FieldDataType>
                        <FieldDataType>BIGINTEGER</FieldDataType>
                    </InputFields>
                </SourceDef>
                <Sql>SELECT COUNT(SQL.PROCESS_CODE) AS CNT,1 AS DUMMY_COL 
FROM SQL</Sql>
                <OutputFields>
                    <FieldRef>CNT</FieldRef>
                    <FieldRef>DUMMY_COL</FieldRef>
                    <FieldDataType>BIGINTEGER</FieldDataType>
                    <FieldDataType>BIGINTEGER</FieldDataType>
                </OutputFields>
            </SqlDef>
            <ComputeDef from="sql.sql" id="sql.compute1" countOutput="false">
                <ComputedField>CREATE_DATETIME</ComputedField>
                <ComputedFieldDataType>DATETIME</ComputedFieldDataType>
                <ExpressionDef lang="formula" expression="CURRENT_TIMESTAMP()"/>
            </ComputeDef>
            <ComputeDef from="sql.compute1" id="sql.compute2" countOutput="false">
                <ComputedField>UPDATE_DATETIME</ComputedField>
                <ComputedFieldDataType>DATETIME</ComputedFieldDataType>
                <ExpressionDef lang="formula" expression="CURRENT_TIMESTAMP()"/>
            </ComputeDef>
        </OperationsDef>
        <OutputsDef>
            <OutputDef id="sql.output" from="sql.compute2" passthru="true" decryptSecuredValues="false"/>
        </OutputsDef>
    </PipelineDef>
    <PipelineDef id="join">
        <InputsDef>
            <InputDef id="join.input.left" fromOutputId="dataStore.output"/>
            <InputDef id="join.input.right" fromOutputId="sql.output"/>
        </InputsDef>
        <OperationsDef>
            <SelectDef from="join.input.left" id="join.input.left.select" countOutput="true">
                <SelectFields>
                    <FieldRef>PROCESS_CODE</FieldRef>
                    <FieldRef>PROCESS_GROUP</FieldRef>
                    <FieldRef>COMPONENT</FieldRef>
                    <FieldRef>SOURCE_SYSTEM</FieldRef>
                    <FieldRef>PROCESS_TYPE</FieldRef>
                    <FieldRef>EXEC_WINDOW_START_TIME</FieldRef>
                    <FieldRef>EXEC_WINDOW_PERIOD</FieldRef>
                    <FieldRef>EXPECTED_TIME_PER_EXEC</FieldRef>
                    <FieldRef>BLOCKER_PROCESS_CODES</FieldRef>
                    <FieldRef>DUMMY_COLUMN</FieldRef>
                    <FieldDataType>STRING</FieldDataType>
                    <FieldDataType>STRING</FieldDataType>
                    <FieldDataType>STRING</FieldDataType>
                    <FieldDataType>STRING</FieldDataType>
                    <FieldDataType>STRING</FieldDataType>
                    <FieldDataType>STRING</FieldDataType>
                    <FieldDataType>BIGINTEGER</FieldDataType>
                    <FieldDataType>BIGINTEGER</FieldDataType>
                    <FieldDataType>STRING</FieldDataType>
                    <FieldDataType>BIGINTEGER</FieldDataType>
                </SelectFields>
            </SelectDef>
            <SelectDef from="join.input.right" id="join.input.right.select" countOutput="true">
                <SelectFields>
                    <FieldRef>CNT</FieldRef>
                    <FieldRef>DUMMY_COL</FieldRef>
                    <FieldRef>CREATE_DATETIME</FieldRef>
                    <FieldRef>UPDATE_DATETIME</FieldRef>
                    <FieldDataType>BIGINTEGER</FieldDataType>
                    <FieldDataType>BIGINTEGER</FieldDataType>
                    <FieldDataType>DATETIME</FieldDataType>
                    <FieldDataType>DATETIME</FieldDataType>
                </SelectFields>
            </SelectDef>
            <DataFrameJoinDef id="join.join" countOutput="true">
                <SourceDef from="join.input.left.select" joinType="Inner" fitsInMemory="false">
                    <JoinFields>
                        <FieldRef>DUMMY_COLUMN</FieldRef>
                        <FieldDataType>BIGINTEGER</FieldDataType>
                    </JoinFields>
                    <InputFields>
                        <FieldRef>PROCESS_CODE</FieldRef>
                        <FieldRef>PROCESS_GROUP</FieldRef>
                        <FieldRef>COMPONENT</FieldRef>
                        <FieldRef>SOURCE_SYSTEM</FieldRef>
                        <FieldRef>PROCESS_TYPE</FieldRef>
                        <FieldRef>EXEC_WINDOW_START_TIME</FieldRef>
                        <FieldRef>EXEC_WINDOW_PERIOD</FieldRef>
                        <FieldRef>EXPECTED_TIME_PER_EXEC</FieldRef>
                        <FieldRef>BLOCKER_PROCESS_CODES</FieldRef>
                        <FieldRef>DUMMY_COLUMN</FieldRef>
                        <FieldDataType>STRING</FieldDataType>
                        <FieldDataType>STRING</FieldDataType>
                        <FieldDataType>STRING</FieldDataType>
                        <FieldDataType>STRING</FieldDataType>
                        <FieldDataType>STRING</FieldDataType>
                        <FieldDataType>STRING</FieldDataType>
                        <FieldDataType>BIGINTEGER</FieldDataType>
                        <FieldDataType>BIGINTEGER</FieldDataType>
                        <FieldDataType>STRING</FieldDataType>
                        <FieldDataType>BIGINTEGER</FieldDataType>
                    </InputFields>
                    <OutputFields>
                        <FieldRef>PROCESS_CODE</FieldRef>
                        <FieldRef>PROCESS_GROUP</FieldRef>
                        <FieldRef>COMPONENT</FieldRef>
                        <FieldRef>SOURCE_SYSTEM</FieldRef>
                        <FieldRef>PROCESS_TYPE</FieldRef>
                        <FieldRef>EXEC_WINDOW_START_TIME</FieldRef>
                        <FieldRef>EXEC_WINDOW_PERIOD</FieldRef>
                        <FieldRef>EXPECTED_TIME_PER_EXEC</FieldRef>
                        <FieldRef>BLOCKER_PROCESS_CODES</FieldRef>
                        <FieldRef>DUMMY_COLUMN</FieldRef>
                        <FieldDataType>STRING</FieldDataType>
                        <FieldDataType>STRING</FieldDataType>
                        <FieldDataType>STRING</FieldDataType>
                        <FieldDataType>STRING</FieldDataType>
                        <FieldDataType>STRING</FieldDataType>
                        <FieldDataType>STRING</FieldDataType>
                        <FieldDataType>BIGINTEGER</FieldDataType>
                        <FieldDataType>BIGINTEGER</FieldDataType>
                        <FieldDataType>STRING</FieldDataType>
                        <FieldDataType>BIGINTEGER</FieldDataType>
                    </OutputFields>
                </SourceDef>
                <SourceDef from="join.input.right.select" joinType="Inner" fitsInMemory="false">
                    <JoinFields>
                        <FieldRef>DUMMY_COL</FieldRef>
                        <FieldDataType>BIGINTEGER</FieldDataType>
                    </JoinFields>
                    <InputFields>
                        <FieldRef>CNT</FieldRef>
                        <FieldRef>DUMMY_COL</FieldRef>
                        <FieldRef>CREATE_DATETIME</FieldRef>
                        <FieldRef>UPDATE_DATETIME</FieldRef>
                        <FieldDataType>BIGINTEGER</FieldDataType>
                        <FieldDataType>BIGINTEGER</FieldDataType>
                        <FieldDataType>DATETIME</FieldDataType>
                        <FieldDataType>DATETIME</FieldDataType>
                    </InputFields>
                    <OutputFields>
                        <FieldRef>fld_dfeda191b91d47d3b48d2bc0da4d072c_R</FieldRef>
                        <FieldRef>DUMMY_COL</FieldRef>
                        <FieldRef>CREATE_DATETIME</FieldRef>
                        <FieldRef>UPDATE_DATETIME</FieldRef>
                        <FieldDataType>BIGINTEGER</FieldDataType>
                        <FieldDataType>BIGINTEGER</FieldDataType>
                        <FieldDataType>DATETIME</FieldDataType>
                        <FieldDataType>DATETIME</FieldDataType>
                    </OutputFields>
                </SourceDef>
            </DataFrameJoinDef>
            <SelectDef from="join.join" id="join.select" countOutput="false">
                <SelectFields>
                    <FieldRef>PROCESS_CODE</FieldRef>
                    <FieldRef>PROCESS_GROUP</FieldRef>
                    <FieldRef>COMPONENT</FieldRef>
                    <FieldRef>SOURCE_SYSTEM</FieldRef>
                    <FieldRef>PROCESS_TYPE</FieldRef>
                    <FieldRef>EXEC_WINDOW_START_TIME</FieldRef>
                    <FieldRef>EXEC_WINDOW_PERIOD</FieldRef>
                    <FieldRef>EXPECTED_TIME_PER_EXEC</FieldRef>
                    <FieldRef>BLOCKER_PROCESS_CODES</FieldRef>
                    <FieldRef>CREATE_DATETIME</FieldRef>
                    <FieldRef>UPDATE_DATETIME</FieldRef>
                    <FieldDataType>STRING</FieldDataType>
                    <FieldDataType>STRING</FieldDataType>
                    <FieldDataType>STRING</FieldDataType>
                    <FieldDataType>STRING</FieldDataType>
                    <FieldDataType>STRING</FieldDataType>
                    <FieldDataType>STRING</FieldDataType>
                    <FieldDataType>BIGINTEGER</FieldDataType>
                    <FieldDataType>BIGINTEGER</FieldDataType>
                    <FieldDataType>STRING</FieldDataType>
                    <FieldDataType>DATETIME</FieldDataType>
                    <FieldDataType>DATETIME</FieldDataType>
                </SelectFields>
            </SelectDef>
        </OperationsDef>
        <OutputsDef>
            <OutputDef id="join.output" from="join.select" passthru="true" decryptSecuredValues="false"/>
        </OutputsDef>
    </PipelineDef>
    <PipelineDef id="script">
        <InputsDef>
            <InputDef id="script.input" fromOutputId="join.output"/>
        </InputsDef>
        <OperationsDef>
            <ScriptDef mimeType="text/javascript" from="script.input" id="script.script" countOutput="true">
                <SelectFields>
                    <FieldRef>PROCESS_CODE</FieldRef>
                    <FieldRef>PROCESS_GROUP</FieldRef>
                    <FieldRef>COMPONENT</FieldRef>
                    <FieldRef>SOURCE_SYSTEM</FieldRef>
                    <FieldRef>PROCESS_TYPE</FieldRef>
                    <FieldRef>EXEC_WINDOW_START_TIME</FieldRef>
                    <FieldRef>EXEC_WINDOW_PERIOD</FieldRef>
                    <FieldRef>EXPECTED_TIME_PER_EXEC</FieldRef>
                    <FieldRef>BLOCKER_PROCESS_CODES</FieldRef>
                    <FieldRef>CREATE_DATETIME</FieldRef>
                    <FieldRef>UPDATE_DATETIME</FieldRef>
                    <FieldDataType>STRING</FieldDataType>
                    <FieldDataType>STRING</FieldDataType>
                    <FieldDataType>STRING</FieldDataType>
                    <FieldDataType>STRING</FieldDataType>
                    <FieldDataType>STRING</FieldDataType>
                    <FieldDataType>STRING</FieldDataType>
                    <FieldDataType>BIGINTEGER</FieldDataType>
                    <FieldDataType>BIGINTEGER</FieldDataType>
                    <FieldDataType>STRING</FieldDataType>
                    <FieldDataType>DATETIME</FieldDataType>
                    <FieldDataType>DATETIME</FieldDataType>
                </SelectFields>
                <Script>copyInputsToOutputs();
output.FAH_PROCESS_ID=RUNTIME('processId');
output.FAH_SYSTEM_RECORD_VERSION=1;
output.FAH_SYSTEM_CREATED_TS=input.CREATE_DATETIME;
output.FAH_SYSTEM_UPDATED_TS=input.UPDATE_DATETIME;</Script>
                <ScriptInputFields>
                    <FieldRef>PROCESS_CODE</FieldRef>
                    <FieldRef>PROCESS_GROUP</FieldRef>
                    <FieldRef>COMPONENT</FieldRef>
                    <FieldRef>SOURCE_SYSTEM</FieldRef>
                    <FieldRef>PROCESS_TYPE</FieldRef>
                    <FieldRef>EXEC_WINDOW_START_TIME</FieldRef>
                    <FieldRef>EXEC_WINDOW_PERIOD</FieldRef>
                    <FieldRef>EXPECTED_TIME_PER_EXEC</FieldRef>
                    <FieldRef>BLOCKER_PROCESS_CODES</FieldRef>
                    <FieldRef>CREATE_DATETIME</FieldRef>
                    <FieldRef>UPDATE_DATETIME</FieldRef>
                    <FieldDataType>STRING</FieldDataType>
                    <FieldDataType>STRING</FieldDataType>
                    <FieldDataType>STRING</FieldDataType>
                    <FieldDataType>STRING</FieldDataType>
                    <FieldDataType>STRING</FieldDataType>
                    <FieldDataType>STRING</FieldDataType>
                    <FieldDataType>BIGINTEGER</FieldDataType>
                    <FieldDataType>BIGINTEGER</FieldDataType>
                    <FieldDataType>STRING</FieldDataType>
                    <FieldDataType>DATETIME</FieldDataType>
                    <FieldDataType>DATETIME</FieldDataType>
                </ScriptInputFields>
                <ScriptOutputFields>
                    <FieldRef>PROCESS_CODE</FieldRef>
                    <FieldRef>PROCESS_GROUP</FieldRef>
                    <FieldRef>COMPONENT</FieldRef>
                    <FieldRef>SOURCE_SYSTEM</FieldRef>
                    <FieldRef>PROCESS_TYPE</FieldRef>
                    <FieldRef>EXEC_WINDOW_START_TIME</FieldRef>
                    <FieldRef>EXEC_WINDOW_PERIOD</FieldRef>
                    <FieldRef>EXPECTED_TIME_PER_EXEC</FieldRef>
                    <FieldRef>BLOCKER_PROCESS_CODES</FieldRef>
                    <FieldRef>FAH_PROCESS_ID</FieldRef>
                    <FieldRef>FAH_SYSTEM_RECORD_VERSION</FieldRef>
                    <FieldRef>FAH_SYSTEM_CREATED_TS</FieldRef>
                    <FieldRef>FAH_SYSTEM_UPDATED_TS</FieldRef>
                    <FieldDataType>STRING</FieldDataType>
                    <FieldDataType>STRING</FieldDataType>
                    <FieldDataType>STRING</FieldDataType>
                    <FieldDataType>STRING</FieldDataType>
                    <FieldDataType>STRING</FieldDataType>
                    <FieldDataType>STRING</FieldDataType>
                    <FieldDataType>BIGINTEGER</FieldDataType>
                    <FieldDataType>BIGINTEGER</FieldDataType>
                    <FieldDataType>STRING</FieldDataType>
                    <FieldDataType>STRING</FieldDataType>
                    <FieldDataType>BIGINTEGER</FieldDataType>
                    <FieldDataType>DATETIME</FieldDataType>
                    <FieldDataType>DATETIME</FieldDataType>
                </ScriptOutputFields>
                <OutputFields>
                    <FieldRef>PROCESS_CODE</FieldRef>
                    <FieldRef>PROCESS_GROUP</FieldRef>
                    <FieldRef>COMPONENT</FieldRef>
                    <FieldRef>SOURCE_SYSTEM</FieldRef>
                    <FieldRef>PROCESS_TYPE</FieldRef>
                    <FieldRef>EXEC_WINDOW_START_TIME</FieldRef>
                    <FieldRef>EXEC_WINDOW_PERIOD</FieldRef>
                    <FieldRef>EXPECTED_TIME_PER_EXEC</FieldRef>
                    <FieldRef>BLOCKER_PROCESS_CODES</FieldRef>
                    <FieldRef>FAH_PROCESS_ID</FieldRef>
                    <FieldRef>FAH_SYSTEM_RECORD_VERSION</FieldRef>
                    <FieldRef>FAH_SYSTEM_CREATED_TS</FieldRef>
                    <FieldRef>FAH_SYSTEM_UPDATED_TS</FieldRef>
                    <FieldDataType>STRING</FieldDataType>
                    <FieldDataType>STRING</FieldDataType>
                    <FieldDataType>STRING</FieldDataType>
                    <FieldDataType>STRING</FieldDataType>
                    <FieldDataType>STRING</FieldDataType>
                    <FieldDataType>STRING</FieldDataType>
                    <FieldDataType>BIGINTEGER</FieldDataType>
                    <FieldDataType>BIGINTEGER</FieldDataType>
                    <FieldDataType>STRING</FieldDataType>
                    <FieldDataType>STRING</FieldDataType>
                    <FieldDataType>BIGINTEGER</FieldDataType>
                    <FieldDataType>DATETIME</FieldDataType>
                    <FieldDataType>DATETIME</FieldDataType>
                </OutputFields>
            </ScriptDef>
        </OperationsDef>
        <OutputsDef>
            <OutputDef id="script.output" from="script.script" passthru="true" decryptSecuredValues="false"/>
        </OutputsDef>
    </PipelineDef>
    <PipelineDef id="dataStoreOutput">
        <InputsDef>
            <InputDef id="dataStoreOutput.input" fromOutputId="script.output"/>
        </InputsDef>
        <OperationsDef>
            <RenameDef from="dataStoreOutput.input" id="dataStoreOutput.rename" countOutput="false">
                <FromFields>
                    <FieldRef>PROCESS_CODE</FieldRef>
                    <FieldRef>PROCESS_GROUP</FieldRef>
                    <FieldRef>COMPONENT</FieldRef>
                    <FieldRef>SOURCE_SYSTEM</FieldRef>
                    <FieldRef>PROCESS_TYPE</FieldRef>
                    <FieldRef>EXEC_WINDOW_START_TIME</FieldRef>
                    <FieldRef>EXEC_WINDOW_PERIOD</FieldRef>
                    <FieldRef>EXPECTED_TIME_PER_EXEC</FieldRef>
                    <FieldRef>BLOCKER_PROCESS_CODES</FieldRef>
                    <FieldRef>FAH_PROCESS_ID</FieldRef>
                    <FieldRef>FAH_SYSTEM_RECORD_VERSION</FieldRef>
                    <FieldRef>FAH_SYSTEM_CREATED_TS</FieldRef>
                    <FieldRef>FAH_SYSTEM_UPDATED_TS</FieldRef>
                </FromFields>
                <ToFields>
                    <FieldRef>PROCESS_CODE</FieldRef>
                    <FieldRef>PROCESS_GROUP</FieldRef>
                    <FieldRef>COMPONENT</FieldRef>
                    <FieldRef>SOURCE_SYSTEM</FieldRef>
                    <FieldRef>PROCESS_TYPE</FieldRef>
                    <FieldRef>EXEC_WINDOW_START_TIME</FieldRef>
                    <FieldRef>EXEC_WINDOW_PERIOD</FieldRef>
                    <FieldRef>EXPECTED_TIME_PER_EXEC</FieldRef>
                    <FieldRef>BLOCKER_PROCESS_CODES</FieldRef>
                    <FieldRef>FAH_PROCESS_ID</FieldRef>
                    <FieldRef>FAH_SYSTEM_RECORD_VERSION</FieldRef>
                    <FieldRef>FAH_SYSTEM_CREATED_TS</FieldRef>
                    <FieldRef>FAH_SYSTEM_UPDATED_TS</FieldRef>
                </ToFields>
                <OutputFields>
                    <FieldRef>PROCESS_CODE</FieldRef>
                    <FieldRef>PROCESS_GROUP</FieldRef>
                    <FieldRef>COMPONENT</FieldRef>
                    <FieldRef>SOURCE_SYSTEM</FieldRef>
                    <FieldRef>PROCESS_TYPE</FieldRef>
                    <FieldRef>EXEC_WINDOW_START_TIME</FieldRef>
                    <FieldRef>EXEC_WINDOW_PERIOD</FieldRef>
                    <FieldRef>EXPECTED_TIME_PER_EXEC</FieldRef>
                    <FieldRef>BLOCKER_PROCESS_CODES</FieldRef>
                    <FieldRef>FAH_PROCESS_ID</FieldRef>
                    <FieldRef>FAH_SYSTEM_RECORD_VERSION</FieldRef>
                    <FieldRef>FAH_SYSTEM_CREATED_TS</FieldRef>
                    <FieldRef>FAH_SYSTEM_UPDATED_TS</FieldRef>
                </OutputFields>
            </RenameDef>
        </OperationsDef>
        <OutputsDef>
            <OutputDef id="dataStoreOutput.output" from="dataStoreOutput.rename" passthru="false" maxNumOutputPartitions="1" decryptSecuredValues="false">
                <DataStoreRef name="da0685129bc24600b0ec2ecbc4d8580e" owningMemberId="1000">
                    <FieldsToUpdate>
                        <FieldRef>PROCESS_CODE</FieldRef>
                        <FieldRef>PROCESS_GROUP</FieldRef>
                        <FieldRef>COMPONENT</FieldRef>
                        <FieldRef>SOURCE_SYSTEM</FieldRef>
                        <FieldRef>PROCESS_TYPE</FieldRef>
                        <FieldRef>EXEC_WINDOW_START_TIME</FieldRef>
                        <FieldRef>EXEC_WINDOW_PERIOD</FieldRef>
                        <FieldRef>EXPECTED_TIME_PER_EXEC</FieldRef>
                        <FieldRef>BLOCKER_PROCESS_CODES</FieldRef>
                        <FieldRef>FAH_PROCESS_ID</FieldRef>
                        <FieldRef>FAH_SYSTEM_RECORD_VERSION</FieldRef>
                        <FieldRef>FAH_SYSTEM_CREATED_TS</FieldRef>
                        <FieldRef>FAH_SYSTEM_UPDATED_TS</FieldRef>
                        <FieldDataType>STRING</FieldDataType>
                        <FieldDataType>STRING</FieldDataType>
                        <FieldDataType>STRING</FieldDataType>
                        <FieldDataType>STRING</FieldDataType>
                        <FieldDataType>STRING</FieldDataType>
                        <FieldDataType>STRING</FieldDataType>
                        <FieldDataType>BIGINTEGER</FieldDataType>
                        <FieldDataType>BIGINTEGER</FieldDataType>
                        <FieldDataType>STRING</FieldDataType>
                        <FieldDataType>STRING</FieldDataType>
                        <FieldDataType>BIGINTEGER</FieldDataType>
                        <FieldDataType>DATETIME</FieldDataType>
                        <FieldDataType>DATETIME</FieldDataType>
                    </FieldsToUpdate>
                </DataStoreRef>
            </OutputDef>
        </OutputsDef>
    </PipelineDef>
</ExecutionModel>
