<?xml version="1.0" encoding="UTF-8" standalone="yes"?>
<ExecutionModel xmlns="com/infogix/component/executionengine/export/fdt" id="804c0530fa4749ab82796585fe7e9d49_exec">
    <OptionsDef logLimit="100" cacheOperationOutput="true" cacheResourceIntensiveOperationOutput="false" countOperationOutput="true"/>
    <PipelineDef id="dataStore2">
        <InputsDef>
            <InputDef id="dataStore2.input">
                <DataStoreRef name="9c80456dca96455eaca2be884dbad07c" owningMemberId="1000" dataLoadRange="ALL">
                    <SourceFilter/>
                </DataStoreRef>
            </InputDef>
        </InputsDef>
        <OperationsDef>
            <SelectDef from="dataStore2.input" id="dataStore2.select" countOutput="false">
                <SelectFields>
                    <FieldRef>ASSET_TYPE_NAME</FieldRef>
                    <FieldRef>ASSET_TYPE_UID</FieldRef>
                    <FieldRef>NEXT_ASSET_TYPE_NAME</FieldRef>
                    <FieldRef>ASSET_NAME</FieldRef>
                    <FieldRef>ASSET_UID</FieldRef>
                    <FieldRef>NEXT_ASSET_NAME</FieldRef>
                    <FieldRef>NEXT_ASSET_UID</FieldRef>
                    <FieldRef>ASSET_CLASS</FieldRef>
                    <FieldRef>NEXT_ASSET_CLASS</FieldRef>
                    <FieldRef>PREDICATE_NAME</FieldRef>
                    <FieldRef>PREDICATE_UID</FieldRef>
                    <FieldRef>WEIGHTAGE</FieldRef>
                    <FieldRef>HIERARCHY</FieldRef>
                    <FieldRef>D3S_PROCESS_ID</FieldRef>
                    <FieldRef>D3S_WORK_ID</FieldRef>
                    <FieldRef>D3S_RECORD_ID</FieldRef>
                    <FieldRef>D3S_SYSTEM_CREATED_TS</FieldRef>
                    <FieldRef>D3S_USER_DEFINED_1</FieldRef>
                    <FieldRef>D3S_USER_DEFINED_2</FieldRef>
                    <FieldRef>D3S_USER_DEFINED_3</FieldRef>
                    <FieldRef>D3S_USER_DEFINED_4</FieldRef>
                    <FieldRef>D3S_USER_DEFINED_5</FieldRef>
                    <FieldRef>D3S_USER_DEFINED_6</FieldRef>
                    <FieldRef>D3S_USER_DEFINED_7</FieldRef>
                    <FieldRef>D3S_USER_DEFINED_8</FieldRef>
                    <FieldRef>D3S_USER_DEFINED_9</FieldRef>
                    <FieldRef>D3S_USER_DEFINED_10</FieldRef>
                    <FieldRef>D3S_USER_DEFINED_11</FieldRef>
                    <FieldRef>D3S_USER_DEFINED_12</FieldRef>
                    <FieldRef>NEXT_ASSET_TYPE_UID</FieldRef>
                    <FieldDataType>STRING</FieldDataType>
                    <FieldDataType>STRING</FieldDataType>
                    <FieldDataType>STRING</FieldDataType>
                    <FieldDataType>STRING</FieldDataType>
                    <FieldDataType>STRING</FieldDataType>
                    <FieldDataType>STRING</FieldDataType>
                    <FieldDataType>STRING</FieldDataType>
                    <FieldDataType>STRING</FieldDataType>
                    <FieldDataType>STRING</FieldDataType>
                    <FieldDataType>STRING</FieldDataType>
                    <FieldDataType>STRING</FieldDataType>
                    <FieldDataType>DECIMAL</FieldDataType>
                    <FieldDataType>STRING</FieldDataType>
                    <FieldDataType>STRING</FieldDataType>
                    <FieldDataType>STRING</FieldDataType>
                    <FieldDataType>STRING</FieldDataType>
                    <FieldDataType>DATETIME</FieldDataType>
                    <FieldDataType>BIGINTEGER</FieldDataType>
                    <FieldDataType>BIGINTEGER</FieldDataType>
                    <FieldDataType>DATE</FieldDataType>
                    <FieldDataType>DATE</FieldDataType>
                    <FieldDataType>DATETIME</FieldDataType>
                    <FieldDataType>DATETIME</FieldDataType>
                    <FieldDataType>STRING</FieldDataType>
                    <FieldDataType>STRING</FieldDataType>
                    <FieldDataType>STRING</FieldDataType>
                    <FieldDataType>STRING</FieldDataType>
                    <FieldDataType>STRING</FieldDataType>
                    <FieldDataType>STRING</FieldDataType>
                    <FieldDataType>STRING</FieldDataType>
                </SelectFields>
            </SelectDef>
            <ComputeDef from="dataStore2.select" id="dataStore2.compute1" countOutput="false">
                <ComputedField>Temp</ComputedField>
                <ComputedFieldDataType>INTEGER</ComputedFieldDataType>
                <ExpressionDef lang="formula" expression="1"/>
            </ComputeDef>
        </OperationsDef>
        <OutputsDef>
            <OutputDef id="dataStore2.output" from="dataStore2.compute1" passthru="true" decryptSecuredValues="false"/>
        </OutputsDef>
    </PipelineDef>
    <PipelineDef id="dataStore">
        <InputsDef>
            <InputDef id="dataStore.input">
                <DataStoreRef name="5701bcaf6cd8495fa5dd949d6287da35" owningMemberId="1000" dataLoadRange="ALL">
                    <SourceFilter/>
                </DataStoreRef>
            </InputDef>
        </InputsDef>
        <OperationsDef>
            <SelectDef from="dataStore.input" id="dataStore.select" countOutput="false">
                <SelectFields>
                    <FieldRef>KEY</FieldRef>
                    <FieldRef>VALUE</FieldRef>
                    <FieldRef>D3S_PROCESS_ID</FieldRef>
                    <FieldRef>D3S_WORK_ID</FieldRef>
                    <FieldRef>D3S_RECORD_ID</FieldRef>
                    <FieldRef>D3S_SYSTEM_CREATED_TS</FieldRef>
                    <FieldRef>D3S_USER_DEFINED_1</FieldRef>
                    <FieldRef>D3S_USER_DEFINED_2</FieldRef>
                    <FieldRef>D3S_USER_DEFINED_3</FieldRef>
                    <FieldRef>D3S_USER_DEFINED_4</FieldRef>
                    <FieldRef>D3S_USER_DEFINED_5</FieldRef>
                    <FieldRef>D3S_USER_DEFINED_6</FieldRef>
                    <FieldRef>D3S_USER_DEFINED_7</FieldRef>
                    <FieldRef>D3S_USER_DEFINED_8</FieldRef>
                    <FieldRef>D3S_USER_DEFINED_9</FieldRef>
                    <FieldRef>D3S_USER_DEFINED_10</FieldRef>
                    <FieldRef>D3S_USER_DEFINED_11</FieldRef>
                    <FieldRef>D3S_USER_DEFINED_12</FieldRef>
                    <FieldDataType>STRING</FieldDataType>
                    <FieldDataType>STRING</FieldDataType>
                    <FieldDataType>STRING</FieldDataType>
                    <FieldDataType>STRING</FieldDataType>
                    <FieldDataType>STRING</FieldDataType>
                    <FieldDataType>DATETIME</FieldDataType>
                    <FieldDataType>BIGINTEGER</FieldDataType>
                    <FieldDataType>BIGINTEGER</FieldDataType>
                    <FieldDataType>DATE</FieldDataType>
                    <FieldDataType>DATE</FieldDataType>
                    <FieldDataType>DATETIME</FieldDataType>
                    <FieldDataType>DATETIME</FieldDataType>
                    <FieldDataType>STRING</FieldDataType>
                    <FieldDataType>STRING</FieldDataType>
                    <FieldDataType>STRING</FieldDataType>
                    <FieldDataType>STRING</FieldDataType>
                    <FieldDataType>STRING</FieldDataType>
                    <FieldDataType>STRING</FieldDataType>
                </SelectFields>
            </SelectDef>
        </OperationsDef>
        <OutputsDef>
            <OutputDef id="dataStore.output" from="dataStore.select" passthru="true" decryptSecuredValues="false"/>
        </OutputsDef>
    </PipelineDef>
    <PipelineDef id="filter2">
        <InputsDef>
            <InputDef id="filter2.input" fromOutputId="dataStore.output"/>
        </InputsDef>
        <OperationsDef>
            <FilterDef from="filter2.input" id="filter2.filter" countOutput="true">
                <ExpressionDef lang="formula" expression="IN(KEY,'AT_DATA_ELEMENT','AT_DATA_ENTITY')"/>
            </FilterDef>
        </OperationsDef>
        <OutputsDef>
            <OutputDef id="filter2.output" from="filter2.filter" passthru="true" decryptSecuredValues="false"/>
        </OutputsDef>
    </PipelineDef>
    <PipelineDef id="sql">
        <InputsDef>
            <InputDef id="sql.input" fromOutputId="dataStore2.output"/>
            <InputDef id="sql.input.1" fromOutputId="filter2.output"/>
        </InputsDef>
        <OperationsDef>
            <SqlDef id="sql.sql" countOutput="true">
                <SourceDef name="input" from="sql.input">
                    <InputFields>
                        <FieldRef>ASSET_TYPE_NAME</FieldRef>
                        <FieldRef>ASSET_TYPE_UID</FieldRef>
                        <FieldRef>NEXT_ASSET_TYPE_NAME</FieldRef>
                        <FieldRef>ASSET_NAME</FieldRef>
                        <FieldRef>ASSET_UID</FieldRef>
                        <FieldRef>NEXT_ASSET_NAME</FieldRef>
                        <FieldRef>NEXT_ASSET_UID</FieldRef>
                        <FieldRef>ASSET_CLASS</FieldRef>
                        <FieldRef>NEXT_ASSET_CLASS</FieldRef>
                        <FieldRef>PREDICATE_NAME</FieldRef>
                        <FieldRef>PREDICATE_UID</FieldRef>
                        <FieldRef>WEIGHTAGE</FieldRef>
                        <FieldRef>HIERARCHY</FieldRef>
                        <FieldRef>D3S_PROCESS_ID</FieldRef>
                        <FieldRef>D3S_WORK_ID</FieldRef>
                        <FieldRef>D3S_RECORD_ID</FieldRef>
                        <FieldRef>D3S_SYSTEM_CREATED_TS</FieldRef>
                        <FieldRef>D3S_USER_DEFINED_1</FieldRef>
                        <FieldRef>D3S_USER_DEFINED_2</FieldRef>
                        <FieldRef>D3S_USER_DEFINED_3</FieldRef>
                        <FieldRef>D3S_USER_DEFINED_4</FieldRef>
                        <FieldRef>D3S_USER_DEFINED_5</FieldRef>
                        <FieldRef>D3S_USER_DEFINED_6</FieldRef>
                        <FieldRef>D3S_USER_DEFINED_7</FieldRef>
                        <FieldRef>D3S_USER_DEFINED_8</FieldRef>
                        <FieldRef>D3S_USER_DEFINED_9</FieldRef>
                        <FieldRef>D3S_USER_DEFINED_10</FieldRef>
                        <FieldRef>D3S_USER_DEFINED_11</FieldRef>
                        <FieldRef>D3S_USER_DEFINED_12</FieldRef>
                        <FieldRef>NEXT_ASSET_TYPE_UID</FieldRef>
                        <FieldRef>Temp</FieldRef>
                        <FieldDataType>STRING</FieldDataType>
                        <FieldDataType>STRING</FieldDataType>
                        <FieldDataType>STRING</FieldDataType>
                        <FieldDataType>STRING</FieldDataType>
                        <FieldDataType>STRING</FieldDataType>
                        <FieldDataType>STRING</FieldDataType>
                        <FieldDataType>STRING</FieldDataType>
                        <FieldDataType>STRING</FieldDataType>
                        <FieldDataType>STRING</FieldDataType>
                        <FieldDataType>STRING</FieldDataType>
                        <FieldDataType>STRING</FieldDataType>
                        <FieldDataType>DECIMAL</FieldDataType>
                        <FieldDataType>STRING</FieldDataType>
                        <FieldDataType>STRING</FieldDataType>
                        <FieldDataType>STRING</FieldDataType>
                        <FieldDataType>STRING</FieldDataType>
                        <FieldDataType>DATETIME</FieldDataType>
                        <FieldDataType>BIGINTEGER</FieldDataType>
                        <FieldDataType>BIGINTEGER</FieldDataType>
                        <FieldDataType>DATE</FieldDataType>
                        <FieldDataType>DATE</FieldDataType>
                        <FieldDataType>DATETIME</FieldDataType>
                        <FieldDataType>DATETIME</FieldDataType>
                        <FieldDataType>STRING</FieldDataType>
                        <FieldDataType>STRING</FieldDataType>
                        <FieldDataType>STRING</FieldDataType>
                        <FieldDataType>STRING</FieldDataType>
                        <FieldDataType>STRING</FieldDataType>
                        <FieldDataType>STRING</FieldDataType>
                        <FieldDataType>STRING</FieldDataType>
                        <FieldDataType>INTEGER</FieldDataType>
                        <EncryptField>false</EncryptField>
                        <EncryptField>false</EncryptField>
                        <EncryptField>false</EncryptField>
                        <EncryptField>false</EncryptField>
                        <EncryptField>false</EncryptField>
                        <EncryptField>false</EncryptField>
                        <EncryptField>false</EncryptField>
                        <EncryptField>false</EncryptField>
                        <EncryptField>false</EncryptField>
                        <EncryptField>false</EncryptField>
                        <EncryptField>false</EncryptField>
                        <EncryptField>false</EncryptField>
                        <EncryptField>false</EncryptField>
                        <EncryptField>false</EncryptField>
                        <EncryptField>false</EncryptField>
                        <EncryptField>false</EncryptField>
                        <EncryptField>false</EncryptField>
                        <EncryptField>false</EncryptField>
                        <EncryptField>false</EncryptField>
                        <EncryptField>false</EncryptField>
                        <EncryptField>false</EncryptField>
                        <EncryptField>false</EncryptField>
                        <EncryptField>false</EncryptField>
                        <EncryptField>false</EncryptField>
                        <EncryptField>false</EncryptField>
                        <EncryptField>false</EncryptField>
                        <EncryptField>false</EncryptField>
                        <EncryptField>false</EncryptField>
                        <EncryptField>false</EncryptField>
                        <EncryptField>false</EncryptField>
                        <EncryptField>false</EncryptField>
                    </InputFields>
                </SourceDef>
                <SourceDef name="config" from="sql.input.1">
                    <InputFields>
                        <FieldRef>KEY</FieldRef>
                        <FieldRef>VALUE</FieldRef>
                        <FieldRef>D3S_PROCESS_ID</FieldRef>
                        <FieldRef>D3S_WORK_ID</FieldRef>
                        <FieldRef>D3S_RECORD_ID</FieldRef>
                        <FieldRef>D3S_SYSTEM_CREATED_TS</FieldRef>
                        <FieldRef>D3S_USER_DEFINED_1</FieldRef>
                        <FieldRef>D3S_USER_DEFINED_2</FieldRef>
                        <FieldRef>D3S_USER_DEFINED_3</FieldRef>
                        <FieldRef>D3S_USER_DEFINED_4</FieldRef>
                        <FieldRef>D3S_USER_DEFINED_5</FieldRef>
                        <FieldRef>D3S_USER_DEFINED_6</FieldRef>
                        <FieldRef>D3S_USER_DEFINED_7</FieldRef>
                        <FieldRef>D3S_USER_DEFINED_8</FieldRef>
                        <FieldRef>D3S_USER_DEFINED_9</FieldRef>
                        <FieldRef>D3S_USER_DEFINED_10</FieldRef>
                        <FieldRef>D3S_USER_DEFINED_11</FieldRef>
                        <FieldRef>D3S_USER_DEFINED_12</FieldRef>
                        <FieldDataType>STRING</FieldDataType>
                        <FieldDataType>STRING</FieldDataType>
                        <FieldDataType>STRING</FieldDataType>
                        <FieldDataType>STRING</FieldDataType>
                        <FieldDataType>STRING</FieldDataType>
                        <FieldDataType>DATETIME</FieldDataType>
                        <FieldDataType>BIGINTEGER</FieldDataType>
                        <FieldDataType>BIGINTEGER</FieldDataType>
                        <FieldDataType>DATE</FieldDataType>
                        <FieldDataType>DATE</FieldDataType>
                        <FieldDataType>DATETIME</FieldDataType>
                        <FieldDataType>DATETIME</FieldDataType>
                        <FieldDataType>STRING</FieldDataType>
                        <FieldDataType>STRING</FieldDataType>
                        <FieldDataType>STRING</FieldDataType>
                        <FieldDataType>STRING</FieldDataType>
                        <FieldDataType>STRING</FieldDataType>
                        <FieldDataType>STRING</FieldDataType>
                        <EncryptField>false</EncryptField>
                        <EncryptField>false</EncryptField>
                        <EncryptField>false</EncryptField>
                        <EncryptField>false</EncryptField>
                        <EncryptField>false</EncryptField>
                        <EncryptField>false</EncryptField>
                        <EncryptField>false</EncryptField>
                        <EncryptField>false</EncryptField>
                        <EncryptField>false</EncryptField>
                        <EncryptField>false</EncryptField>
                        <EncryptField>false</EncryptField>
                        <EncryptField>false</EncryptField>
                        <EncryptField>false</EncryptField>
                        <EncryptField>false</EncryptField>
                        <EncryptField>false</EncryptField>
                        <EncryptField>false</EncryptField>
                        <EncryptField>false</EncryptField>
                        <EncryptField>false</EncryptField>
                    </InputFields>
                </SourceDef>
                <Sql>SELECT DISTINCT input.NEXT_ASSET_UID AS ASSET_UID,input.NEXT_ASSET_NAME AS ASSET_NAME , 2 as LEVEL
FROM input WHERE input.ASSET_TYPE_NAME IN (SELECT config.VALUE FROM config WHERE config.KEY='AT_DATA_ELEMENT') and input.NEXT_ASSET_CLASS &lt;&gt; 'Rule' ---and input.ASSET_NAME NOT IN ('CMF','CONTACT_DATA')</Sql>
                <OutputFields>
                    <FieldRef>ASSET_UID</FieldRef>
                    <FieldRef>LEVEL</FieldRef>
                    <FieldRef>ASSET_NAME</FieldRef>
                    <FieldDataType>STRING</FieldDataType>
                    <FieldDataType>INTEGER</FieldDataType>
                    <FieldDataType>STRING</FieldDataType>
                    <NestedFields xmlns:xsi="http://www.w3.org/2001/XMLSchema-instance" xsi:nil="true"/>
                    <NestedFields xmlns:xsi="http://www.w3.org/2001/XMLSchema-instance" xsi:nil="true"/>
                    <NestedFields xmlns:xsi="http://www.w3.org/2001/XMLSchema-instance" xsi:nil="true"/>
                    <EncryptField>false</EncryptField>
                    <EncryptField>false</EncryptField>
                    <EncryptField>false</EncryptField>
                </OutputFields>
            </SqlDef>
            <ComputeDef from="sql.sql" id="sql.compute1" countOutput="false">
                <ComputedField>Dummy</ComputedField>
                <ComputedFieldDataType>INTEGER</ComputedFieldDataType>
                <ExpressionDef lang="formula" expression="1"/>
            </ComputeDef>
        </OperationsDef>
        <OutputsDef>
            <OutputDef id="sql.output" from="sql.compute1" passthru="true" decryptSecuredValues="false"/>
        </OutputsDef>
    </PipelineDef>
    <PipelineDef id="sql5">
        <InputsDef>
            <InputDef id="sql5.input" fromOutputId="dataStore2.output"/>
            <InputDef id="sql5.input.1" fromOutputId="dataStore.output"/>
        </InputsDef>
        <OperationsDef>
            <SqlDef id="sql5.sql" countOutput="true">
                <SourceDef name="input" from="sql5.input">
                    <InputFields>
                        <FieldRef>ASSET_TYPE_NAME</FieldRef>
                        <FieldRef>ASSET_TYPE_UID</FieldRef>
                        <FieldRef>NEXT_ASSET_TYPE_NAME</FieldRef>
                        <FieldRef>ASSET_NAME</FieldRef>
                        <FieldRef>ASSET_UID</FieldRef>
                        <FieldRef>NEXT_ASSET_NAME</FieldRef>
                        <FieldRef>NEXT_ASSET_UID</FieldRef>
                        <FieldRef>ASSET_CLASS</FieldRef>
                        <FieldRef>NEXT_ASSET_CLASS</FieldRef>
                        <FieldRef>PREDICATE_NAME</FieldRef>
                        <FieldRef>PREDICATE_UID</FieldRef>
                        <FieldRef>WEIGHTAGE</FieldRef>
                        <FieldRef>HIERARCHY</FieldRef>
                        <FieldRef>D3S_PROCESS_ID</FieldRef>
                        <FieldRef>D3S_WORK_ID</FieldRef>
                        <FieldRef>D3S_RECORD_ID</FieldRef>
                        <FieldRef>D3S_SYSTEM_CREATED_TS</FieldRef>
                        <FieldRef>D3S_USER_DEFINED_1</FieldRef>
                        <FieldRef>D3S_USER_DEFINED_2</FieldRef>
                        <FieldRef>D3S_USER_DEFINED_3</FieldRef>
                        <FieldRef>D3S_USER_DEFINED_4</FieldRef>
                        <FieldRef>D3S_USER_DEFINED_5</FieldRef>
                        <FieldRef>D3S_USER_DEFINED_6</FieldRef>
                        <FieldRef>D3S_USER_DEFINED_7</FieldRef>
                        <FieldRef>D3S_USER_DEFINED_8</FieldRef>
                        <FieldRef>D3S_USER_DEFINED_9</FieldRef>
                        <FieldRef>D3S_USER_DEFINED_10</FieldRef>
                        <FieldRef>D3S_USER_DEFINED_11</FieldRef>
                        <FieldRef>D3S_USER_DEFINED_12</FieldRef>
                        <FieldRef>NEXT_ASSET_TYPE_UID</FieldRef>
                        <FieldRef>Temp</FieldRef>
                        <FieldDataType>STRING</FieldDataType>
                        <FieldDataType>STRING</FieldDataType>
                        <FieldDataType>STRING</FieldDataType>
                        <FieldDataType>STRING</FieldDataType>
                        <FieldDataType>STRING</FieldDataType>
                        <FieldDataType>STRING</FieldDataType>
                        <FieldDataType>STRING</FieldDataType>
                        <FieldDataType>STRING</FieldDataType>
                        <FieldDataType>STRING</FieldDataType>
                        <FieldDataType>STRING</FieldDataType>
                        <FieldDataType>STRING</FieldDataType>
                        <FieldDataType>DECIMAL</FieldDataType>
                        <FieldDataType>STRING</FieldDataType>
                        <FieldDataType>STRING</FieldDataType>
                        <FieldDataType>STRING</FieldDataType>
                        <FieldDataType>STRING</FieldDataType>
                        <FieldDataType>DATETIME</FieldDataType>
                        <FieldDataType>BIGINTEGER</FieldDataType>
                        <FieldDataType>BIGINTEGER</FieldDataType>
                        <FieldDataType>DATE</FieldDataType>
                        <FieldDataType>DATE</FieldDataType>
                        <FieldDataType>DATETIME</FieldDataType>
                        <FieldDataType>DATETIME</FieldDataType>
                        <FieldDataType>STRING</FieldDataType>
                        <FieldDataType>STRING</FieldDataType>
                        <FieldDataType>STRING</FieldDataType>
                        <FieldDataType>STRING</FieldDataType>
                        <FieldDataType>STRING</FieldDataType>
                        <FieldDataType>STRING</FieldDataType>
                        <FieldDataType>STRING</FieldDataType>
                        <FieldDataType>INTEGER</FieldDataType>
                        <EncryptField>false</EncryptField>
                        <EncryptField>false</EncryptField>
                        <EncryptField>false</EncryptField>
                        <EncryptField>false</EncryptField>
                        <EncryptField>false</EncryptField>
                        <EncryptField>false</EncryptField>
                        <EncryptField>false</EncryptField>
                        <EncryptField>false</EncryptField>
                        <EncryptField>false</EncryptField>
                        <EncryptField>false</EncryptField>
                        <EncryptField>false</EncryptField>
                        <EncryptField>false</EncryptField>
                        <EncryptField>false</EncryptField>
                        <EncryptField>false</EncryptField>
                        <EncryptField>false</EncryptField>
                        <EncryptField>false</EncryptField>
                        <EncryptField>false</EncryptField>
                        <EncryptField>false</EncryptField>
                        <EncryptField>false</EncryptField>
                        <EncryptField>false</EncryptField>
                        <EncryptField>false</EncryptField>
                        <EncryptField>false</EncryptField>
                        <EncryptField>false</EncryptField>
                        <EncryptField>false</EncryptField>
                        <EncryptField>false</EncryptField>
                        <EncryptField>false</EncryptField>
                        <EncryptField>false</EncryptField>
                        <EncryptField>false</EncryptField>
                        <EncryptField>false</EncryptField>
                        <EncryptField>false</EncryptField>
                        <EncryptField>false</EncryptField>
                    </InputFields>
                </SourceDef>
                <SourceDef name="config" from="sql5.input.1">
                    <InputFields>
                        <FieldRef>KEY</FieldRef>
                        <FieldRef>VALUE</FieldRef>
                        <FieldRef>D3S_PROCESS_ID</FieldRef>
                        <FieldRef>D3S_WORK_ID</FieldRef>
                        <FieldRef>D3S_RECORD_ID</FieldRef>
                        <FieldRef>D3S_SYSTEM_CREATED_TS</FieldRef>
                        <FieldRef>D3S_USER_DEFINED_1</FieldRef>
                        <FieldRef>D3S_USER_DEFINED_2</FieldRef>
                        <FieldRef>D3S_USER_DEFINED_3</FieldRef>
                        <FieldRef>D3S_USER_DEFINED_4</FieldRef>
                        <FieldRef>D3S_USER_DEFINED_5</FieldRef>
                        <FieldRef>D3S_USER_DEFINED_6</FieldRef>
                        <FieldRef>D3S_USER_DEFINED_7</FieldRef>
                        <FieldRef>D3S_USER_DEFINED_8</FieldRef>
                        <FieldRef>D3S_USER_DEFINED_9</FieldRef>
                        <FieldRef>D3S_USER_DEFINED_10</FieldRef>
                        <FieldRef>D3S_USER_DEFINED_11</FieldRef>
                        <FieldRef>D3S_USER_DEFINED_12</FieldRef>
                        <FieldDataType>STRING</FieldDataType>
                        <FieldDataType>STRING</FieldDataType>
                        <FieldDataType>STRING</FieldDataType>
                        <FieldDataType>STRING</FieldDataType>
                        <FieldDataType>STRING</FieldDataType>
                        <FieldDataType>DATETIME</FieldDataType>
                        <FieldDataType>BIGINTEGER</FieldDataType>
                        <FieldDataType>BIGINTEGER</FieldDataType>
                        <FieldDataType>DATE</FieldDataType>
                        <FieldDataType>DATE</FieldDataType>
                        <FieldDataType>DATETIME</FieldDataType>
                        <FieldDataType>DATETIME</FieldDataType>
                        <FieldDataType>STRING</FieldDataType>
                        <FieldDataType>STRING</FieldDataType>
                        <FieldDataType>STRING</FieldDataType>
                        <FieldDataType>STRING</FieldDataType>
                        <FieldDataType>STRING</FieldDataType>
                        <FieldDataType>STRING</FieldDataType>
                        <EncryptField>false</EncryptField>
                        <EncryptField>false</EncryptField>
                        <EncryptField>false</EncryptField>
                        <EncryptField>false</EncryptField>
                        <EncryptField>false</EncryptField>
                        <EncryptField>false</EncryptField>
                        <EncryptField>false</EncryptField>
                        <EncryptField>false</EncryptField>
                        <EncryptField>false</EncryptField>
                        <EncryptField>false</EncryptField>
                        <EncryptField>false</EncryptField>
                        <EncryptField>false</EncryptField>
                        <EncryptField>false</EncryptField>
                        <EncryptField>false</EncryptField>
                        <EncryptField>false</EncryptField>
                        <EncryptField>false</EncryptField>
                        <EncryptField>false</EncryptField>
                        <EncryptField>false</EncryptField>
                    </InputFields>
                </SourceDef>
                <Sql>SELECT * FROM input
WHERE 
	NOT (input.ASSET_TYPE_NAME = (SELECT config.VALUE FROM config WHERE config.KEY='AT_DATA_ELEMENT') AND
		(input.NEXT_ASSET_TYPE_NAME = (SELECT config.VALUE FROM config WHERE config.KEY='AT_BUSINESS_TERM')  OR
		 input.NEXT_ASSET_TYPE_NAME = (SELECT config.VALUE FROM config WHERE config.KEY='AT_DATA_ENTITY'))
		)</Sql>
                <OutputFields>
                    <FieldRef>ASSET_TYPE_NAME</FieldRef>
                    <FieldRef>ASSET_TYPE_UID</FieldRef>
                    <FieldRef>NEXT_ASSET_TYPE_NAME</FieldRef>
                    <FieldRef>ASSET_NAME</FieldRef>
                    <FieldRef>ASSET_UID</FieldRef>
                    <FieldRef>NEXT_ASSET_NAME</FieldRef>
                    <FieldRef>NEXT_ASSET_UID</FieldRef>
                    <FieldRef>ASSET_CLASS</FieldRef>
                    <FieldRef>NEXT_ASSET_CLASS</FieldRef>
                    <FieldRef>PREDICATE_NAME</FieldRef>
                    <FieldRef>PREDICATE_UID</FieldRef>
                    <FieldRef>WEIGHTAGE</FieldRef>
                    <FieldRef>HIERARCHY</FieldRef>
                    <FieldRef>D3S_PROCESS_ID</FieldRef>
                    <FieldRef>D3S_WORK_ID</FieldRef>
                    <FieldRef>D3S_RECORD_ID</FieldRef>
                    <FieldRef>D3S_SYSTEM_CREATED_TS</FieldRef>
                    <FieldRef>D3S_USER_DEFINED_1</FieldRef>
                    <FieldRef>D3S_USER_DEFINED_2</FieldRef>
                    <FieldRef>D3S_USER_DEFINED_3</FieldRef>
                    <FieldRef>D3S_USER_DEFINED_4</FieldRef>
                    <FieldRef>D3S_USER_DEFINED_5</FieldRef>
                    <FieldRef>D3S_USER_DEFINED_6</FieldRef>
                    <FieldRef>D3S_USER_DEFINED_7</FieldRef>
                    <FieldRef>D3S_USER_DEFINED_8</FieldRef>
                    <FieldRef>D3S_USER_DEFINED_9</FieldRef>
                    <FieldRef>D3S_USER_DEFINED_10</FieldRef>
                    <FieldRef>D3S_USER_DEFINED_11</FieldRef>
                    <FieldRef>D3S_USER_DEFINED_12</FieldRef>
                    <FieldRef>NEXT_ASSET_TYPE_UID</FieldRef>
                    <FieldRef>Temp</FieldRef>
                    <FieldDataType>STRING</FieldDataType>
                    <FieldDataType>STRING</FieldDataType>
                    <FieldDataType>STRING</FieldDataType>
                    <FieldDataType>STRING</FieldDataType>
                    <FieldDataType>STRING</FieldDataType>
                    <FieldDataType>STRING</FieldDataType>
                    <FieldDataType>STRING</FieldDataType>
                    <FieldDataType>STRING</FieldDataType>
                    <FieldDataType>STRING</FieldDataType>
                    <FieldDataType>STRING</FieldDataType>
                    <FieldDataType>STRING</FieldDataType>
                    <FieldDataType>DECIMAL</FieldDataType>
                    <FieldDataType>STRING</FieldDataType>
                    <FieldDataType>STRING</FieldDataType>
                    <FieldDataType>STRING</FieldDataType>
                    <FieldDataType>STRING</FieldDataType>
                    <FieldDataType>DATETIME</FieldDataType>
                    <FieldDataType>BIGINTEGER</FieldDataType>
                    <FieldDataType>BIGINTEGER</FieldDataType>
                    <FieldDataType>DATE</FieldDataType>
                    <FieldDataType>DATE</FieldDataType>
                    <FieldDataType>DATETIME</FieldDataType>
                    <FieldDataType>DATETIME</FieldDataType>
                    <FieldDataType>STRING</FieldDataType>
                    <FieldDataType>STRING</FieldDataType>
                    <FieldDataType>STRING</FieldDataType>
                    <FieldDataType>STRING</FieldDataType>
                    <FieldDataType>STRING</FieldDataType>
                    <FieldDataType>STRING</FieldDataType>
                    <FieldDataType>STRING</FieldDataType>
                    <FieldDataType>INTEGER</FieldDataType>
                    <NestedFields xmlns:xsi="http://www.w3.org/2001/XMLSchema-instance" xsi:nil="true"/>
                    <NestedFields xmlns:xsi="http://www.w3.org/2001/XMLSchema-instance" xsi:nil="true"/>
                    <NestedFields xmlns:xsi="http://www.w3.org/2001/XMLSchema-instance" xsi:nil="true"/>
                    <NestedFields xmlns:xsi="http://www.w3.org/2001/XMLSchema-instance" xsi:nil="true"/>
                    <NestedFields xmlns:xsi="http://www.w3.org/2001/XMLSchema-instance" xsi:nil="true"/>
                    <NestedFields xmlns:xsi="http://www.w3.org/2001/XMLSchema-instance" xsi:nil="true"/>
                    <NestedFields xmlns:xsi="http://www.w3.org/2001/XMLSchema-instance" xsi:nil="true"/>
                    <NestedFields xmlns:xsi="http://www.w3.org/2001/XMLSchema-instance" xsi:nil="true"/>
                    <NestedFields xmlns:xsi="http://www.w3.org/2001/XMLSchema-instance" xsi:nil="true"/>
                    <NestedFields xmlns:xsi="http://www.w3.org/2001/XMLSchema-instance" xsi:nil="true"/>
                    <NestedFields xmlns:xsi="http://www.w3.org/2001/XMLSchema-instance" xsi:nil="true"/>
                    <NestedFields xmlns:xsi="http://www.w3.org/2001/XMLSchema-instance" xsi:nil="true"/>
                    <NestedFields xmlns:xsi="http://www.w3.org/2001/XMLSchema-instance" xsi:nil="true"/>
                    <NestedFields xmlns:xsi="http://www.w3.org/2001/XMLSchema-instance" xsi:nil="true"/>
                    <NestedFields xmlns:xsi="http://www.w3.org/2001/XMLSchema-instance" xsi:nil="true"/>
                    <NestedFields xmlns:xsi="http://www.w3.org/2001/XMLSchema-instance" xsi:nil="true"/>
                    <NestedFields xmlns:xsi="http://www.w3.org/2001/XMLSchema-instance" xsi:nil="true"/>
                    <NestedFields xmlns:xsi="http://www.w3.org/2001/XMLSchema-instance" xsi:nil="true"/>
                    <NestedFields xmlns:xsi="http://www.w3.org/2001/XMLSchema-instance" xsi:nil="true"/>
                    <NestedFields xmlns:xsi="http://www.w3.org/2001/XMLSchema-instance" xsi:nil="true"/>
                    <NestedFields xmlns:xsi="http://www.w3.org/2001/XMLSchema-instance" xsi:nil="true"/>
                    <NestedFields xmlns:xsi="http://www.w3.org/2001/XMLSchema-instance" xsi:nil="true"/>
                    <NestedFields xmlns:xsi="http://www.w3.org/2001/XMLSchema-instance" xsi:nil="true"/>
                    <NestedFields xmlns:xsi="http://www.w3.org/2001/XMLSchema-instance" xsi:nil="true"/>
                    <NestedFields xmlns:xsi="http://www.w3.org/2001/XMLSchema-instance" xsi:nil="true"/>
                    <NestedFields xmlns:xsi="http://www.w3.org/2001/XMLSchema-instance" xsi:nil="true"/>
                    <NestedFields xmlns:xsi="http://www.w3.org/2001/XMLSchema-instance" xsi:nil="true"/>
                    <NestedFields xmlns:xsi="http://www.w3.org/2001/XMLSchema-instance" xsi:nil="true"/>
                    <NestedFields xmlns:xsi="http://www.w3.org/2001/XMLSchema-instance" xsi:nil="true"/>
                    <NestedFields xmlns:xsi="http://www.w3.org/2001/XMLSchema-instance" xsi:nil="true"/>
                    <NestedFields xmlns:xsi="http://www.w3.org/2001/XMLSchema-instance" xsi:nil="true"/>
                    <EncryptField>false</EncryptField>
                    <EncryptField>false</EncryptField>
                    <EncryptField>false</EncryptField>
                    <EncryptField>false</EncryptField>
                    <EncryptField>false</EncryptField>
                    <EncryptField>false</EncryptField>
                    <EncryptField>false</EncryptField>
                    <EncryptField>false</EncryptField>
                    <EncryptField>false</EncryptField>
                    <EncryptField>false</EncryptField>
                    <EncryptField>false</EncryptField>
                    <EncryptField>false</EncryptField>
                    <EncryptField>false</EncryptField>
                    <EncryptField>false</EncryptField>
                    <EncryptField>false</EncryptField>
                    <EncryptField>false</EncryptField>
                    <EncryptField>false</EncryptField>
                    <EncryptField>false</EncryptField>
                    <EncryptField>false</EncryptField>
                    <EncryptField>false</EncryptField>
                    <EncryptField>false</EncryptField>
                    <EncryptField>false</EncryptField>
                    <EncryptField>false</EncryptField>
                    <EncryptField>false</EncryptField>
                    <EncryptField>false</EncryptField>
                    <EncryptField>false</EncryptField>
                    <EncryptField>false</EncryptField>
                    <EncryptField>false</EncryptField>
                    <EncryptField>false</EncryptField>
                    <EncryptField>false</EncryptField>
                    <EncryptField>false</EncryptField>
                </OutputFields>
            </SqlDef>
        </OperationsDef>
        <OutputsDef>
            <OutputDef id="sql5.output" from="sql5.sql" passthru="true" decryptSecuredValues="false"/>
        </OutputsDef>
    </PipelineDef>
    <PipelineDef id="filter">
        <InputsDef>
            <InputDef id="filter.input" fromOutputId="sql5.output"/>
        </InputsDef>
        <OperationsDef>
            <FilterDef from="filter.input" id="filter.filter" countOutput="true">
                <ExpressionDef lang="formula" expression="NEXT_ASSET_CLASS &lt;&gt; 'Rule' &amp;&amp; NEXT_ASSET_CLASS &lt;&gt; 'Model' &amp;&amp; NEXT_ASSET_CLASS &lt;&gt; 'User'"/>
            </FilterDef>
        </OperationsDef>
        <OutputsDef>
            <OutputDef id="filter.output" from="filter.filter" passthru="true" decryptSecuredValues="false"/>
        </OutputsDef>
    </PipelineDef>
    <PipelineDef id="coGroup">
        <InputsDef>
            <InputDef id="coGroup.input.left" fromOutputId="sql.output"/>
            <InputDef id="coGroup.input.right" fromOutputId="filter.output"/>
        </InputsDef>
        <OperationsDef>
            <CoGroupDef id="coGroup.coGroup" countOutput="true">
                <SourceDef name="Left" from="coGroup.input.left">
                    <GroupFields>
                        <FieldRef>Dummy</FieldRef>
                        <FieldDataType>INTEGER</FieldDataType>
                    </GroupFields>
                    <OutputFields>
                        <FieldRef>ASSET_UID</FieldRef>
                        <FieldRef>LEVEL</FieldRef>
                        <FieldDataType>STRING</FieldDataType>
                        <FieldDataType>INTEGER</FieldDataType>
                    </OutputFields>
                </SourceDef>
                <SourceDef name="Right" from="coGroup.input.right">
                    <GroupFields>
                        <FieldRef>Temp</FieldRef>
                        <FieldDataType>INTEGER</FieldDataType>
                    </GroupFields>
                    <OutputFields>
                        <FieldRef>ASSET_TYPE_NAME</FieldRef>
                        <FieldRef>ASSET_TYPE_UID</FieldRef>
                        <FieldRef>NEXT_ASSET_TYPE_NAME</FieldRef>
                        <FieldRef>ASSET_NAME</FieldRef>
                        <FieldRef>ASSET_UID</FieldRef>
                        <FieldRef>NEXT_ASSET_NAME</FieldRef>
                        <FieldRef>NEXT_ASSET_UID</FieldRef>
                        <FieldRef>ASSET_CLASS</FieldRef>
                        <FieldRef>PREDICATE_NAME</FieldRef>
                        <FieldRef>PREDICATE_UID</FieldRef>
                        <FieldRef>WEIGHTAGE</FieldRef>
                        <FieldRef>HIERARCHY</FieldRef>
                        <FieldRef>D3S_PROCESS_ID</FieldRef>
                        <FieldRef>D3S_WORK_ID</FieldRef>
                        <FieldRef>D3S_RECORD_ID</FieldRef>
                        <FieldRef>D3S_SYSTEM_CREATED_TS</FieldRef>
                        <FieldRef>D3S_USER_DEFINED_1</FieldRef>
                        <FieldRef>D3S_USER_DEFINED_2</FieldRef>
                        <FieldRef>D3S_USER_DEFINED_3</FieldRef>
                        <FieldRef>D3S_USER_DEFINED_4</FieldRef>
                        <FieldRef>D3S_USER_DEFINED_5</FieldRef>
                        <FieldRef>D3S_USER_DEFINED_6</FieldRef>
                        <FieldRef>D3S_USER_DEFINED_7</FieldRef>
                        <FieldRef>D3S_USER_DEFINED_8</FieldRef>
                        <FieldRef>D3S_USER_DEFINED_9</FieldRef>
                        <FieldRef>D3S_USER_DEFINED_10</FieldRef>
                        <FieldRef>D3S_USER_DEFINED_11</FieldRef>
                        <FieldRef>D3S_USER_DEFINED_12</FieldRef>
                        <FieldRef>Temp</FieldRef>
                        <FieldDataType>STRING</FieldDataType>
                        <FieldDataType>STRING</FieldDataType>
                        <FieldDataType>STRING</FieldDataType>
                        <FieldDataType>STRING</FieldDataType>
                        <FieldDataType>STRING</FieldDataType>
                        <FieldDataType>STRING</FieldDataType>
                        <FieldDataType>STRING</FieldDataType>
                        <FieldDataType>STRING</FieldDataType>
                        <FieldDataType>STRING</FieldDataType>
                        <FieldDataType>STRING</FieldDataType>
                        <FieldDataType>DECIMAL</FieldDataType>
                        <FieldDataType>STRING</FieldDataType>
                        <FieldDataType>STRING</FieldDataType>
                        <FieldDataType>STRING</FieldDataType>
                        <FieldDataType>STRING</FieldDataType>
                        <FieldDataType>DATETIME</FieldDataType>
                        <FieldDataType>BIGINTEGER</FieldDataType>
                        <FieldDataType>BIGINTEGER</FieldDataType>
                        <FieldDataType>DATE</FieldDataType>
                        <FieldDataType>DATE</FieldDataType>
                        <FieldDataType>DATETIME</FieldDataType>
                        <FieldDataType>DATETIME</FieldDataType>
                        <FieldDataType>STRING</FieldDataType>
                        <FieldDataType>STRING</FieldDataType>
                        <FieldDataType>STRING</FieldDataType>
                        <FieldDataType>STRING</FieldDataType>
                        <FieldDataType>STRING</FieldDataType>
                        <FieldDataType>STRING</FieldDataType>
                        <FieldDataType>INTEGER</FieldDataType>
                    </OutputFields>
                </SourceDef>
            </CoGroupDef>
        </OperationsDef>
        <OutputsDef>
            <OutputDef id="coGroup.output" from="coGroup.coGroup" passthru="true" decryptSecuredValues="false"/>
        </OutputsDef>
    </PipelineDef>
    <PipelineDef id="script3">
        <InputsDef>
            <InputDef id="script3.input" fromOutputId="coGroup.output"/>
        </InputsDef>
        <OperationsDef>
            <ScriptDef mimeType="text/javascript" from="script3.input" id="script3.script" countOutput="true">
                <SelectFields>
                    <FieldRef>Dummy</FieldRef>
                    <FieldRef>Left</FieldRef>
                    <FieldRef>Right</FieldRef>
                    <FieldDataType>INTEGER</FieldDataType>
                    <FieldDataType>ARRAY</FieldDataType>
                    <FieldDataType>ARRAY</FieldDataType>
                    <NestedFields>
                        <FieldRef>ASSET_UID</FieldRef>
                        <FieldRef>LEVEL</FieldRef>
                        <FieldDataType>STRING</FieldDataType>
                        <FieldDataType>INTEGER</FieldDataType>
                        <EncryptField>false</EncryptField>
                        <EncryptField>false</EncryptField>
                    </NestedFields>
                    <NestedFields>
                        <FieldRef>ASSET_TYPE_NAME</FieldRef>
                        <FieldRef>ASSET_TYPE_UID</FieldRef>
                        <FieldRef>NEXT_ASSET_TYPE_NAME</FieldRef>
                        <FieldRef>ASSET_NAME</FieldRef>
                        <FieldRef>ASSET_UID</FieldRef>
                        <FieldRef>NEXT_ASSET_NAME</FieldRef>
                        <FieldRef>NEXT_ASSET_UID</FieldRef>
                        <FieldRef>ASSET_CLASS</FieldRef>
                        <FieldRef>PREDICATE_NAME</FieldRef>
                        <FieldRef>PREDICATE_UID</FieldRef>
                        <FieldRef>WEIGHTAGE</FieldRef>
                        <FieldRef>HIERARCHY</FieldRef>
                        <FieldRef>D3S_PROCESS_ID</FieldRef>
                        <FieldRef>D3S_WORK_ID</FieldRef>
                        <FieldRef>D3S_RECORD_ID</FieldRef>
                        <FieldRef>D3S_SYSTEM_CREATED_TS</FieldRef>
                        <FieldRef>D3S_USER_DEFINED_1</FieldRef>
                        <FieldRef>D3S_USER_DEFINED_2</FieldRef>
                        <FieldRef>D3S_USER_DEFINED_3</FieldRef>
                        <FieldRef>D3S_USER_DEFINED_4</FieldRef>
                        <FieldRef>D3S_USER_DEFINED_5</FieldRef>
                        <FieldRef>D3S_USER_DEFINED_6</FieldRef>
                        <FieldRef>D3S_USER_DEFINED_7</FieldRef>
                        <FieldRef>D3S_USER_DEFINED_8</FieldRef>
                        <FieldRef>D3S_USER_DEFINED_9</FieldRef>
                        <FieldRef>D3S_USER_DEFINED_10</FieldRef>
                        <FieldRef>D3S_USER_DEFINED_11</FieldRef>
                        <FieldRef>D3S_USER_DEFINED_12</FieldRef>
                        <FieldRef>Temp</FieldRef>
                        <FieldDataType>STRING</FieldDataType>
                        <FieldDataType>STRING</FieldDataType>
                        <FieldDataType>STRING</FieldDataType>
                        <FieldDataType>STRING</FieldDataType>
                        <FieldDataType>STRING</FieldDataType>
                        <FieldDataType>STRING</FieldDataType>
                        <FieldDataType>STRING</FieldDataType>
                        <FieldDataType>STRING</FieldDataType>
                        <FieldDataType>STRING</FieldDataType>
                        <FieldDataType>STRING</FieldDataType>
                        <FieldDataType>DECIMAL</FieldDataType>
                        <FieldDataType>STRING</FieldDataType>
                        <FieldDataType>STRING</FieldDataType>
                        <FieldDataType>STRING</FieldDataType>
                        <FieldDataType>STRING</FieldDataType>
                        <FieldDataType>DATETIME</FieldDataType>
                        <FieldDataType>BIGINTEGER</FieldDataType>
                        <FieldDataType>BIGINTEGER</FieldDataType>
                        <FieldDataType>DATE</FieldDataType>
                        <FieldDataType>DATE</FieldDataType>
                        <FieldDataType>DATETIME</FieldDataType>
                        <FieldDataType>DATETIME</FieldDataType>
                        <FieldDataType>STRING</FieldDataType>
                        <FieldDataType>STRING</FieldDataType>
                        <FieldDataType>STRING</FieldDataType>
                        <FieldDataType>STRING</FieldDataType>
                        <FieldDataType>STRING</FieldDataType>
                        <FieldDataType>STRING</FieldDataType>
                        <FieldDataType>INTEGER</FieldDataType>
                        <EncryptField>false</EncryptField>
                        <EncryptField>false</EncryptField>
                        <EncryptField>false</EncryptField>
                        <EncryptField>false</EncryptField>
                        <EncryptField>false</EncryptField>
                        <EncryptField>false</EncryptField>
                        <EncryptField>false</EncryptField>
                        <EncryptField>false</EncryptField>
                        <EncryptField>false</EncryptField>
                        <EncryptField>false</EncryptField>
                        <EncryptField>false</EncryptField>
                        <EncryptField>false</EncryptField>
                        <EncryptField>false</EncryptField>
                        <EncryptField>false</EncryptField>
                        <EncryptField>false</EncryptField>
                        <EncryptField>false</EncryptField>
                        <EncryptField>false</EncryptField>
                        <EncryptField>false</EncryptField>
                        <EncryptField>false</EncryptField>
                        <EncryptField>false</EncryptField>
                        <EncryptField>false</EncryptField>
                        <EncryptField>false</EncryptField>
                        <EncryptField>false</EncryptField>
                        <EncryptField>false</EncryptField>
                        <EncryptField>false</EncryptField>
                        <EncryptField>false</EncryptField>
                        <EncryptField>false</EncryptField>
                        <EncryptField>false</EncryptField>
                        <EncryptField>false</EncryptField>
                    </NestedFields>
                    <EncryptField>false</EncryptField>
                    <EncryptField>false</EncryptField>
                    <EncryptField>false</EncryptField>
                </SelectFields>
                <Script>var Queue = [];
var level2;
for (var i=0; i&lt;input.Left.length ; i++)
{
  Queue.push([input.Left[i].ASSET_UID,input.Left[i].LEVEL]);
} 
//print(Queue.length);
while(Queue.length&gt;0)
{  
	var assetuid = Queue[0][0];
  	var level = Queue[0][1];  
 	//print('In While - '+assetuid); 
  	for (var j=0; j&lt;input.Right.length; j++)
    {
      if (assetuid==input.Right[j].ASSET_UID)
      {
        //level++;
        level2=level+1;
        output.ASSET_UID=input.Right[j].NEXT_ASSET_UID;
        output.ASSET_NAME=input.Right[j].NEXT_ASSET_NAME;
        output.ASSET_TYPE_NAME=input.Right[j].NEXT_ASSET_TYPE_NAME;
		output.LEVEL=level2;
        output.CHILD_ASSET_NAME=input.Right[j].ASSET_NAME;
  		emitRecord();
        Queue.push([input.Right[j].NEXT_ASSET_UID,level2]);
      }    	
    }  
  Queue.shift();
}  
</Script>
                <ScriptInputFields>
                    <FieldRef>Dummy</FieldRef>
                    <FieldRef>Left</FieldRef>
                    <FieldRef>Right</FieldRef>
                    <FieldDataType>INTEGER</FieldDataType>
                    <FieldDataType>ARRAY</FieldDataType>
                    <FieldDataType>ARRAY</FieldDataType>
                    <NestedFields>
                        <FieldRef>ASSET_UID</FieldRef>
                        <FieldRef>LEVEL</FieldRef>
                        <FieldDataType>STRING</FieldDataType>
                        <FieldDataType>INTEGER</FieldDataType>
                        <EncryptField>false</EncryptField>
                        <EncryptField>false</EncryptField>
                    </NestedFields>
                    <NestedFields>
                        <FieldRef>ASSET_TYPE_NAME</FieldRef>
                        <FieldRef>ASSET_TYPE_UID</FieldRef>
                        <FieldRef>NEXT_ASSET_TYPE_NAME</FieldRef>
                        <FieldRef>ASSET_NAME</FieldRef>
                        <FieldRef>ASSET_UID</FieldRef>
                        <FieldRef>NEXT_ASSET_NAME</FieldRef>
                        <FieldRef>NEXT_ASSET_UID</FieldRef>
                        <FieldRef>ASSET_CLASS</FieldRef>
                        <FieldRef>PREDICATE_NAME</FieldRef>
                        <FieldRef>PREDICATE_UID</FieldRef>
                        <FieldRef>WEIGHTAGE</FieldRef>
                        <FieldRef>HIERARCHY</FieldRef>
                        <FieldRef>D3S_PROCESS_ID</FieldRef>
                        <FieldRef>D3S_WORK_ID</FieldRef>
                        <FieldRef>D3S_RECORD_ID</FieldRef>
                        <FieldRef>D3S_SYSTEM_CREATED_TS</FieldRef>
                        <FieldRef>D3S_USER_DEFINED_1</FieldRef>
                        <FieldRef>D3S_USER_DEFINED_2</FieldRef>
                        <FieldRef>D3S_USER_DEFINED_3</FieldRef>
                        <FieldRef>D3S_USER_DEFINED_4</FieldRef>
                        <FieldRef>D3S_USER_DEFINED_5</FieldRef>
                        <FieldRef>D3S_USER_DEFINED_6</FieldRef>
                        <FieldRef>D3S_USER_DEFINED_7</FieldRef>
                        <FieldRef>D3S_USER_DEFINED_8</FieldRef>
                        <FieldRef>D3S_USER_DEFINED_9</FieldRef>
                        <FieldRef>D3S_USER_DEFINED_10</FieldRef>
                        <FieldRef>D3S_USER_DEFINED_11</FieldRef>
                        <FieldRef>D3S_USER_DEFINED_12</FieldRef>
                        <FieldRef>Temp</FieldRef>
                        <FieldDataType>STRING</FieldDataType>
                        <FieldDataType>STRING</FieldDataType>
                        <FieldDataType>STRING</FieldDataType>
                        <FieldDataType>STRING</FieldDataType>
                        <FieldDataType>STRING</FieldDataType>
                        <FieldDataType>STRING</FieldDataType>
                        <FieldDataType>STRING</FieldDataType>
                        <FieldDataType>STRING</FieldDataType>
                        <FieldDataType>STRING</FieldDataType>
                        <FieldDataType>STRING</FieldDataType>
                        <FieldDataType>DECIMAL</FieldDataType>
                        <FieldDataType>STRING</FieldDataType>
                        <FieldDataType>STRING</FieldDataType>
                        <FieldDataType>STRING</FieldDataType>
                        <FieldDataType>STRING</FieldDataType>
                        <FieldDataType>DATETIME</FieldDataType>
                        <FieldDataType>BIGINTEGER</FieldDataType>
                        <FieldDataType>BIGINTEGER</FieldDataType>
                        <FieldDataType>DATE</FieldDataType>
                        <FieldDataType>DATE</FieldDataType>
                        <FieldDataType>DATETIME</FieldDataType>
                        <FieldDataType>DATETIME</FieldDataType>
                        <FieldDataType>STRING</FieldDataType>
                        <FieldDataType>STRING</FieldDataType>
                        <FieldDataType>STRING</FieldDataType>
                        <FieldDataType>STRING</FieldDataType>
                        <FieldDataType>STRING</FieldDataType>
                        <FieldDataType>STRING</FieldDataType>
                        <FieldDataType>INTEGER</FieldDataType>
                        <EncryptField>false</EncryptField>
                        <EncryptField>false</EncryptField>
                        <EncryptField>false</EncryptField>
                        <EncryptField>false</EncryptField>
                        <EncryptField>false</EncryptField>
                        <EncryptField>false</EncryptField>
                        <EncryptField>false</EncryptField>
                        <EncryptField>false</EncryptField>
                        <EncryptField>false</EncryptField>
                        <EncryptField>false</EncryptField>
                        <EncryptField>false</EncryptField>
                        <EncryptField>false</EncryptField>
                        <EncryptField>false</EncryptField>
                        <EncryptField>false</EncryptField>
                        <EncryptField>false</EncryptField>
                        <EncryptField>false</EncryptField>
                        <EncryptField>false</EncryptField>
                        <EncryptField>false</EncryptField>
                        <EncryptField>false</EncryptField>
                        <EncryptField>false</EncryptField>
                        <EncryptField>false</EncryptField>
                        <EncryptField>false</EncryptField>
                        <EncryptField>false</EncryptField>
                        <EncryptField>false</EncryptField>
                        <EncryptField>false</EncryptField>
                        <EncryptField>false</EncryptField>
                        <EncryptField>false</EncryptField>
                        <EncryptField>false</EncryptField>
                        <EncryptField>false</EncryptField>
                    </NestedFields>
                    <EncryptField>false</EncryptField>
                    <EncryptField>false</EncryptField>
                    <EncryptField>false</EncryptField>
                </ScriptInputFields>
                <ScriptOutputFields>
                    <FieldRef>ASSET_UID</FieldRef>
                    <FieldRef>LEVEL</FieldRef>
                    <FieldRef>ASSET_NAME</FieldRef>
                    <FieldRef>CHILD_ASSET_NAME</FieldRef>
                    <FieldRef>ASSET_TYPE_NAME</FieldRef>
                    <FieldDataType>STRING</FieldDataType>
                    <FieldDataType>INTEGER</FieldDataType>
                    <FieldDataType>STRING</FieldDataType>
                    <FieldDataType>STRING</FieldDataType>
                    <FieldDataType>STRING</FieldDataType>
                    <EncryptField>false</EncryptField>
                    <EncryptField>false</EncryptField>
                    <EncryptField>false</EncryptField>
                    <EncryptField>false</EncryptField>
                    <EncryptField>false</EncryptField>
                </ScriptOutputFields>
                <OutputFields>
                    <FieldRef>ASSET_UID</FieldRef>
                    <FieldRef>LEVEL</FieldRef>
                    <FieldRef>ASSET_NAME</FieldRef>
                    <FieldRef>CHILD_ASSET_NAME</FieldRef>
                    <FieldRef>ASSET_TYPE_NAME</FieldRef>
                    <FieldDataType>STRING</FieldDataType>
                    <FieldDataType>INTEGER</FieldDataType>
                    <FieldDataType>STRING</FieldDataType>
                    <FieldDataType>STRING</FieldDataType>
                    <FieldDataType>STRING</FieldDataType>
                    <EncryptField>false</EncryptField>
                    <EncryptField>false</EncryptField>
                    <EncryptField>false</EncryptField>
                    <EncryptField>false</EncryptField>
                    <EncryptField>false</EncryptField>
                </OutputFields>
            </ScriptDef>
        </OperationsDef>
        <OutputsDef>
            <OutputDef id="script3.output" from="script3.script" passthru="true" decryptSecuredValues="false"/>
        </OutputsDef>
    </PipelineDef>
    <PipelineDef id="sql4">
        <InputsDef>
            <InputDef id="sql4.input" fromOutputId="dataStore2.output"/>
            <InputDef id="sql4.input.1" fromOutputId="dataStore.output"/>
        </InputsDef>
        <OperationsDef>
            <SqlDef id="sql4.sql" countOutput="true">
                <SourceDef name="input" from="sql4.input">
                    <InputFields>
                        <FieldRef>ASSET_TYPE_NAME</FieldRef>
                        <FieldRef>ASSET_TYPE_UID</FieldRef>
                        <FieldRef>NEXT_ASSET_TYPE_NAME</FieldRef>
                        <FieldRef>ASSET_NAME</FieldRef>
                        <FieldRef>ASSET_UID</FieldRef>
                        <FieldRef>NEXT_ASSET_NAME</FieldRef>
                        <FieldRef>NEXT_ASSET_UID</FieldRef>
                        <FieldRef>ASSET_CLASS</FieldRef>
                        <FieldRef>NEXT_ASSET_CLASS</FieldRef>
                        <FieldRef>PREDICATE_NAME</FieldRef>
                        <FieldRef>PREDICATE_UID</FieldRef>
                        <FieldRef>WEIGHTAGE</FieldRef>
                        <FieldRef>HIERARCHY</FieldRef>
                        <FieldRef>D3S_PROCESS_ID</FieldRef>
                        <FieldRef>D3S_WORK_ID</FieldRef>
                        <FieldRef>D3S_RECORD_ID</FieldRef>
                        <FieldRef>D3S_SYSTEM_CREATED_TS</FieldRef>
                        <FieldRef>D3S_USER_DEFINED_1</FieldRef>
                        <FieldRef>D3S_USER_DEFINED_2</FieldRef>
                        <FieldRef>D3S_USER_DEFINED_3</FieldRef>
                        <FieldRef>D3S_USER_DEFINED_4</FieldRef>
                        <FieldRef>D3S_USER_DEFINED_5</FieldRef>
                        <FieldRef>D3S_USER_DEFINED_6</FieldRef>
                        <FieldRef>D3S_USER_DEFINED_7</FieldRef>
                        <FieldRef>D3S_USER_DEFINED_8</FieldRef>
                        <FieldRef>D3S_USER_DEFINED_9</FieldRef>
                        <FieldRef>D3S_USER_DEFINED_10</FieldRef>
                        <FieldRef>D3S_USER_DEFINED_11</FieldRef>
                        <FieldRef>D3S_USER_DEFINED_12</FieldRef>
                        <FieldRef>NEXT_ASSET_TYPE_UID</FieldRef>
                        <FieldRef>Temp</FieldRef>
                        <FieldDataType>STRING</FieldDataType>
                        <FieldDataType>STRING</FieldDataType>
                        <FieldDataType>STRING</FieldDataType>
                        <FieldDataType>STRING</FieldDataType>
                        <FieldDataType>STRING</FieldDataType>
                        <FieldDataType>STRING</FieldDataType>
                        <FieldDataType>STRING</FieldDataType>
                        <FieldDataType>STRING</FieldDataType>
                        <FieldDataType>STRING</FieldDataType>
                        <FieldDataType>STRING</FieldDataType>
                        <FieldDataType>STRING</FieldDataType>
                        <FieldDataType>DECIMAL</FieldDataType>
                        <FieldDataType>STRING</FieldDataType>
                        <FieldDataType>STRING</FieldDataType>
                        <FieldDataType>STRING</FieldDataType>
                        <FieldDataType>STRING</FieldDataType>
                        <FieldDataType>DATETIME</FieldDataType>
                        <FieldDataType>BIGINTEGER</FieldDataType>
                        <FieldDataType>BIGINTEGER</FieldDataType>
                        <FieldDataType>DATE</FieldDataType>
                        <FieldDataType>DATE</FieldDataType>
                        <FieldDataType>DATETIME</FieldDataType>
                        <FieldDataType>DATETIME</FieldDataType>
                        <FieldDataType>STRING</FieldDataType>
                        <FieldDataType>STRING</FieldDataType>
                        <FieldDataType>STRING</FieldDataType>
                        <FieldDataType>STRING</FieldDataType>
                        <FieldDataType>STRING</FieldDataType>
                        <FieldDataType>STRING</FieldDataType>
                        <FieldDataType>STRING</FieldDataType>
                        <FieldDataType>INTEGER</FieldDataType>
                        <EncryptField>false</EncryptField>
                        <EncryptField>false</EncryptField>
                        <EncryptField>false</EncryptField>
                        <EncryptField>false</EncryptField>
                        <EncryptField>false</EncryptField>
                        <EncryptField>false</EncryptField>
                        <EncryptField>false</EncryptField>
                        <EncryptField>false</EncryptField>
                        <EncryptField>false</EncryptField>
                        <EncryptField>false</EncryptField>
                        <EncryptField>false</EncryptField>
                        <EncryptField>false</EncryptField>
                        <EncryptField>false</EncryptField>
                        <EncryptField>false</EncryptField>
                        <EncryptField>false</EncryptField>
                        <EncryptField>false</EncryptField>
                        <EncryptField>false</EncryptField>
                        <EncryptField>false</EncryptField>
                        <EncryptField>false</EncryptField>
                        <EncryptField>false</EncryptField>
                        <EncryptField>false</EncryptField>
                        <EncryptField>false</EncryptField>
                        <EncryptField>false</EncryptField>
                        <EncryptField>false</EncryptField>
                        <EncryptField>false</EncryptField>
                        <EncryptField>false</EncryptField>
                        <EncryptField>false</EncryptField>
                        <EncryptField>false</EncryptField>
                        <EncryptField>false</EncryptField>
                        <EncryptField>false</EncryptField>
                        <EncryptField>false</EncryptField>
                    </InputFields>
                </SourceDef>
                <SourceDef name="config" from="sql4.input.1">
                    <InputFields>
                        <FieldRef>KEY</FieldRef>
                        <FieldRef>VALUE</FieldRef>
                        <FieldRef>D3S_PROCESS_ID</FieldRef>
                        <FieldRef>D3S_WORK_ID</FieldRef>
                        <FieldRef>D3S_RECORD_ID</FieldRef>
                        <FieldRef>D3S_SYSTEM_CREATED_TS</FieldRef>
                        <FieldRef>D3S_USER_DEFINED_1</FieldRef>
                        <FieldRef>D3S_USER_DEFINED_2</FieldRef>
                        <FieldRef>D3S_USER_DEFINED_3</FieldRef>
                        <FieldRef>D3S_USER_DEFINED_4</FieldRef>
                        <FieldRef>D3S_USER_DEFINED_5</FieldRef>
                        <FieldRef>D3S_USER_DEFINED_6</FieldRef>
                        <FieldRef>D3S_USER_DEFINED_7</FieldRef>
                        <FieldRef>D3S_USER_DEFINED_8</FieldRef>
                        <FieldRef>D3S_USER_DEFINED_9</FieldRef>
                        <FieldRef>D3S_USER_DEFINED_10</FieldRef>
                        <FieldRef>D3S_USER_DEFINED_11</FieldRef>
                        <FieldRef>D3S_USER_DEFINED_12</FieldRef>
                        <FieldDataType>STRING</FieldDataType>
                        <FieldDataType>STRING</FieldDataType>
                        <FieldDataType>STRING</FieldDataType>
                        <FieldDataType>STRING</FieldDataType>
                        <FieldDataType>STRING</FieldDataType>
                        <FieldDataType>DATETIME</FieldDataType>
                        <FieldDataType>BIGINTEGER</FieldDataType>
                        <FieldDataType>BIGINTEGER</FieldDataType>
                        <FieldDataType>DATE</FieldDataType>
                        <FieldDataType>DATE</FieldDataType>
                        <FieldDataType>DATETIME</FieldDataType>
                        <FieldDataType>DATETIME</FieldDataType>
                        <FieldDataType>STRING</FieldDataType>
                        <FieldDataType>STRING</FieldDataType>
                        <FieldDataType>STRING</FieldDataType>
                        <FieldDataType>STRING</FieldDataType>
                        <FieldDataType>STRING</FieldDataType>
                        <FieldDataType>STRING</FieldDataType>
                        <EncryptField>false</EncryptField>
                        <EncryptField>false</EncryptField>
                        <EncryptField>false</EncryptField>
                        <EncryptField>false</EncryptField>
                        <EncryptField>false</EncryptField>
                        <EncryptField>false</EncryptField>
                        <EncryptField>false</EncryptField>
                        <EncryptField>false</EncryptField>
                        <EncryptField>false</EncryptField>
                        <EncryptField>false</EncryptField>
                        <EncryptField>false</EncryptField>
                        <EncryptField>false</EncryptField>
                        <EncryptField>false</EncryptField>
                        <EncryptField>false</EncryptField>
                        <EncryptField>false</EncryptField>
                        <EncryptField>false</EncryptField>
                        <EncryptField>false</EncryptField>
                        <EncryptField>false</EncryptField>
                    </InputFields>
                </SourceDef>
                <Sql>SELECT DISTINCT 
	input.NEXT_ASSET_UID AS ASSET_UID,
	2 AS LEVEL,
	input.NEXT_ASSET_NAME AS ASSET_NAME,
	input.ASSET_NAME AS CHILD_ASSET_NAME,
	input.NEXT_ASSET_TYPE_NAME AS ASSET_TYPE_NAME
FROM input
WHERE 
	input.ASSET_TYPE_NAME =  (SELECT config.VALUE FROM config WHERE config.KEY='AT_DATA_ELEMENT') AND
	(input.NEXT_ASSET_TYPE_NAME = (SELECT config.VALUE FROM config WHERE config.KEY='AT_BUSINESS_TERM') OR
	 input.NEXT_ASSET_TYPE_NAME = (SELECT config.VALUE FROM config WHERE config.KEY='AT_DATA_ENTITY')
	)
UNION	
SELECT DISTINCT 
	input.NEXT_ASSET_UID AS ASSET_UID,
	99 AS LEVEL,
	input.NEXT_ASSET_NAME AS ASSET_NAME,
	input.ASSET_NAME AS CHILD_ASSET_NAME,
	input.NEXT_ASSET_TYPE_NAME AS ASSET_TYPE_NAME
FROM input
WHERE 
	input.NEXT_ASSET_CLASS='Model'
UNION
SELECT DISTINCT 
	input.NEXT_ASSET_UID AS ASSET_UID,
	100 AS LEVEL,
	input.NEXT_ASSET_NAME AS ASSET_NAME,
	input.ASSET_NAME AS CHILD_ASSET_NAME,
	input.NEXT_ASSET_TYPE_NAME AS ASSET_TYPE_NAME
FROM input
WHERE 
	input.NEXT_ASSET_CLASS='User'</Sql>
                <OutputFields>
                    <FieldRef>ASSET_UID</FieldRef>
                    <FieldRef>LEVEL</FieldRef>
                    <FieldRef>ASSET_NAME</FieldRef>
                    <FieldRef>CHILD_ASSET_NAME</FieldRef>
                    <FieldRef>ASSET_TYPE_NAME</FieldRef>
                    <FieldDataType>STRING</FieldDataType>
                    <FieldDataType>INTEGER</FieldDataType>
                    <FieldDataType>STRING</FieldDataType>
                    <FieldDataType>STRING</FieldDataType>
                    <FieldDataType>STRING</FieldDataType>
                    <NestedFields xmlns:xsi="http://www.w3.org/2001/XMLSchema-instance" xsi:nil="true"/>
                    <NestedFields xmlns:xsi="http://www.w3.org/2001/XMLSchema-instance" xsi:nil="true"/>
                    <NestedFields xmlns:xsi="http://www.w3.org/2001/XMLSchema-instance" xsi:nil="true"/>
                    <NestedFields xmlns:xsi="http://www.w3.org/2001/XMLSchema-instance" xsi:nil="true"/>
                    <NestedFields xmlns:xsi="http://www.w3.org/2001/XMLSchema-instance" xsi:nil="true"/>
                    <EncryptField>false</EncryptField>
                    <EncryptField>false</EncryptField>
                    <EncryptField>false</EncryptField>
                    <EncryptField>false</EncryptField>
                    <EncryptField>false</EncryptField>
                </OutputFields>
            </SqlDef>
        </OperationsDef>
        <OutputsDef>
            <OutputDef id="sql4.output" from="sql4.sql" passthru="true" decryptSecuredValues="false"/>
        </OutputsDef>
    </PipelineDef>
    <PipelineDef id="union">
        <InputsDef>
            <InputDef id="union.input" fromOutputId="sql4.output"/>
            <InputDef id="union.input.1" fromOutputId="script3.output"/>
        </InputsDef>
        <OperationsDef>
            <RenameDef from="union.input" id="rename0.rename" countOutput="true">
                <FromFields>
                    <FieldRef>ASSET_UID</FieldRef>
                    <FieldRef>LEVEL</FieldRef>
                    <FieldRef>ASSET_NAME</FieldRef>
                    <FieldRef>CHILD_ASSET_NAME</FieldRef>
                    <FieldRef>ASSET_TYPE_NAME</FieldRef>
                </FromFields>
                <ToFields>
                    <FieldRef>ASSET_UID</FieldRef>
                    <FieldRef>LEVEL</FieldRef>
                    <FieldRef>ASSET_NAME</FieldRef>
                    <FieldRef>CHILD_ASSET_NAME</FieldRef>
                    <FieldRef>ASSET_TYPE_NAME</FieldRef>
                </ToFields>
                <OutputFields>
                    <FieldRef>ASSET_UID</FieldRef>
                    <FieldRef>LEVEL</FieldRef>
                    <FieldRef>ASSET_NAME</FieldRef>
                    <FieldRef>CHILD_ASSET_NAME</FieldRef>
                    <FieldRef>ASSET_TYPE_NAME</FieldRef>
                </OutputFields>
            </RenameDef>
            <RenameDef from="union.input.1" id="rename1.rename" countOutput="true">
                <FromFields>
                    <FieldRef>ASSET_UID</FieldRef>
                    <FieldRef>LEVEL</FieldRef>
                    <FieldRef>ASSET_NAME</FieldRef>
                    <FieldRef>CHILD_ASSET_NAME</FieldRef>
                    <FieldRef>ASSET_TYPE_NAME</FieldRef>
                </FromFields>
                <ToFields>
                    <FieldRef>ASSET_UID</FieldRef>
                    <FieldRef>LEVEL</FieldRef>
                    <FieldRef>ASSET_NAME</FieldRef>
                    <FieldRef>CHILD_ASSET_NAME</FieldRef>
                    <FieldRef>ASSET_TYPE_NAME</FieldRef>
                </ToFields>
                <OutputFields>
                    <FieldRef>ASSET_UID</FieldRef>
                    <FieldRef>LEVEL</FieldRef>
                    <FieldRef>ASSET_NAME</FieldRef>
                    <FieldRef>CHILD_ASSET_NAME</FieldRef>
                    <FieldRef>ASSET_TYPE_NAME</FieldRef>
                </OutputFields>
            </RenameDef>
            <UnionDef id="union.union" countOutput="true">
                <SourceId>rename0.rename</SourceId>
                <SourceId>rename1.rename</SourceId>
            </UnionDef>
        </OperationsDef>
        <OutputsDef>
            <OutputDef id="union.output" from="union.union" passthru="true" decryptSecuredValues="false"/>
        </OutputsDef>
    </PipelineDef>
    <PipelineDef id="sql2">
        <InputsDef>
            <InputDef id="sql2.input" fromOutputId="union.output"/>
            <InputDef id="sql2.input.1" fromOutputId="filter2.output"/>
        </InputsDef>
        <OperationsDef>
            <SqlDef id="sql2.sql" countOutput="true">
                <SourceDef name="input" from="sql2.input">
                    <InputFields>
                        <FieldRef>ASSET_UID</FieldRef>
                        <FieldRef>LEVEL</FieldRef>
                        <FieldRef>ASSET_NAME</FieldRef>
                        <FieldRef>CHILD_ASSET_NAME</FieldRef>
                        <FieldRef>ASSET_TYPE_NAME</FieldRef>
                        <FieldDataType>STRING</FieldDataType>
                        <FieldDataType>INTEGER</FieldDataType>
                        <FieldDataType>STRING</FieldDataType>
                        <FieldDataType>STRING</FieldDataType>
                        <FieldDataType>STRING</FieldDataType>
                        <EncryptField>false</EncryptField>
                        <EncryptField>false</EncryptField>
                        <EncryptField>false</EncryptField>
                        <EncryptField>false</EncryptField>
                        <EncryptField>false</EncryptField>
                    </InputFields>
                </SourceDef>
                <SourceDef name="config" from="sql2.input.1">
                    <InputFields>
                        <FieldRef>KEY</FieldRef>
                        <FieldRef>VALUE</FieldRef>
                        <FieldRef>D3S_PROCESS_ID</FieldRef>
                        <FieldRef>D3S_WORK_ID</FieldRef>
                        <FieldRef>D3S_RECORD_ID</FieldRef>
                        <FieldRef>D3S_SYSTEM_CREATED_TS</FieldRef>
                        <FieldRef>D3S_USER_DEFINED_1</FieldRef>
                        <FieldRef>D3S_USER_DEFINED_2</FieldRef>
                        <FieldRef>D3S_USER_DEFINED_3</FieldRef>
                        <FieldRef>D3S_USER_DEFINED_4</FieldRef>
                        <FieldRef>D3S_USER_DEFINED_5</FieldRef>
                        <FieldRef>D3S_USER_DEFINED_6</FieldRef>
                        <FieldRef>D3S_USER_DEFINED_7</FieldRef>
                        <FieldRef>D3S_USER_DEFINED_8</FieldRef>
                        <FieldRef>D3S_USER_DEFINED_9</FieldRef>
                        <FieldRef>D3S_USER_DEFINED_10</FieldRef>
                        <FieldRef>D3S_USER_DEFINED_11</FieldRef>
                        <FieldRef>D3S_USER_DEFINED_12</FieldRef>
                        <FieldDataType>STRING</FieldDataType>
                        <FieldDataType>STRING</FieldDataType>
                        <FieldDataType>STRING</FieldDataType>
                        <FieldDataType>STRING</FieldDataType>
                        <FieldDataType>STRING</FieldDataType>
                        <FieldDataType>DATETIME</FieldDataType>
                        <FieldDataType>BIGINTEGER</FieldDataType>
                        <FieldDataType>BIGINTEGER</FieldDataType>
                        <FieldDataType>DATE</FieldDataType>
                        <FieldDataType>DATE</FieldDataType>
                        <FieldDataType>DATETIME</FieldDataType>
                        <FieldDataType>DATETIME</FieldDataType>
                        <FieldDataType>STRING</FieldDataType>
                        <FieldDataType>STRING</FieldDataType>
                        <FieldDataType>STRING</FieldDataType>
                        <FieldDataType>STRING</FieldDataType>
                        <FieldDataType>STRING</FieldDataType>
                        <FieldDataType>STRING</FieldDataType>
                        <EncryptField>false</EncryptField>
                        <EncryptField>false</EncryptField>
                        <EncryptField>false</EncryptField>
                        <EncryptField>false</EncryptField>
                        <EncryptField>false</EncryptField>
                        <EncryptField>false</EncryptField>
                        <EncryptField>false</EncryptField>
                        <EncryptField>false</EncryptField>
                        <EncryptField>false</EncryptField>
                        <EncryptField>false</EncryptField>
                        <EncryptField>false</EncryptField>
                        <EncryptField>false</EncryptField>
                        <EncryptField>false</EncryptField>
                        <EncryptField>false</EncryptField>
                        <EncryptField>false</EncryptField>
                        <EncryptField>false</EncryptField>
                        <EncryptField>false</EncryptField>
                        <EncryptField>false</EncryptField>
                    </InputFields>
                </SourceDef>
                <Sql>SELECT
	input.ASSET_NAME,
	input.ASSET_UID,
	MAX(input.LEVEL) LEVEL
FROM input
WHERE input.LEVEL IS NOT NULL AND input.ASSET_TYPE_NAME NOT IN (SELECT config.VALUE FROM config WHERE config.KEY='AT_DATA_ENTITY')
GROUP BY 	
	input.ASSET_NAME,
	input.ASSET_UID</Sql>
                <OutputFields>
                    <FieldRef>ASSET_NAME</FieldRef>
                    <FieldRef>ASSET_UID</FieldRef>
                    <FieldRef>LEVEL</FieldRef>
                    <FieldDataType>STRING</FieldDataType>
                    <FieldDataType>STRING</FieldDataType>
                    <FieldDataType>INTEGER</FieldDataType>
                    <NestedFields xmlns:xsi="http://www.w3.org/2001/XMLSchema-instance" xsi:nil="true"/>
                    <NestedFields xmlns:xsi="http://www.w3.org/2001/XMLSchema-instance" xsi:nil="true"/>
                    <NestedFields xmlns:xsi="http://www.w3.org/2001/XMLSchema-instance" xsi:nil="true"/>
                    <EncryptField>false</EncryptField>
                    <EncryptField>false</EncryptField>
                    <EncryptField>false</EncryptField>
                </OutputFields>
            </SqlDef>
        </OperationsDef>
        <OutputsDef>
            <OutputDef id="sql2.output" from="sql2.sql" passthru="true" decryptSecuredValues="false"/>
        </OutputsDef>
    </PipelineDef>
    <PipelineDef id="dataStoreOutput2">
        <InputsDef>
            <InputDef id="dataStoreOutput2.input" fromOutputId="sql2.output"/>
        </InputsDef>
        <OperationsDef>
            <RenameDef from="dataStoreOutput2.input" id="dataStoreOutput2.rename" countOutput="false">
                <FromFields>
                    <FieldRef>ASSET_NAME</FieldRef>
                    <FieldRef>ASSET_UID</FieldRef>
                    <FieldRef>LEVEL</FieldRef>
                </FromFields>
                <ToFields>
                    <FieldRef>ASSET_NAME</FieldRef>
                    <FieldRef>ASSET_UID</FieldRef>
                    <FieldRef>LEVEL</FieldRef>
                </ToFields>
                <OutputFields>
                    <FieldRef>ASSET_NAME</FieldRef>
                    <FieldRef>ASSET_UID</FieldRef>
                    <FieldRef>LEVEL</FieldRef>
                </OutputFields>
            </RenameDef>
        </OperationsDef>
        <OutputsDef>
            <OutputDef id="dataStoreOutput2.output" from="dataStoreOutput2.rename" passthru="false" maxNumOutputPartitions="1" decryptSecuredValues="false">
                <DataStoreRef name="dbae0f3f76e34a4f98b8afea79a23898_ds" owningMemberId="1000">
                    <FieldsToUpdate>
                        <FieldRef>ASSET_NAME</FieldRef>
                        <FieldRef>ASSET_UID</FieldRef>
                        <FieldRef>LEVEL</FieldRef>
                        <FieldDataType>STRING</FieldDataType>
                        <FieldDataType>STRING</FieldDataType>
                        <FieldDataType>INTEGER</FieldDataType>
                    </FieldsToUpdate>
                </DataStoreRef>
                <PartitionByFields/>
            </OutputDef>
        </OutputsDef>
    </PipelineDef>
    <PipelineDef id="sql3">
        <InputsDef>
            <InputDef id="sql3.input" fromOutputId="sql2.output"/>
        </InputsDef>
        <OperationsDef>
            <SqlDef id="sql3.sql" countOutput="true">
                <SourceDef name="input" from="sql3.input">
                    <InputFields>
                        <FieldRef>ASSET_NAME</FieldRef>
                        <FieldRef>ASSET_UID</FieldRef>
                        <FieldRef>LEVEL</FieldRef>
                        <FieldDataType>STRING</FieldDataType>
                        <FieldDataType>STRING</FieldDataType>
                        <FieldDataType>INTEGER</FieldDataType>
                        <EncryptField>false</EncryptField>
                        <EncryptField>false</EncryptField>
                        <EncryptField>false</EncryptField>
                    </InputFields>
                </SourceDef>
                <Sql>SELECT
	MIN(input.LEVEL) AS PM_NEXT_HIERARCHY_LEVEL,
	MAX(input.LEVEL) AS PM_MAX_HIERARCHY_LEVEL
FROM input</Sql>
                <OutputFields>
                    <FieldRef>PM_MAX_HIERARCHY_LEVEL</FieldRef>
                    <FieldRef>PM_NEXT_HIERARCHY_LEVEL</FieldRef>
                    <FieldDataType>INTEGER</FieldDataType>
                    <FieldDataType>INTEGER</FieldDataType>
                    <NestedFields xmlns:xsi="http://www.w3.org/2001/XMLSchema-instance" xsi:nil="true"/>
                    <NestedFields xmlns:xsi="http://www.w3.org/2001/XMLSchema-instance" xsi:nil="true"/>
                    <EncryptField>false</EncryptField>
                    <EncryptField>false</EncryptField>
                </OutputFields>
            </SqlDef>
        </OperationsDef>
        <OutputsDef>
            <OutputDef id="sql3.output" from="sql3.sql" passthru="true" decryptSecuredValues="false"/>
        </OutputsDef>
    </PipelineDef>
    <PipelineDef id="customCompletionStatus">
        <InputsDef>
            <InputDef id="customCompletionStatus.input" fromOutputId="sql3.output"/>
        </InputsDef>
        <OperationsDef/>
        <OutputsDef>
            <OutputDef id="customCompletionStatus.output" from="customCompletionStatus.input" passthru="false" decryptSecuredValues="false">
                <CustomCompletionStatus/>
            </OutputDef>
        </OutputsDef>
    </PipelineDef>
</ExecutionModel>
