<?xml version="1.0" encoding="UTF-8" standalone="yes"?>
<ExecutionModel xmlns="com/infogix/component/executionengine/export/fdt" id="15de86a6d7224bf29b2c61257d198103_exec">
    <OptionsDef logLimit="100" cacheOperationOutput="true" cacheResourceIntensiveOperationOutput="false" countOperationOutput="true"/>
    <PipelineDef id="dataStore">
        <InputsDef>
            <InputDef id="dataStore.input">
                <DataStoreRef name="397c1cc2dddc4ef18886c22b070c9ab1" owningMemberId="1000" dataLoadRange="ALL">
                    <SourceFilter/>
                </DataStoreRef>
            </InputDef>
        </InputsDef>
        <OperationsDef>
            <SelectDef from="dataStore.input" id="dataStore.select" countOutput="false">
                <SelectFields>
                    <FieldRef>RECORD_ID</FieldRef>
                    <FieldRef>SENT_TO</FieldRef>
                    <FieldRef>SUBJECT</FieldRef>
                    <FieldRef>BODY</FieldRef>
                    <FieldRef>IS_PROCESSED</FieldRef>
                    <FieldRef>FAH_SYSTEM_CREATED_TS</FieldRef>
                    <FieldDataType>STRING</FieldDataType>
                    <FieldDataType>STRING</FieldDataType>
                    <FieldDataType>STRING</FieldDataType>
                    <FieldDataType>STRING</FieldDataType>
                    <FieldDataType>STRING</FieldDataType>
                    <FieldDataType>DATETIME</FieldDataType>
                </SelectFields>
            </SelectDef>
        </OperationsDef>
        <OutputsDef>
            <OutputDef id="dataStore.output" from="dataStore.select" passthru="true" decryptSecuredValues="false"/>
        </OutputsDef>
    </PipelineDef>
    <PipelineDef id="groupBy">
        <InputsDef>
            <InputDef id="groupBy.input" fromOutputId="dataStore.output"/>
        </InputsDef>
        <OperationsDef>
            <GroupByDef from="groupBy.input" id="groupBy.groupBy" countOutput="true">
                <GroupByFields>
                    <FieldRef>RECORD_ID</FieldRef>
                    <FieldDataType>STRING</FieldDataType>
                </GroupByFields>
                <AggregateDef name="MAX_CREATED_TS">
                    <ExpressionDef lang="formula" expression="MAX( FAH_SYSTEM_CREATED_TS )"/>
                </AggregateDef>
            </GroupByDef>
        </OperationsDef>
        <OutputsDef>
            <OutputDef id="groupBy.output" from="groupBy.groupBy" passthru="true" decryptSecuredValues="false"/>
        </OutputsDef>
    </PipelineDef>
    <PipelineDef id="join">
        <InputsDef>
            <InputDef id="join.input.left" fromOutputId="dataStore.output"/>
            <InputDef id="join.input.right" fromOutputId="groupBy.output"/>
        </InputsDef>
        <OperationsDef>
            <SelectDef from="join.input.left" id="join.input.left.select" countOutput="true">
                <SelectFields>
                    <FieldRef>RECORD_ID</FieldRef>
                    <FieldRef>SENT_TO</FieldRef>
                    <FieldRef>SUBJECT</FieldRef>
                    <FieldRef>BODY</FieldRef>
                    <FieldRef>IS_PROCESSED</FieldRef>
                    <FieldRef>FAH_SYSTEM_CREATED_TS</FieldRef>
                    <FieldDataType>STRING</FieldDataType>
                    <FieldDataType>STRING</FieldDataType>
                    <FieldDataType>STRING</FieldDataType>
                    <FieldDataType>STRING</FieldDataType>
                    <FieldDataType>STRING</FieldDataType>
                    <FieldDataType>DATETIME</FieldDataType>
                </SelectFields>
            </SelectDef>
            <SelectDef from="join.input.right" id="join.input.right.select" countOutput="true">
                <SelectFields>
                    <FieldRef>RECORD_ID</FieldRef>
                    <FieldRef>MAX_CREATED_TS</FieldRef>
                    <FieldDataType>STRING</FieldDataType>
                    <FieldDataType>DATETIME</FieldDataType>
                </SelectFields>
            </SelectDef>
            <DataFrameJoinDef id="join.join" countOutput="true">
                <SourceDef from="join.input.left.select" joinType="Inner" fitsInMemory="false">
                    <JoinFields>
                        <FieldRef>RECORD_ID</FieldRef>
                        <FieldRef>FAH_SYSTEM_CREATED_TS</FieldRef>
                        <FieldDataType>STRING</FieldDataType>
                        <FieldDataType>DATETIME</FieldDataType>
                    </JoinFields>
                    <InputFields>
                        <FieldRef>RECORD_ID</FieldRef>
                        <FieldRef>SENT_TO</FieldRef>
                        <FieldRef>SUBJECT</FieldRef>
                        <FieldRef>BODY</FieldRef>
                        <FieldRef>IS_PROCESSED</FieldRef>
                        <FieldRef>FAH_SYSTEM_CREATED_TS</FieldRef>
                        <FieldDataType>STRING</FieldDataType>
                        <FieldDataType>STRING</FieldDataType>
                        <FieldDataType>STRING</FieldDataType>
                        <FieldDataType>STRING</FieldDataType>
                        <FieldDataType>STRING</FieldDataType>
                        <FieldDataType>DATETIME</FieldDataType>
                    </InputFields>
                    <OutputFields>
                        <FieldRef>RECORD_ID</FieldRef>
                        <FieldRef>SENT_TO</FieldRef>
                        <FieldRef>SUBJECT</FieldRef>
                        <FieldRef>BODY</FieldRef>
                        <FieldRef>IS_PROCESSED</FieldRef>
                        <FieldRef>FAH_SYSTEM_CREATED_TS</FieldRef>
                        <FieldDataType>STRING</FieldDataType>
                        <FieldDataType>STRING</FieldDataType>
                        <FieldDataType>STRING</FieldDataType>
                        <FieldDataType>STRING</FieldDataType>
                        <FieldDataType>STRING</FieldDataType>
                        <FieldDataType>DATETIME</FieldDataType>
                    </OutputFields>
                </SourceDef>
                <SourceDef from="join.input.right.select" joinType="Inner" fitsInMemory="false">
                    <JoinFields>
                        <FieldRef>RECORD_ID</FieldRef>
                        <FieldRef>MAX_CREATED_TS</FieldRef>
                        <FieldDataType>STRING</FieldDataType>
                        <FieldDataType>DATETIME</FieldDataType>
                    </JoinFields>
                    <InputFields>
                        <FieldRef>RECORD_ID</FieldRef>
                        <FieldRef>MAX_CREATED_TS</FieldRef>
                        <FieldDataType>STRING</FieldDataType>
                        <FieldDataType>DATETIME</FieldDataType>
                    </InputFields>
                    <OutputFields>
                        <FieldRef>RECORD_ID</FieldRef>
                        <FieldRef>MAX_CREATED_TS</FieldRef>
                        <FieldDataType>STRING</FieldDataType>
                        <FieldDataType>DATETIME</FieldDataType>
                    </OutputFields>
                </SourceDef>
            </DataFrameJoinDef>
            <SelectDef from="join.join" id="join.select" countOutput="false">
                <SelectFields>
                    <FieldRef>RECORD_ID</FieldRef>
                    <FieldRef>SENT_TO</FieldRef>
                    <FieldRef>SUBJECT</FieldRef>
                    <FieldRef>BODY</FieldRef>
                    <FieldRef>IS_PROCESSED</FieldRef>
                    <FieldRef>FAH_SYSTEM_CREATED_TS</FieldRef>
                    <FieldRef>MAX_CREATED_TS</FieldRef>
                    <FieldDataType>STRING</FieldDataType>
                    <FieldDataType>STRING</FieldDataType>
                    <FieldDataType>STRING</FieldDataType>
                    <FieldDataType>STRING</FieldDataType>
                    <FieldDataType>STRING</FieldDataType>
                    <FieldDataType>DATETIME</FieldDataType>
                    <FieldDataType>DATETIME</FieldDataType>
                </SelectFields>
            </SelectDef>
        </OperationsDef>
        <OutputsDef>
            <OutputDef id="join.output" from="join.select" passthru="true" decryptSecuredValues="false"/>
        </OutputsDef>
    </PipelineDef>
    <PipelineDef id="filter">
        <InputsDef>
            <InputDef id="filter.input" fromOutputId="join.output"/>
        </InputsDef>
        <OperationsDef>
            <FilterDef from="filter.input" id="filter.filter" countOutput="true">
                <ExpressionDef lang="formula" expression="IS_PROCESSED  = 'N'"/>
            </FilterDef>
        </OperationsDef>
        <OutputsDef>
            <OutputDef id="filter.output" from="filter.filter" passthru="true" decryptSecuredValues="false"/>
        </OutputsDef>
    </PipelineDef>
    <PipelineDef id="script">
        <InputsDef>
            <InputDef id="script.input" fromOutputId="filter.output"/>
        </InputsDef>
        <OperationsDef>
            <ScriptDef mimeType="text/javascript" from="script.input" id="script.script" countOutput="true">
                <SelectFields>
                    <FieldRef>RECORD_ID</FieldRef>
                    <FieldRef>SENT_TO</FieldRef>
                    <FieldRef>SUBJECT</FieldRef>
                    <FieldRef>BODY</FieldRef>
                    <FieldRef>IS_PROCESSED</FieldRef>
                    <FieldRef>FAH_SYSTEM_CREATED_TS</FieldRef>
                    <FieldRef>MAX_CREATED_TS</FieldRef>
                    <FieldDataType>STRING</FieldDataType>
                    <FieldDataType>STRING</FieldDataType>
                    <FieldDataType>STRING</FieldDataType>
                    <FieldDataType>STRING</FieldDataType>
                    <FieldDataType>STRING</FieldDataType>
                    <FieldDataType>DATETIME</FieldDataType>
                    <FieldDataType>DATETIME</FieldDataType>
                </SelectFields>
                <Script>copyInputsToOutputs();


//output.RECORD_ID = input.RECORD_ID;
//output.SENT_TO = input.SENT_TO;
output.IS_PROCESSED = 'Y'; // Record has been processed and email has been sent
//output.SUBJECT = 'Email has been sent';
//output.BODY = 'Process has been executed.';
output.FAH_SYSTEM_CREATED_TS = CURRENT_TIMESTAMP();



</Script>
                <ScriptInputFields>
                    <FieldRef>RECORD_ID</FieldRef>
                    <FieldRef>SENT_TO</FieldRef>
                    <FieldRef>SUBJECT</FieldRef>
                    <FieldRef>BODY</FieldRef>
                    <FieldRef>IS_PROCESSED</FieldRef>
                    <FieldRef>FAH_SYSTEM_CREATED_TS</FieldRef>
                    <FieldRef>MAX_CREATED_TS</FieldRef>
                    <FieldDataType>STRING</FieldDataType>
                    <FieldDataType>STRING</FieldDataType>
                    <FieldDataType>STRING</FieldDataType>
                    <FieldDataType>STRING</FieldDataType>
                    <FieldDataType>STRING</FieldDataType>
                    <FieldDataType>DATETIME</FieldDataType>
                    <FieldDataType>DATETIME</FieldDataType>
                </ScriptInputFields>
                <ScriptOutputFields>
                    <FieldRef>RECORD_ID</FieldRef>
                    <FieldRef>SENT_TO</FieldRef>
                    <FieldRef>SUBJECT</FieldRef>
                    <FieldRef>BODY</FieldRef>
                    <FieldRef>IS_PROCESSED</FieldRef>
                    <FieldRef>FAH_SYSTEM_CREATED_TS</FieldRef>
                    <FieldDataType>STRING</FieldDataType>
                    <FieldDataType>STRING</FieldDataType>
                    <FieldDataType>STRING</FieldDataType>
                    <FieldDataType>STRING</FieldDataType>
                    <FieldDataType>STRING</FieldDataType>
                    <FieldDataType>DATETIME</FieldDataType>
                </ScriptOutputFields>
                <OutputFields>
                    <FieldRef>RECORD_ID</FieldRef>
                    <FieldRef>SENT_TO</FieldRef>
                    <FieldRef>SUBJECT</FieldRef>
                    <FieldRef>BODY</FieldRef>
                    <FieldRef>IS_PROCESSED</FieldRef>
                    <FieldRef>FAH_SYSTEM_CREATED_TS</FieldRef>
                    <FieldDataType>STRING</FieldDataType>
                    <FieldDataType>STRING</FieldDataType>
                    <FieldDataType>STRING</FieldDataType>
                    <FieldDataType>STRING</FieldDataType>
                    <FieldDataType>STRING</FieldDataType>
                    <FieldDataType>DATETIME</FieldDataType>
                </OutputFields>
            </ScriptDef>
        </OperationsDef>
        <OutputsDef>
            <OutputDef id="script.output" from="script.script" passthru="true" decryptSecuredValues="false"/>
        </OutputsDef>
    </PipelineDef>
    <PipelineDef id="dataStoreOutput2">
        <InputsDef>
            <InputDef id="dataStoreOutput2.input" fromOutputId="script.output"/>
        </InputsDef>
        <OperationsDef>
            <RenameDef from="dataStoreOutput2.input" id="dataStoreOutput2.rename" countOutput="false">
                <FromFields>
                    <FieldRef>RECORD_ID</FieldRef>
                    <FieldRef>SENT_TO</FieldRef>
                    <FieldRef>SUBJECT</FieldRef>
                    <FieldRef>BODY</FieldRef>
                    <FieldRef>IS_PROCESSED</FieldRef>
                    <FieldRef>FAH_SYSTEM_CREATED_TS</FieldRef>
                </FromFields>
                <ToFields>
                    <FieldRef>RECORD_ID</FieldRef>
                    <FieldRef>SENT_TO</FieldRef>
                    <FieldRef>SUBJECT</FieldRef>
                    <FieldRef>BODY</FieldRef>
                    <FieldRef>IS_PROCESSED</FieldRef>
                    <FieldRef>FAH_SYSTEM_CREATED_TS</FieldRef>
                </ToFields>
                <OutputFields>
                    <FieldRef>RECORD_ID</FieldRef>
                    <FieldRef>SENT_TO</FieldRef>
                    <FieldRef>SUBJECT</FieldRef>
                    <FieldRef>BODY</FieldRef>
                    <FieldRef>IS_PROCESSED</FieldRef>
                    <FieldRef>FAH_SYSTEM_CREATED_TS</FieldRef>
                </OutputFields>
            </RenameDef>
        </OperationsDef>
        <OutputsDef>
            <OutputDef id="dataStoreOutput2.output" from="dataStoreOutput2.rename" passthru="false" maxNumOutputPartitions="1" decryptSecuredValues="false">
                <DataStoreRef name="397c1cc2dddc4ef18886c22b070c9ab1" owningMemberId="1000">
                    <FieldsToUpdate>
                        <FieldRef>RECORD_ID</FieldRef>
                        <FieldRef>SENT_TO</FieldRef>
                        <FieldRef>SUBJECT</FieldRef>
                        <FieldRef>BODY</FieldRef>
                        <FieldRef>IS_PROCESSED</FieldRef>
                        <FieldRef>FAH_SYSTEM_CREATED_TS</FieldRef>
                        <FieldDataType>STRING</FieldDataType>
                        <FieldDataType>STRING</FieldDataType>
                        <FieldDataType>STRING</FieldDataType>
                        <FieldDataType>STRING</FieldDataType>
                        <FieldDataType>STRING</FieldDataType>
                        <FieldDataType>DATETIME</FieldDataType>
                    </FieldsToUpdate>
                </DataStoreRef>
            </OutputDef>
        </OutputsDef>
    </PipelineDef>
    <PipelineDef id="dataStoreOutput3">
        <InputsDef>
            <InputDef id="dataStoreOutput3.input" fromOutputId="filter.output"/>
        </InputsDef>
        <OperationsDef>
            <RenameDef from="dataStoreOutput3.input" id="dataStoreOutput3.rename" countOutput="false">
                <FromFields>
                    <FieldRef>RECORD_ID</FieldRef>
                    <FieldRef>SENT_TO</FieldRef>
                    <FieldRef>SUBJECT</FieldRef>
                    <FieldRef>BODY</FieldRef>
                </FromFields>
                <ToFields>
                    <FieldRef>RECORD_ID</FieldRef>
                    <FieldRef>SENT_TO</FieldRef>
                    <FieldRef>SUBJECT</FieldRef>
                    <FieldRef>BODY</FieldRef>
                </ToFields>
                <OutputFields>
                    <FieldRef>RECORD_ID</FieldRef>
                    <FieldRef>SENT_TO</FieldRef>
                    <FieldRef>SUBJECT</FieldRef>
                    <FieldRef>BODY</FieldRef>
                </OutputFields>
            </RenameDef>
        </OperationsDef>
        <OutputsDef>
            <OutputDef id="dataStoreOutput3.output" from="dataStoreOutput3.rename" passthru="false" maxNumOutputPartitions="1" decryptSecuredValues="false">
                <DataStoreRef name="c0aa3f99c4b84ea4aa1405c91b4bf7e0" owningMemberId="1000">
                    <FieldsToUpdate>
                        <FieldRef>RECORD_ID</FieldRef>
                        <FieldRef>SENT_TO</FieldRef>
                        <FieldRef>SUBJECT</FieldRef>
                        <FieldRef>BODY</FieldRef>
                        <FieldDataType>STRING</FieldDataType>
                        <FieldDataType>STRING</FieldDataType>
                        <FieldDataType>STRING</FieldDataType>
                        <FieldDataType>STRING</FieldDataType>
                    </FieldsToUpdate>
                </DataStoreRef>
            </OutputDef>
        </OutputsDef>
    </PipelineDef>
</ExecutionModel>
