<?xml version="1.0" encoding="UTF-8" standalone="yes"?>
<ExecutionModel xmlns="com/infogix/component/executionengine/export/fdt" id="c5ce2da7f2b8435b9feec78af069c7a8_exec">
    <OptionsDef logLimit="100" cacheOperationOutput="true" cacheResourceIntensiveOperationOutput="false" countOperationOutput="true"/>
    <PipelineDef id="dataStore">
        <InputsDef>
            <InputDef id="dataStore.input">
                <DataStoreRef name="5ed5429e03344c608fbdac09efdfc973" owningMemberId="1000" dataLoadRange="ALL">
                    <SourceFilter/>
                </DataStoreRef>
            </InputDef>
        </InputsDef>
        <OperationsDef>
            <SelectDef from="dataStore.input" id="dataStore.select" countOutput="false">
                <SelectFields>
                    <FieldRef>Dummy</FieldRef>
                    <FieldDataType>STRING</FieldDataType>
                </SelectFields>
            </SelectDef>
        </OperationsDef>
        <OutputsDef>
            <OutputDef id="dataStore.output" from="dataStore.select" passthru="true" decryptSecuredValues="false"/>
        </OutputsDef>
    </PipelineDef>
    <PipelineDef id="sql">
        <InputsDef>
            <InputDef id="sql.input" fromOutputId="dataStore.output"/>
        </InputsDef>
        <OperationsDef>
            <SqlDef id="sql.sql" countOutput="true">
                <SourceDef name="dummy" from="sql.input">
                    <InputFields>
                        <FieldRef>Dummy</FieldRef>
                        <FieldDataType>STRING</FieldDataType>
                        <EncryptField>false</EncryptField>
                    </InputFields>
                </SourceDef>
                <Sql>select 'X' as Dummy</Sql>
                <OutputFields>
                    <FieldRef>Dummy</FieldRef>
                    <FieldDataType>STRING</FieldDataType>
                    <NestedFields xmlns:xsi="http://www.w3.org/2001/XMLSchema-instance" xsi:nil="true"/>
                    <EncryptField>false</EncryptField>
                </OutputFields>
            </SqlDef>
            <ComputeDef from="sql.sql" id="sql.compute1" countOutput="false">
                <ComputedField>PM_RUN_DATE</ComputedField>
                <ComputedFieldDataType>DATETIME</ComputedFieldDataType>
                <ExpressionDef lang="formula" expression="COALESCE(RUNTIME('PM_RUN_DATE'), CURRENT_TIMESTAMP())"/>
            </ComputeDef>
            <ComputeDef from="sql.compute1" id="sql.compute2" countOutput="false">
                <ComputedField>PM_DATA_ENTITY_NAME</ComputedField>
                <ComputedFieldDataType>STRING</ComputedFieldDataType>
                <ExpressionDef lang="formula" expression="RUNTIME('PM_DATA_ENTITY')"/>
            </ComputeDef>
            <ComputeDef from="sql.compute2" id="sql.compute3" countOutput="false">
                <ComputedField>CURRENT_TIME</ComputedField>
                <ComputedFieldDataType>DATETIME</ComputedFieldDataType>
                <ExpressionDef lang="formula" expression="CURRENT_TIMESTAMP()"/>
            </ComputeDef>
            <ComputeDef from="sql.compute3" id="sql.compute4" countOutput="false">
                <ComputedField>IGX_PROCESS_ID</ComputedField>
                <ComputedFieldDataType>STRING</ComputedFieldDataType>
                <ExpressionDef lang="formula" expression="RUNTIME('processId')"/>
            </ComputeDef>
            <ComputeDef from="sql.compute4" id="sql.compute5" countOutput="false">
                <ComputedField>IGX_WORK_ID</ComputedField>
                <ComputedFieldDataType>STRING</ComputedFieldDataType>
                <ExpressionDef lang="formula" expression="RUNTIME('workId')"/>
            </ComputeDef>
            <ComputeDef from="sql.compute5" id="sql.compute6" countOutput="false">
                <ComputedField>IGX_SYSTEM_CREATED_TS</ComputedField>
                <ComputedFieldDataType>DATETIME</ComputedFieldDataType>
                <ExpressionDef lang="formula" expression="CURRENT_TIMESTAMP()"/>
            </ComputeDef>
            <ComputeDef from="sql.compute6" id="sql.compute7" countOutput="false">
                <ComputedField>START_TS</ComputedField>
                <ComputedFieldDataType>DATETIME</ComputedFieldDataType>
                <ExpressionDef lang="formula" expression="RUNTIME('PM_RUN_DATE')"/>
            </ComputeDef>
        </OperationsDef>
        <OutputsDef>
            <OutputDef id="sql.output" from="sql.compute7" passthru="true" decryptSecuredValues="false"/>
        </OutputsDef>
    </PipelineDef>
    <PipelineDef id="dataStoreOutput">
        <InputsDef>
            <InputDef id="dataStoreOutput.input" fromOutputId="sql.output"/>
        </InputsDef>
        <OperationsDef>
            <RenameDef from="dataStoreOutput.input" id="dataStoreOutput.rename" countOutput="false">
                <FromFields>
                    <FieldRef>PM_RUN_DATE</FieldRef>
                    <FieldRef>PM_DATA_ENTITY_NAME</FieldRef>
                    <FieldRef>CURRENT_TIME</FieldRef>
                    <FieldRef>IGX_PROCESS_ID</FieldRef>
                    <FieldRef>IGX_WORK_ID</FieldRef>
                    <FieldRef>IGX_SYSTEM_CREATED_TS</FieldRef>
                    <FieldRef>START_TS</FieldRef>
                </FromFields>
                <ToFields>
                    <FieldRef>RUN_DATE</FieldRef>
                    <FieldRef>DATA_ENTITY_NAME</FieldRef>
                    <FieldRef>END_TS</FieldRef>
                    <FieldRef>IGX_PROCESS_ID</FieldRef>
                    <FieldRef>IGX_WORK_ID</FieldRef>
                    <FieldRef>IGX_SYSTEM_CREATED_TS</FieldRef>
                    <FieldRef>START_TS</FieldRef>
                </ToFields>
                <OutputFields>
                    <FieldRef>RUN_DATE</FieldRef>
                    <FieldRef>DATA_ENTITY_NAME</FieldRef>
                    <FieldRef>END_TS</FieldRef>
                    <FieldRef>IGX_PROCESS_ID</FieldRef>
                    <FieldRef>IGX_WORK_ID</FieldRef>
                    <FieldRef>IGX_SYSTEM_CREATED_TS</FieldRef>
                    <FieldRef>START_TS</FieldRef>
                </OutputFields>
            </RenameDef>
        </OperationsDef>
        <OutputsDef>
            <OutputDef id="dataStoreOutput.output" from="dataStoreOutput.rename" passthru="false" maxNumOutputPartitions="512" decryptSecuredValues="false">
                <DataStoreRef name="cc64c8c2de264db0bbcd9e3354f9ec55" owningMemberId="1000">
                    <FieldsToUpdate>
                        <FieldRef>RUN_DATE</FieldRef>
                        <FieldRef>DATA_ENTITY_NAME</FieldRef>
                        <FieldRef>END_TS</FieldRef>
                        <FieldRef>IGX_PROCESS_ID</FieldRef>
                        <FieldRef>IGX_WORK_ID</FieldRef>
                        <FieldRef>IGX_SYSTEM_CREATED_TS</FieldRef>
                        <FieldRef>START_TS</FieldRef>
                        <FieldDataType>DATETIME</FieldDataType>
                        <FieldDataType>STRING</FieldDataType>
                        <FieldDataType>DATETIME</FieldDataType>
                        <FieldDataType>STRING</FieldDataType>
                        <FieldDataType>STRING</FieldDataType>
                        <FieldDataType>DATETIME</FieldDataType>
                        <FieldDataType>DATETIME</FieldDataType>
                    </FieldsToUpdate>
                </DataStoreRef>
                <PartitionByFields/>
            </OutputDef>
        </OutputsDef>
    </PipelineDef>
</ExecutionModel>
