<?xml version="1.0" encoding="UTF-8" standalone="yes"?>
<ExecutionModel xmlns="com/infogix/component/executionengine/export/fdt" id="9c81ef4789ee42bf982fc7704acd7f56_exec">
    <OptionsDef logLimit="100" cacheOperationOutput="true"/>
    <PipelineDef id="dataStore">
        <InputsDef>
            <InputDef id="dataStore.input">
                <DataStoreRef name="da0685129bc24600b0ec2ecbc4d8580e" owningMemberId="1000" dataLoadRange="ALL"/>
            </InputDef>
        </InputsDef>
        <OperationsDef>
            <SelectDef from="dataStore.input" id="dataStore.select" countOutput="false">
                <SelectFields>
                    <FieldRef>PROCESS_CODE</FieldRef>
                    <FieldRef>PROCESS_GROUP</FieldRef>
                    <FieldRef>COMPONENT</FieldRef>
                    <FieldRef>SOURCE_SYSTEM</FieldRef>
                    <FieldRef>PROCESS_TYPE</FieldRef>
                    <FieldRef>EXEC_WINDOW_START_TIME</FieldRef>
                    <FieldRef>EXEC_WINDOW_PERIOD</FieldRef>
                    <FieldRef>EXPECTED_TIME_PER_EXEC</FieldRef>
                    <FieldRef>BLOCKER_PROCESS_CODES</FieldRef>
                    <FieldRef>FAH_PROCESS_ID</FieldRef>
                    <FieldRef>FAH_SYSTEM_RECORD_VERSION</FieldRef>
                    <FieldRef>FAH_SYSTEM_CREATED_TS</FieldRef>
                    <FieldRef>FAH_SYSTEM_UPDATED_TS</FieldRef>
                    <FieldDataType>STRING</FieldDataType>
                    <FieldDataType>STRING</FieldDataType>
                    <FieldDataType>STRING</FieldDataType>
                    <FieldDataType>STRING</FieldDataType>
                    <FieldDataType>STRING</FieldDataType>
                    <FieldDataType>STRING</FieldDataType>
                    <FieldDataType>BIGINTEGER</FieldDataType>
                    <FieldDataType>BIGINTEGER</FieldDataType>
                    <FieldDataType>STRING</FieldDataType>
                    <FieldDataType>STRING</FieldDataType>
                    <FieldDataType>BIGINTEGER</FieldDataType>
                    <FieldDataType>DATETIME</FieldDataType>
                    <FieldDataType>DATETIME</FieldDataType>
                </SelectFields>
            </SelectDef>
            <ComputeDef from="dataStore.select" id="dataStore.compute1" countOutput="false">
                <ComputedField>DUMMY_COL</ComputedField>
                <ComputedFieldDataType>BIGINTEGER</ComputedFieldDataType>
                <ExpressionDef lang="formula" expression="1"/>
            </ComputeDef>
        </OperationsDef>
        <OutputsDef>
            <OutputDef id="dataStore.output" from="dataStore.compute1" passthru="true"/>
        </OutputsDef>
    </PipelineDef>
    <PipelineDef id="groupBy">
        <InputsDef>
            <InputDef id="groupBy.input" fromOutputId="dataStore.output"/>
        </InputsDef>
        <OperationsDef>
            <GroupByDef from="groupBy.input" id="groupBy.groupBy" countOutput="true">
                <GroupByFields>
                    <FieldRef>DUMMY_COL</FieldRef>
                    <FieldDataType>BIGINTEGER</FieldDataType>
                </GroupByFields>
                <AggregateDef name="MAX_CREATED_TS">
                    <ExpressionDef lang="formula" expression="MAX( FAH_SYSTEM_CREATED_TS )"/>
                </AggregateDef>
            </GroupByDef>
        </OperationsDef>
        <OutputsDef>
            <OutputDef id="groupBy.output" from="groupBy.groupBy" passthru="true"/>
        </OutputsDef>
    </PipelineDef>
    <PipelineDef id="join">
        <InputsDef>
            <InputDef id="join.input.left" fromOutputId="dataStore.output"/>
            <InputDef id="join.input.right" fromOutputId="groupBy.output"/>
        </InputsDef>
        <OperationsDef>
            <SelectDef from="join.input.left" id="join.input.left.select" countOutput="true">
                <SelectFields>
                    <FieldRef>PROCESS_CODE</FieldRef>
                    <FieldRef>PROCESS_GROUP</FieldRef>
                    <FieldRef>COMPONENT</FieldRef>
                    <FieldRef>SOURCE_SYSTEM</FieldRef>
                    <FieldRef>PROCESS_TYPE</FieldRef>
                    <FieldRef>EXEC_WINDOW_START_TIME</FieldRef>
                    <FieldRef>EXEC_WINDOW_PERIOD</FieldRef>
                    <FieldRef>EXPECTED_TIME_PER_EXEC</FieldRef>
                    <FieldRef>BLOCKER_PROCESS_CODES</FieldRef>
                    <FieldRef>FAH_PROCESS_ID</FieldRef>
                    <FieldRef>FAH_SYSTEM_RECORD_VERSION</FieldRef>
                    <FieldRef>FAH_SYSTEM_CREATED_TS</FieldRef>
                    <FieldRef>FAH_SYSTEM_UPDATED_TS</FieldRef>
                    <FieldRef>DUMMY_COL</FieldRef>
                    <FieldDataType>STRING</FieldDataType>
                    <FieldDataType>STRING</FieldDataType>
                    <FieldDataType>STRING</FieldDataType>
                    <FieldDataType>STRING</FieldDataType>
                    <FieldDataType>STRING</FieldDataType>
                    <FieldDataType>STRING</FieldDataType>
                    <FieldDataType>BIGINTEGER</FieldDataType>
                    <FieldDataType>BIGINTEGER</FieldDataType>
                    <FieldDataType>STRING</FieldDataType>
                    <FieldDataType>STRING</FieldDataType>
                    <FieldDataType>BIGINTEGER</FieldDataType>
                    <FieldDataType>DATETIME</FieldDataType>
                    <FieldDataType>DATETIME</FieldDataType>
                    <FieldDataType>BIGINTEGER</FieldDataType>
                </SelectFields>
            </SelectDef>
            <SelectDef from="join.input.right" id="join.input.right.select" countOutput="true">
                <SelectFields>
                    <FieldRef>DUMMY_COL</FieldRef>
                    <FieldRef>MAX_CREATED_TS</FieldRef>
                    <FieldDataType>BIGINTEGER</FieldDataType>
                    <FieldDataType>DATETIME</FieldDataType>
                </SelectFields>
            </SelectDef>
            <DataFrameJoinDef id="join.join" countOutput="true">
                <SourceDef from="join.input.left.select" joinType="Inner" fitsInMemory="false">
                    <JoinFields>
                        <FieldRef>DUMMY_COL</FieldRef>
                        <FieldRef>FAH_SYSTEM_CREATED_TS</FieldRef>
                        <FieldDataType>BIGINTEGER</FieldDataType>
                        <FieldDataType>DATETIME</FieldDataType>
                    </JoinFields>
                    <InputFields>
                        <FieldRef>PROCESS_CODE</FieldRef>
                        <FieldRef>PROCESS_GROUP</FieldRef>
                        <FieldRef>COMPONENT</FieldRef>
                        <FieldRef>SOURCE_SYSTEM</FieldRef>
                        <FieldRef>PROCESS_TYPE</FieldRef>
                        <FieldRef>EXEC_WINDOW_START_TIME</FieldRef>
                        <FieldRef>EXEC_WINDOW_PERIOD</FieldRef>
                        <FieldRef>EXPECTED_TIME_PER_EXEC</FieldRef>
                        <FieldRef>BLOCKER_PROCESS_CODES</FieldRef>
                        <FieldRef>FAH_PROCESS_ID</FieldRef>
                        <FieldRef>FAH_SYSTEM_RECORD_VERSION</FieldRef>
                        <FieldRef>FAH_SYSTEM_CREATED_TS</FieldRef>
                        <FieldRef>FAH_SYSTEM_UPDATED_TS</FieldRef>
                        <FieldRef>DUMMY_COL</FieldRef>
                        <FieldDataType>STRING</FieldDataType>
                        <FieldDataType>STRING</FieldDataType>
                        <FieldDataType>STRING</FieldDataType>
                        <FieldDataType>STRING</FieldDataType>
                        <FieldDataType>STRING</FieldDataType>
                        <FieldDataType>STRING</FieldDataType>
                        <FieldDataType>BIGINTEGER</FieldDataType>
                        <FieldDataType>BIGINTEGER</FieldDataType>
                        <FieldDataType>STRING</FieldDataType>
                        <FieldDataType>STRING</FieldDataType>
                        <FieldDataType>BIGINTEGER</FieldDataType>
                        <FieldDataType>DATETIME</FieldDataType>
                        <FieldDataType>DATETIME</FieldDataType>
                        <FieldDataType>BIGINTEGER</FieldDataType>
                    </InputFields>
                    <OutputFields>
                        <FieldRef>PROCESS_CODE</FieldRef>
                        <FieldRef>PROCESS_GROUP</FieldRef>
                        <FieldRef>COMPONENT</FieldRef>
                        <FieldRef>SOURCE_SYSTEM</FieldRef>
                        <FieldRef>PROCESS_TYPE</FieldRef>
                        <FieldRef>EXEC_WINDOW_START_TIME</FieldRef>
                        <FieldRef>EXEC_WINDOW_PERIOD</FieldRef>
                        <FieldRef>EXPECTED_TIME_PER_EXEC</FieldRef>
                        <FieldRef>BLOCKER_PROCESS_CODES</FieldRef>
                        <FieldRef>FAH_PROCESS_ID</FieldRef>
                        <FieldRef>FAH_SYSTEM_RECORD_VERSION</FieldRef>
                        <FieldRef>FAH_SYSTEM_CREATED_TS</FieldRef>
                        <FieldRef>FAH_SYSTEM_UPDATED_TS</FieldRef>
                        <FieldRef>DUMMY_COL</FieldRef>
                        <FieldDataType>STRING</FieldDataType>
                        <FieldDataType>STRING</FieldDataType>
                        <FieldDataType>STRING</FieldDataType>
                        <FieldDataType>STRING</FieldDataType>
                        <FieldDataType>STRING</FieldDataType>
                        <FieldDataType>STRING</FieldDataType>
                        <FieldDataType>BIGINTEGER</FieldDataType>
                        <FieldDataType>BIGINTEGER</FieldDataType>
                        <FieldDataType>STRING</FieldDataType>
                        <FieldDataType>STRING</FieldDataType>
                        <FieldDataType>BIGINTEGER</FieldDataType>
                        <FieldDataType>DATETIME</FieldDataType>
                        <FieldDataType>DATETIME</FieldDataType>
                        <FieldDataType>BIGINTEGER</FieldDataType>
                    </OutputFields>
                </SourceDef>
                <SourceDef from="join.input.right.select" joinType="Inner" fitsInMemory="false">
                    <JoinFields>
                        <FieldRef>DUMMY_COL</FieldRef>
                        <FieldRef>MAX_CREATED_TS</FieldRef>
                        <FieldDataType>BIGINTEGER</FieldDataType>
                        <FieldDataType>DATETIME</FieldDataType>
                    </JoinFields>
                    <InputFields>
                        <FieldRef>DUMMY_COL</FieldRef>
                        <FieldRef>MAX_CREATED_TS</FieldRef>
                        <FieldDataType>BIGINTEGER</FieldDataType>
                        <FieldDataType>DATETIME</FieldDataType>
                    </InputFields>
                    <OutputFields>
                        <FieldRef>DUMMY_COL</FieldRef>
                        <FieldRef>MAX_CREATED_TS</FieldRef>
                        <FieldDataType>BIGINTEGER</FieldDataType>
                        <FieldDataType>DATETIME</FieldDataType>
                    </OutputFields>
                </SourceDef>
            </DataFrameJoinDef>
            <SelectDef from="join.join" id="join.select" countOutput="false">
                <SelectFields>
                    <FieldRef>PROCESS_CODE</FieldRef>
                    <FieldRef>PROCESS_GROUP</FieldRef>
                    <FieldRef>COMPONENT</FieldRef>
                    <FieldRef>SOURCE_SYSTEM</FieldRef>
                    <FieldRef>PROCESS_TYPE</FieldRef>
                    <FieldRef>EXEC_WINDOW_START_TIME</FieldRef>
                    <FieldRef>EXEC_WINDOW_PERIOD</FieldRef>
                    <FieldRef>EXPECTED_TIME_PER_EXEC</FieldRef>
                    <FieldRef>BLOCKER_PROCESS_CODES</FieldRef>
                    <FieldRef>FAH_PROCESS_ID</FieldRef>
                    <FieldRef>FAH_SYSTEM_RECORD_VERSION</FieldRef>
                    <FieldRef>FAH_SYSTEM_CREATED_TS</FieldRef>
                    <FieldRef>FAH_SYSTEM_UPDATED_TS</FieldRef>
                    <FieldRef>DUMMY_COL</FieldRef>
                    <FieldDataType>STRING</FieldDataType>
                    <FieldDataType>STRING</FieldDataType>
                    <FieldDataType>STRING</FieldDataType>
                    <FieldDataType>STRING</FieldDataType>
                    <FieldDataType>STRING</FieldDataType>
                    <FieldDataType>STRING</FieldDataType>
                    <FieldDataType>BIGINTEGER</FieldDataType>
                    <FieldDataType>BIGINTEGER</FieldDataType>
                    <FieldDataType>STRING</FieldDataType>
                    <FieldDataType>STRING</FieldDataType>
                    <FieldDataType>BIGINTEGER</FieldDataType>
                    <FieldDataType>DATETIME</FieldDataType>
                    <FieldDataType>DATETIME</FieldDataType>
                    <FieldDataType>BIGINTEGER</FieldDataType>
                </SelectFields>
            </SelectDef>
        </OperationsDef>
        <OutputsDef>
            <OutputDef id="join.output" from="join.select" passthru="true"/>
        </OutputsDef>
    </PipelineDef>
    <PipelineDef id="script">
        <InputsDef>
            <InputDef id="script.input" fromOutputId="join.output"/>
        </InputsDef>
        <OperationsDef>
            <ScriptDef mimeType="text/javascript" from="script.input" id="script.script" countOutput="true">
                <SelectFields>
                    <FieldRef>PROCESS_CODE</FieldRef>
                    <FieldRef>PROCESS_GROUP</FieldRef>
                    <FieldRef>COMPONENT</FieldRef>
                    <FieldRef>SOURCE_SYSTEM</FieldRef>
                    <FieldRef>PROCESS_TYPE</FieldRef>
                    <FieldRef>EXEC_WINDOW_START_TIME</FieldRef>
                    <FieldRef>EXEC_WINDOW_PERIOD</FieldRef>
                    <FieldRef>EXPECTED_TIME_PER_EXEC</FieldRef>
                    <FieldRef>BLOCKER_PROCESS_CODES</FieldRef>
                    <FieldRef>FAH_PROCESS_ID</FieldRef>
                    <FieldRef>FAH_SYSTEM_RECORD_VERSION</FieldRef>
                    <FieldRef>FAH_SYSTEM_CREATED_TS</FieldRef>
                    <FieldRef>FAH_SYSTEM_UPDATED_TS</FieldRef>
                    <FieldRef>DUMMY_COL</FieldRef>
                    <FieldDataType>STRING</FieldDataType>
                    <FieldDataType>STRING</FieldDataType>
                    <FieldDataType>STRING</FieldDataType>
                    <FieldDataType>STRING</FieldDataType>
                    <FieldDataType>STRING</FieldDataType>
                    <FieldDataType>STRING</FieldDataType>
                    <FieldDataType>BIGINTEGER</FieldDataType>
                    <FieldDataType>BIGINTEGER</FieldDataType>
                    <FieldDataType>STRING</FieldDataType>
                    <FieldDataType>STRING</FieldDataType>
                    <FieldDataType>BIGINTEGER</FieldDataType>
                    <FieldDataType>DATETIME</FieldDataType>
                    <FieldDataType>DATETIME</FieldDataType>
                    <FieldDataType>BIGINTEGER</FieldDataType>
                </SelectFields>
                <Script>var current_date=DATE(YEAR(CURRENT_TIMESTAMP()),MONTH(CURRENT_TIMESTAMP()),DATEPART('day',CURRENT_TIMESTAMP()));
var inter_date=DATETIMEPLUS(current_date,PERIOD('weeks',2));
var final_date=DATETIMEPLUS(inter_date,DURATION('days',7-DAY(inter_date)));
var days=DATETIMEMINUSDATE(final_date,current_date,'days');

for(var i=0;i&lt;=days;i++)
{
  copyInputsToOutputs();
  output.CURRENT_DATE=current_date;
  output.PROCESS_EXEC_WINDOW_START_TIME=DATETIMEPLUS(DATETIMEPLUS(current_date,DURATION('hours',EXTRACTNUMBER(input.EXEC_WINDOW_START_TIME))),DURATION('minutes',makeBigInteger(LAST(input.EXEC_WINDOW_START_TIME,2))));// Change made by Amandeep on 29062018, 'FIRST' function was not handling : in string value.

  
  output.PROCESS_EXEC_WINDOW_END_TIME=DATETIMEPLUS(output.PROCESS_EXEC_WINDOW_START_TIME,DURATION('minutes',input.EXEC_WINDOW_PERIOD));
  current_date=DATETIMEPLUS(current_date,DURATION('days',1));
emitRecord();
}</Script>
                <ScriptInputFields>
                    <FieldRef>PROCESS_CODE</FieldRef>
                    <FieldRef>PROCESS_GROUP</FieldRef>
                    <FieldRef>COMPONENT</FieldRef>
                    <FieldRef>SOURCE_SYSTEM</FieldRef>
                    <FieldRef>PROCESS_TYPE</FieldRef>
                    <FieldRef>EXEC_WINDOW_START_TIME</FieldRef>
                    <FieldRef>EXEC_WINDOW_PERIOD</FieldRef>
                    <FieldRef>EXPECTED_TIME_PER_EXEC</FieldRef>
                    <FieldRef>BLOCKER_PROCESS_CODES</FieldRef>
                    <FieldRef>FAH_PROCESS_ID</FieldRef>
                    <FieldRef>FAH_SYSTEM_RECORD_VERSION</FieldRef>
                    <FieldRef>FAH_SYSTEM_CREATED_TS</FieldRef>
                    <FieldRef>FAH_SYSTEM_UPDATED_TS</FieldRef>
                    <FieldRef>DUMMY_COL</FieldRef>
                    <FieldDataType>STRING</FieldDataType>
                    <FieldDataType>STRING</FieldDataType>
                    <FieldDataType>STRING</FieldDataType>
                    <FieldDataType>STRING</FieldDataType>
                    <FieldDataType>STRING</FieldDataType>
                    <FieldDataType>STRING</FieldDataType>
                    <FieldDataType>BIGINTEGER</FieldDataType>
                    <FieldDataType>BIGINTEGER</FieldDataType>
                    <FieldDataType>STRING</FieldDataType>
                    <FieldDataType>STRING</FieldDataType>
                    <FieldDataType>BIGINTEGER</FieldDataType>
                    <FieldDataType>DATETIME</FieldDataType>
                    <FieldDataType>DATETIME</FieldDataType>
                    <FieldDataType>BIGINTEGER</FieldDataType>
                </ScriptInputFields>
                <ScriptOutputFields>
                    <FieldRef>PROCESS_CODE</FieldRef>
                    <FieldRef>PROCESS_TYPE</FieldRef>
                    <FieldRef>PROCESS_EXEC_WINDOW_START_TIME</FieldRef>
                    <FieldRef>PROCESS_EXEC_WINDOW_END_TIME</FieldRef>
                    <FieldRef>PROCESS_EXPECTED_TIME_PER_EXEC</FieldRef>
                    <FieldRef>BLOCKER_PROCESS_CODES</FieldRef>
                    <FieldRef>WINDOW_START_TIME</FieldRef>
                    <FieldRef>WINDOW_END_TIME</FieldRef>
                    <FieldRef>WINDOW_TYPE</FieldRef>
                    <FieldRef>RESTRICTED_PROCESS_CODES</FieldRef>
                    <FieldRef>FAH_SYSTEM_CREATED_TS</FieldRef>
                    <FieldRef>FAH_PROCESS_ID</FieldRef>
                    <FieldRef>DUMMY_COL</FieldRef>
                    <FieldRef>PROCESS_GROUP</FieldRef>
                    <FieldRef>EXPECTED_TIME_PER_EXEC</FieldRef>
                    <FieldRef>CURRENT_DATE</FieldRef>
                    <FieldDataType>STRING</FieldDataType>
                    <FieldDataType>STRING</FieldDataType>
                    <FieldDataType>DATETIME</FieldDataType>
                    <FieldDataType>DATETIME</FieldDataType>
                    <FieldDataType>BIGINTEGER</FieldDataType>
                    <FieldDataType>STRING</FieldDataType>
                    <FieldDataType>DATETIME</FieldDataType>
                    <FieldDataType>DATETIME</FieldDataType>
                    <FieldDataType>STRING</FieldDataType>
                    <FieldDataType>STRING</FieldDataType>
                    <FieldDataType>DATETIME</FieldDataType>
                    <FieldDataType>STRING</FieldDataType>
                    <FieldDataType>BIGINTEGER</FieldDataType>
                    <FieldDataType>STRING</FieldDataType>
                    <FieldDataType>BIGINTEGER</FieldDataType>
                    <FieldDataType>DATE</FieldDataType>
                </ScriptOutputFields>
                <OutputFields>
                    <FieldRef>PROCESS_CODE</FieldRef>
                    <FieldRef>PROCESS_TYPE</FieldRef>
                    <FieldRef>PROCESS_EXEC_WINDOW_START_TIME</FieldRef>
                    <FieldRef>PROCESS_EXEC_WINDOW_END_TIME</FieldRef>
                    <FieldRef>PROCESS_EXPECTED_TIME_PER_EXEC</FieldRef>
                    <FieldRef>BLOCKER_PROCESS_CODES</FieldRef>
                    <FieldRef>WINDOW_START_TIME</FieldRef>
                    <FieldRef>WINDOW_END_TIME</FieldRef>
                    <FieldRef>WINDOW_TYPE</FieldRef>
                    <FieldRef>RESTRICTED_PROCESS_CODES</FieldRef>
                    <FieldRef>FAH_SYSTEM_CREATED_TS</FieldRef>
                    <FieldRef>FAH_PROCESS_ID</FieldRef>
                    <FieldRef>DUMMY_COL</FieldRef>
                    <FieldRef>PROCESS_GROUP</FieldRef>
                    <FieldRef>EXPECTED_TIME_PER_EXEC</FieldRef>
                    <FieldRef>CURRENT_DATE</FieldRef>
                    <FieldDataType>STRING</FieldDataType>
                    <FieldDataType>STRING</FieldDataType>
                    <FieldDataType>DATETIME</FieldDataType>
                    <FieldDataType>DATETIME</FieldDataType>
                    <FieldDataType>BIGINTEGER</FieldDataType>
                    <FieldDataType>STRING</FieldDataType>
                    <FieldDataType>DATETIME</FieldDataType>
                    <FieldDataType>DATETIME</FieldDataType>
                    <FieldDataType>STRING</FieldDataType>
                    <FieldDataType>STRING</FieldDataType>
                    <FieldDataType>DATETIME</FieldDataType>
                    <FieldDataType>STRING</FieldDataType>
                    <FieldDataType>BIGINTEGER</FieldDataType>
                    <FieldDataType>STRING</FieldDataType>
                    <FieldDataType>BIGINTEGER</FieldDataType>
                    <FieldDataType>DATE</FieldDataType>
                </OutputFields>
            </ScriptDef>
        </OperationsDef>
        <OutputsDef>
            <OutputDef id="script.output" from="script.script" passthru="true"/>
        </OutputsDef>
    </PipelineDef>
    <PipelineDef id="dataStore2">
        <InputsDef>
            <InputDef id="dataStore2.input">
                <DataStoreRef name="3d48c2dd9bc24aca8539adee650b5abe" owningMemberId="1000" dataLoadRange="ALL"/>
            </InputDef>
        </InputsDef>
        <OperationsDef>
            <SelectDef from="dataStore2.input" id="dataStore2.select" countOutput="false">
                <SelectFields>
                    <FieldRef>WINDOW_CODE</FieldRef>
                    <FieldRef>WINDOW_DESCR</FieldRef>
                    <FieldRef>WINDOW_TYPE</FieldRef>
                    <FieldRef>FREQ</FieldRef>
                    <FieldRef>FREQ_DAYS</FieldRef>
                    <FieldRef>WEEK_NO</FieldRef>
                    <FieldRef>START_TIME</FieldRef>
                    <FieldRef>WINDOW_PERIOD</FieldRef>
                    <FieldRef>START_DATE</FieldRef>
                    <FieldRef>END_DATE</FieldRef>
                    <FieldRef>RESTRICTED_PROCESS_CODES</FieldRef>
                    <FieldRef>ACTIVE_IND</FieldRef>
                    <FieldRef>FAH_PROCESS_ID</FieldRef>
                    <FieldRef>FAH_SYSTEM_RECORD_VERSION</FieldRef>
                    <FieldRef>FAH_SYSTEM_CREATED_TS</FieldRef>
                    <FieldRef>FAH_SYSTEM_UPDATED_TS</FieldRef>
                    <FieldDataType>STRING</FieldDataType>
                    <FieldDataType>STRING</FieldDataType>
                    <FieldDataType>STRING</FieldDataType>
                    <FieldDataType>STRING</FieldDataType>
                    <FieldDataType>STRING</FieldDataType>
                    <FieldDataType>STRING</FieldDataType>
                    <FieldDataType>STRING</FieldDataType>
                    <FieldDataType>BIGINTEGER</FieldDataType>
                    <FieldDataType>DATETIME</FieldDataType>
                    <FieldDataType>DATETIME</FieldDataType>
                    <FieldDataType>STRING</FieldDataType>
                    <FieldDataType>STRING</FieldDataType>
                    <FieldDataType>STRING</FieldDataType>
                    <FieldDataType>BIGINTEGER</FieldDataType>
                    <FieldDataType>DATETIME</FieldDataType>
                    <FieldDataType>DATETIME</FieldDataType>
                </SelectFields>
            </SelectDef>
            <ComputeDef from="dataStore2.select" id="dataStore2.compute1" countOutput="false">
                <ComputedField>DUMMY_COL</ComputedField>
                <ComputedFieldDataType>BIGINTEGER</ComputedFieldDataType>
                <ExpressionDef lang="formula" expression="1"/>
            </ComputeDef>
        </OperationsDef>
        <OutputsDef>
            <OutputDef id="dataStore2.output" from="dataStore2.compute1" passthru="true"/>
        </OutputsDef>
    </PipelineDef>
    <PipelineDef id="groupBy2">
        <InputsDef>
            <InputDef id="groupBy2.input" fromOutputId="dataStore2.output"/>
        </InputsDef>
        <OperationsDef>
            <GroupByDef from="groupBy2.input" id="groupBy2.groupBy" countOutput="true">
                <GroupByFields>
                    <FieldRef>DUMMY_COL</FieldRef>
                    <FieldDataType>BIGINTEGER</FieldDataType>
                </GroupByFields>
                <AggregateDef name="MAX_CREATED_TS">
                    <ExpressionDef lang="formula" expression="MAX( FAH_SYSTEM_CREATED_TS )"/>
                </AggregateDef>
            </GroupByDef>
        </OperationsDef>
        <OutputsDef>
            <OutputDef id="groupBy2.output" from="groupBy2.groupBy" passthru="true"/>
        </OutputsDef>
    </PipelineDef>
    <PipelineDef id="join2">
        <InputsDef>
            <InputDef id="join2.input.left" fromOutputId="dataStore2.output"/>
            <InputDef id="join2.input.right" fromOutputId="groupBy2.output"/>
        </InputsDef>
        <OperationsDef>
            <SelectDef from="join2.input.left" id="join2.input.left.select" countOutput="true">
                <SelectFields>
                    <FieldRef>WINDOW_CODE</FieldRef>
                    <FieldRef>WINDOW_DESCR</FieldRef>
                    <FieldRef>WINDOW_TYPE</FieldRef>
                    <FieldRef>FREQ</FieldRef>
                    <FieldRef>FREQ_DAYS</FieldRef>
                    <FieldRef>WEEK_NO</FieldRef>
                    <FieldRef>START_TIME</FieldRef>
                    <FieldRef>WINDOW_PERIOD</FieldRef>
                    <FieldRef>START_DATE</FieldRef>
                    <FieldRef>END_DATE</FieldRef>
                    <FieldRef>RESTRICTED_PROCESS_CODES</FieldRef>
                    <FieldRef>ACTIVE_IND</FieldRef>
                    <FieldRef>FAH_PROCESS_ID</FieldRef>
                    <FieldRef>FAH_SYSTEM_RECORD_VERSION</FieldRef>
                    <FieldRef>FAH_SYSTEM_CREATED_TS</FieldRef>
                    <FieldRef>FAH_SYSTEM_UPDATED_TS</FieldRef>
                    <FieldRef>DUMMY_COL</FieldRef>
                    <FieldDataType>STRING</FieldDataType>
                    <FieldDataType>STRING</FieldDataType>
                    <FieldDataType>STRING</FieldDataType>
                    <FieldDataType>STRING</FieldDataType>
                    <FieldDataType>STRING</FieldDataType>
                    <FieldDataType>STRING</FieldDataType>
                    <FieldDataType>STRING</FieldDataType>
                    <FieldDataType>BIGINTEGER</FieldDataType>
                    <FieldDataType>DATETIME</FieldDataType>
                    <FieldDataType>DATETIME</FieldDataType>
                    <FieldDataType>STRING</FieldDataType>
                    <FieldDataType>STRING</FieldDataType>
                    <FieldDataType>STRING</FieldDataType>
                    <FieldDataType>BIGINTEGER</FieldDataType>
                    <FieldDataType>DATETIME</FieldDataType>
                    <FieldDataType>DATETIME</FieldDataType>
                    <FieldDataType>BIGINTEGER</FieldDataType>
                </SelectFields>
            </SelectDef>
            <SelectDef from="join2.input.right" id="join2.input.right.select" countOutput="true">
                <SelectFields>
                    <FieldRef>DUMMY_COL</FieldRef>
                    <FieldRef>MAX_CREATED_TS</FieldRef>
                    <FieldDataType>BIGINTEGER</FieldDataType>
                    <FieldDataType>DATETIME</FieldDataType>
                </SelectFields>
            </SelectDef>
            <DataFrameJoinDef id="join2.join" countOutput="true">
                <SourceDef from="join2.input.left.select" joinType="Inner" fitsInMemory="false">
                    <JoinFields>
                        <FieldRef>DUMMY_COL</FieldRef>
                        <FieldRef>FAH_SYSTEM_CREATED_TS</FieldRef>
                        <FieldDataType>BIGINTEGER</FieldDataType>
                        <FieldDataType>DATETIME</FieldDataType>
                    </JoinFields>
                    <InputFields>
                        <FieldRef>WINDOW_CODE</FieldRef>
                        <FieldRef>WINDOW_DESCR</FieldRef>
                        <FieldRef>WINDOW_TYPE</FieldRef>
                        <FieldRef>FREQ</FieldRef>
                        <FieldRef>FREQ_DAYS</FieldRef>
                        <FieldRef>WEEK_NO</FieldRef>
                        <FieldRef>START_TIME</FieldRef>
                        <FieldRef>WINDOW_PERIOD</FieldRef>
                        <FieldRef>START_DATE</FieldRef>
                        <FieldRef>END_DATE</FieldRef>
                        <FieldRef>RESTRICTED_PROCESS_CODES</FieldRef>
                        <FieldRef>ACTIVE_IND</FieldRef>
                        <FieldRef>FAH_PROCESS_ID</FieldRef>
                        <FieldRef>FAH_SYSTEM_RECORD_VERSION</FieldRef>
                        <FieldRef>FAH_SYSTEM_CREATED_TS</FieldRef>
                        <FieldRef>FAH_SYSTEM_UPDATED_TS</FieldRef>
                        <FieldRef>DUMMY_COL</FieldRef>
                        <FieldDataType>STRING</FieldDataType>
                        <FieldDataType>STRING</FieldDataType>
                        <FieldDataType>STRING</FieldDataType>
                        <FieldDataType>STRING</FieldDataType>
                        <FieldDataType>STRING</FieldDataType>
                        <FieldDataType>STRING</FieldDataType>
                        <FieldDataType>STRING</FieldDataType>
                        <FieldDataType>BIGINTEGER</FieldDataType>
                        <FieldDataType>DATETIME</FieldDataType>
                        <FieldDataType>DATETIME</FieldDataType>
                        <FieldDataType>STRING</FieldDataType>
                        <FieldDataType>STRING</FieldDataType>
                        <FieldDataType>STRING</FieldDataType>
                        <FieldDataType>BIGINTEGER</FieldDataType>
                        <FieldDataType>DATETIME</FieldDataType>
                        <FieldDataType>DATETIME</FieldDataType>
                        <FieldDataType>BIGINTEGER</FieldDataType>
                    </InputFields>
                    <OutputFields>
                        <FieldRef>WINDOW_CODE</FieldRef>
                        <FieldRef>WINDOW_DESCR</FieldRef>
                        <FieldRef>WINDOW_TYPE</FieldRef>
                        <FieldRef>FREQ</FieldRef>
                        <FieldRef>FREQ_DAYS</FieldRef>
                        <FieldRef>WEEK_NO</FieldRef>
                        <FieldRef>START_TIME</FieldRef>
                        <FieldRef>WINDOW_PERIOD</FieldRef>
                        <FieldRef>START_DATE</FieldRef>
                        <FieldRef>END_DATE</FieldRef>
                        <FieldRef>RESTRICTED_PROCESS_CODES</FieldRef>
                        <FieldRef>ACTIVE_IND</FieldRef>
                        <FieldRef>FAH_PROCESS_ID</FieldRef>
                        <FieldRef>FAH_SYSTEM_RECORD_VERSION</FieldRef>
                        <FieldRef>FAH_SYSTEM_CREATED_TS</FieldRef>
                        <FieldRef>FAH_SYSTEM_UPDATED_TS</FieldRef>
                        <FieldRef>DUMMY_COL</FieldRef>
                        <FieldDataType>STRING</FieldDataType>
                        <FieldDataType>STRING</FieldDataType>
                        <FieldDataType>STRING</FieldDataType>
                        <FieldDataType>STRING</FieldDataType>
                        <FieldDataType>STRING</FieldDataType>
                        <FieldDataType>STRING</FieldDataType>
                        <FieldDataType>STRING</FieldDataType>
                        <FieldDataType>BIGINTEGER</FieldDataType>
                        <FieldDataType>DATETIME</FieldDataType>
                        <FieldDataType>DATETIME</FieldDataType>
                        <FieldDataType>STRING</FieldDataType>
                        <FieldDataType>STRING</FieldDataType>
                        <FieldDataType>STRING</FieldDataType>
                        <FieldDataType>BIGINTEGER</FieldDataType>
                        <FieldDataType>DATETIME</FieldDataType>
                        <FieldDataType>DATETIME</FieldDataType>
                        <FieldDataType>BIGINTEGER</FieldDataType>
                    </OutputFields>
                </SourceDef>
                <SourceDef from="join2.input.right.select" joinType="Inner" fitsInMemory="false">
                    <JoinFields>
                        <FieldRef>DUMMY_COL</FieldRef>
                        <FieldRef>MAX_CREATED_TS</FieldRef>
                        <FieldDataType>BIGINTEGER</FieldDataType>
                        <FieldDataType>DATETIME</FieldDataType>
                    </JoinFields>
                    <InputFields>
                        <FieldRef>DUMMY_COL</FieldRef>
                        <FieldRef>MAX_CREATED_TS</FieldRef>
                        <FieldDataType>BIGINTEGER</FieldDataType>
                        <FieldDataType>DATETIME</FieldDataType>
                    </InputFields>
                    <OutputFields>
                        <FieldRef>DUMMY_COL</FieldRef>
                        <FieldRef>MAX_CREATED_TS</FieldRef>
                        <FieldDataType>BIGINTEGER</FieldDataType>
                        <FieldDataType>DATETIME</FieldDataType>
                    </OutputFields>
                </SourceDef>
            </DataFrameJoinDef>
            <SelectDef from="join2.join" id="join2.select" countOutput="false">
                <SelectFields>
                    <FieldRef>WINDOW_CODE</FieldRef>
                    <FieldRef>WINDOW_DESCR</FieldRef>
                    <FieldRef>WINDOW_TYPE</FieldRef>
                    <FieldRef>FREQ</FieldRef>
                    <FieldRef>FREQ_DAYS</FieldRef>
                    <FieldRef>WEEK_NO</FieldRef>
                    <FieldRef>START_TIME</FieldRef>
                    <FieldRef>WINDOW_PERIOD</FieldRef>
                    <FieldRef>START_DATE</FieldRef>
                    <FieldRef>END_DATE</FieldRef>
                    <FieldRef>RESTRICTED_PROCESS_CODES</FieldRef>
                    <FieldRef>ACTIVE_IND</FieldRef>
                    <FieldRef>FAH_PROCESS_ID</FieldRef>
                    <FieldRef>FAH_SYSTEM_RECORD_VERSION</FieldRef>
                    <FieldRef>FAH_SYSTEM_CREATED_TS</FieldRef>
                    <FieldRef>FAH_SYSTEM_UPDATED_TS</FieldRef>
                    <FieldRef>DUMMY_COL</FieldRef>
                    <FieldDataType>STRING</FieldDataType>
                    <FieldDataType>STRING</FieldDataType>
                    <FieldDataType>STRING</FieldDataType>
                    <FieldDataType>STRING</FieldDataType>
                    <FieldDataType>STRING</FieldDataType>
                    <FieldDataType>STRING</FieldDataType>
                    <FieldDataType>STRING</FieldDataType>
                    <FieldDataType>BIGINTEGER</FieldDataType>
                    <FieldDataType>DATETIME</FieldDataType>
                    <FieldDataType>DATETIME</FieldDataType>
                    <FieldDataType>STRING</FieldDataType>
                    <FieldDataType>STRING</FieldDataType>
                    <FieldDataType>STRING</FieldDataType>
                    <FieldDataType>BIGINTEGER</FieldDataType>
                    <FieldDataType>DATETIME</FieldDataType>
                    <FieldDataType>DATETIME</FieldDataType>
                    <FieldDataType>BIGINTEGER</FieldDataType>
                </SelectFields>
            </SelectDef>
        </OperationsDef>
        <OutputsDef>
            <OutputDef id="join2.output" from="join2.select" passthru="true"/>
        </OutputsDef>
    </PipelineDef>
    <PipelineDef id="script2">
        <InputsDef>
            <InputDef id="script2.input" fromOutputId="join2.output"/>
        </InputsDef>
        <OperationsDef>
            <ScriptDef mimeType="text/javascript" from="script2.input" id="script2.script" countOutput="true">
                <SelectFields>
                    <FieldRef>WINDOW_CODE</FieldRef>
                    <FieldRef>WINDOW_DESCR</FieldRef>
                    <FieldRef>WINDOW_TYPE</FieldRef>
                    <FieldRef>FREQ</FieldRef>
                    <FieldRef>FREQ_DAYS</FieldRef>
                    <FieldRef>WEEK_NO</FieldRef>
                    <FieldRef>START_TIME</FieldRef>
                    <FieldRef>WINDOW_PERIOD</FieldRef>
                    <FieldRef>START_DATE</FieldRef>
                    <FieldRef>END_DATE</FieldRef>
                    <FieldRef>RESTRICTED_PROCESS_CODES</FieldRef>
                    <FieldRef>ACTIVE_IND</FieldRef>
                    <FieldRef>FAH_PROCESS_ID</FieldRef>
                    <FieldRef>FAH_SYSTEM_RECORD_VERSION</FieldRef>
                    <FieldRef>FAH_SYSTEM_CREATED_TS</FieldRef>
                    <FieldRef>FAH_SYSTEM_UPDATED_TS</FieldRef>
                    <FieldRef>DUMMY_COL</FieldRef>
                    <FieldDataType>STRING</FieldDataType>
                    <FieldDataType>STRING</FieldDataType>
                    <FieldDataType>STRING</FieldDataType>
                    <FieldDataType>STRING</FieldDataType>
                    <FieldDataType>STRING</FieldDataType>
                    <FieldDataType>STRING</FieldDataType>
                    <FieldDataType>STRING</FieldDataType>
                    <FieldDataType>BIGINTEGER</FieldDataType>
                    <FieldDataType>DATETIME</FieldDataType>
                    <FieldDataType>DATETIME</FieldDataType>
                    <FieldDataType>STRING</FieldDataType>
                    <FieldDataType>STRING</FieldDataType>
                    <FieldDataType>STRING</FieldDataType>
                    <FieldDataType>BIGINTEGER</FieldDataType>
                    <FieldDataType>DATETIME</FieldDataType>
                    <FieldDataType>DATETIME</FieldDataType>
                    <FieldDataType>BIGINTEGER</FieldDataType>
                </SelectFields>
                <Script>var current_date=DATE(YEAR(CURRENT_TIMESTAMP()),MONTH(CURRENT_TIMESTAMP()),DATEPART('day',CURRENT_TIMESTAMP()));
var inter_date=DATETIMEPLUS(current_date,PERIOD('weeks',2));
var final_date=DATETIMEPLUS(inter_date,DURATION('days',7-DAY(inter_date)));
var days=DATETIMEMINUSDATE(final_date,current_date,'days');

var start_date=ISNULL(input.START_DATE) ? NULLF() : DATE(YEAR(input.START_DATE),MONTH(input.START_DATE),DATEPART('day',input.START_DATE));
var end_date=ISNULL(input.START_DATE) ? NULLF() : DATE(YEAR(input.END_DATE),MONTH(input.END_DATE),DATEPART('day',input.END_DATE));



for(var i=0;i&lt;=days;i++)
{
  output.CURRENT_DATE=current_date;
  var day=FIRST(TOSTRING(DAY(current_date)),1);
  var app_feq_days=','+input.FREQ_DAYS+',';
  var week=DATEPART('day',current_date)&lt;=7 ? '1' : DATEPART('day',current_date)&gt;7 &amp;&amp; DATEPART('day',current_date)&lt;=14 ? '2' : DATEPART('day',current_date)&gt;14 &amp;&amp; DATEPART('day',current_date)&lt;=21 ? '3' : '4';
  //print(CURRENT_TIMESTAMP());
  //print(input.START_DATE);
  //print(input.END_DATE);
  
  if(input.FREQ =='O' &amp;&amp; CURRENT_TIMESTAMP() &gt; input.START_DATE &amp;&amp; CURRENT_TIMESTAMP() &lt;= input.END_DATE &amp;&amp; input.ACTIVE_IND=='Y')
  {
    copyInputsToOutputs();
    output.WINDOW_START_TIME=input.START_DATE;
    output.WINDOW_END_TIME=input.END_DATE;
    emitRecord();
  }
  
  else if(input.FREQ =='D' &amp;&amp; input.ACTIVE_IND=='Y')
  {
    
    copyInputsToOutputs();
    output.WINDOW_START_TIME=DATETIMEPLUS(DATETIMEPLUS(current_date,DURATION('hours',makeBigInteger(FIRST(input.START_TIME,2)))),DURATION('minutes',makeBigInteger(LAST(input.START_TIME,2))));
    output.WINDOW_END_TIME=DATETIMEPLUS(output.WINDOW_START_TIME,DURATION('minutes',input.WINDOW_PERIOD));
    emitRecord();
  }
   else if(input.FREQ =='W' &amp;&amp; CONTAINS(input.WEEK_NO,week) &amp;&amp; CONTAINS(input.FREQ_DAYS,day) &amp;&amp; input.ACTIVE_IND=='Y')
  {
    copyInputsToOutputs();
    output.WINDOW_START_TIME=DATETIMEPLUS(DATETIMEPLUS(current_date,DURATION('hours',makeBigInteger(FIRST(input.START_TIME,2)))),DURATION('minutes',makeBigInteger(LAST(input.START_TIME,2))));
    output.WINDOW_END_TIME=DATETIMEPLUS(output.WINDOW_START_TIME,DURATION('minutes',input.WINDOW_PERIOD));
    emitRecord();
  }
  
  else if(input.FREQ =='M' &amp;&amp; CONTAINS(app_feq_days,TOSTRING(','+DATEPART('day',current_date))) &amp;&amp; input.ACTIVE_IND=='Y')
  {
    copyInputsToOutputs();
    output.WINDOW_START_TIME=DATETIMEPLUS(DATETIMEPLUS(current_date,DURATION('hours',makeBigInteger(FIRST(input.START_TIME,2)))),DURATION('minutes',makeBigInteger(LAST(input.START_TIME,2))));
    output.WINDOW_END_TIME=DATETIMEPLUS(output.WINDOW_START_TIME,DURATION('minutes',input.WINDOW_PERIOD));
    emitRecord();
  }
  
  current_date=DATETIMEPLUS(current_date,DURATION('days',1));
}</Script>
                <ScriptInputFields>
                    <FieldRef>WINDOW_CODE</FieldRef>
                    <FieldRef>WINDOW_DESCR</FieldRef>
                    <FieldRef>WINDOW_TYPE</FieldRef>
                    <FieldRef>FREQ</FieldRef>
                    <FieldRef>FREQ_DAYS</FieldRef>
                    <FieldRef>WEEK_NO</FieldRef>
                    <FieldRef>START_TIME</FieldRef>
                    <FieldRef>WINDOW_PERIOD</FieldRef>
                    <FieldRef>START_DATE</FieldRef>
                    <FieldRef>END_DATE</FieldRef>
                    <FieldRef>RESTRICTED_PROCESS_CODES</FieldRef>
                    <FieldRef>ACTIVE_IND</FieldRef>
                    <FieldRef>FAH_PROCESS_ID</FieldRef>
                    <FieldRef>FAH_SYSTEM_RECORD_VERSION</FieldRef>
                    <FieldRef>FAH_SYSTEM_CREATED_TS</FieldRef>
                    <FieldRef>FAH_SYSTEM_UPDATED_TS</FieldRef>
                    <FieldRef>DUMMY_COL</FieldRef>
                    <FieldDataType>STRING</FieldDataType>
                    <FieldDataType>STRING</FieldDataType>
                    <FieldDataType>STRING</FieldDataType>
                    <FieldDataType>STRING</FieldDataType>
                    <FieldDataType>STRING</FieldDataType>
                    <FieldDataType>STRING</FieldDataType>
                    <FieldDataType>STRING</FieldDataType>
                    <FieldDataType>BIGINTEGER</FieldDataType>
                    <FieldDataType>DATETIME</FieldDataType>
                    <FieldDataType>DATETIME</FieldDataType>
                    <FieldDataType>STRING</FieldDataType>
                    <FieldDataType>STRING</FieldDataType>
                    <FieldDataType>STRING</FieldDataType>
                    <FieldDataType>BIGINTEGER</FieldDataType>
                    <FieldDataType>DATETIME</FieldDataType>
                    <FieldDataType>DATETIME</FieldDataType>
                    <FieldDataType>BIGINTEGER</FieldDataType>
                </ScriptInputFields>
                <ScriptOutputFields>
                    <FieldRef>PROCESS_CODE</FieldRef>
                    <FieldRef>PROCESS_TYPE</FieldRef>
                    <FieldRef>PROCESS_EXEC_WINDOW_START_TIME</FieldRef>
                    <FieldRef>PROCESS_EXEC_WINDOW_END_TIME</FieldRef>
                    <FieldRef>PROCESS_EXPECTED_TIME_PER_EXEC</FieldRef>
                    <FieldRef>BLOCKER_PROCESS_CODES</FieldRef>
                    <FieldRef>WINDOW_START_TIME</FieldRef>
                    <FieldRef>WINDOW_END_TIME</FieldRef>
                    <FieldRef>WINDOW_TYPE</FieldRef>
                    <FieldRef>RESTRICTED_PROCESS_CODES</FieldRef>
                    <FieldRef>FAH_SYSTEM_CREATED_TS</FieldRef>
                    <FieldRef>FAH_PROCESS_ID</FieldRef>
                    <FieldRef>DUMMY_COL</FieldRef>
                    <FieldRef>PROCESS_GROUP</FieldRef>
                    <FieldRef>CURRENT_DATE</FieldRef>
                    <FieldRef>ACTIVE_IND</FieldRef>
                    <FieldDataType>STRING</FieldDataType>
                    <FieldDataType>STRING</FieldDataType>
                    <FieldDataType>DATETIME</FieldDataType>
                    <FieldDataType>DATETIME</FieldDataType>
                    <FieldDataType>BIGINTEGER</FieldDataType>
                    <FieldDataType>STRING</FieldDataType>
                    <FieldDataType>DATETIME</FieldDataType>
                    <FieldDataType>DATETIME</FieldDataType>
                    <FieldDataType>STRING</FieldDataType>
                    <FieldDataType>STRING</FieldDataType>
                    <FieldDataType>DATETIME</FieldDataType>
                    <FieldDataType>STRING</FieldDataType>
                    <FieldDataType>BIGINTEGER</FieldDataType>
                    <FieldDataType>STRING</FieldDataType>
                    <FieldDataType>DATE</FieldDataType>
                    <FieldDataType>STRING</FieldDataType>
                </ScriptOutputFields>
                <OutputFields>
                    <FieldRef>PROCESS_CODE</FieldRef>
                    <FieldRef>PROCESS_TYPE</FieldRef>
                    <FieldRef>PROCESS_EXEC_WINDOW_START_TIME</FieldRef>
                    <FieldRef>PROCESS_EXEC_WINDOW_END_TIME</FieldRef>
                    <FieldRef>PROCESS_EXPECTED_TIME_PER_EXEC</FieldRef>
                    <FieldRef>BLOCKER_PROCESS_CODES</FieldRef>
                    <FieldRef>WINDOW_START_TIME</FieldRef>
                    <FieldRef>WINDOW_END_TIME</FieldRef>
                    <FieldRef>WINDOW_TYPE</FieldRef>
                    <FieldRef>RESTRICTED_PROCESS_CODES</FieldRef>
                    <FieldRef>FAH_SYSTEM_CREATED_TS</FieldRef>
                    <FieldRef>FAH_PROCESS_ID</FieldRef>
                    <FieldRef>DUMMY_COL</FieldRef>
                    <FieldRef>PROCESS_GROUP</FieldRef>
                    <FieldRef>CURRENT_DATE</FieldRef>
                    <FieldRef>ACTIVE_IND</FieldRef>
                    <FieldDataType>STRING</FieldDataType>
                    <FieldDataType>STRING</FieldDataType>
                    <FieldDataType>DATETIME</FieldDataType>
                    <FieldDataType>DATETIME</FieldDataType>
                    <FieldDataType>BIGINTEGER</FieldDataType>
                    <FieldDataType>STRING</FieldDataType>
                    <FieldDataType>DATETIME</FieldDataType>
                    <FieldDataType>DATETIME</FieldDataType>
                    <FieldDataType>STRING</FieldDataType>
                    <FieldDataType>STRING</FieldDataType>
                    <FieldDataType>DATETIME</FieldDataType>
                    <FieldDataType>STRING</FieldDataType>
                    <FieldDataType>BIGINTEGER</FieldDataType>
                    <FieldDataType>STRING</FieldDataType>
                    <FieldDataType>DATE</FieldDataType>
                    <FieldDataType>STRING</FieldDataType>
                </OutputFields>
            </ScriptDef>
        </OperationsDef>
        <OutputsDef>
            <OutputDef id="script2.output" from="script2.script" passthru="true"/>
        </OutputsDef>
    </PipelineDef>
    <PipelineDef id="join3">
        <InputsDef>
            <InputDef id="join3.input.left" fromOutputId="script.output"/>
            <InputDef id="join3.input.right" fromOutputId="script2.output"/>
        </InputsDef>
        <OperationsDef>
            <SelectDef from="join3.input.left" id="join3.input.left.select" countOutput="true">
                <SelectFields>
                    <FieldRef>PROCESS_CODE</FieldRef>
                    <FieldRef>PROCESS_TYPE</FieldRef>
                    <FieldRef>PROCESS_EXEC_WINDOW_START_TIME</FieldRef>
                    <FieldRef>PROCESS_EXEC_WINDOW_END_TIME</FieldRef>
                    <FieldRef>PROCESS_EXPECTED_TIME_PER_EXEC</FieldRef>
                    <FieldRef>BLOCKER_PROCESS_CODES</FieldRef>
                    <FieldRef>WINDOW_START_TIME</FieldRef>
                    <FieldRef>WINDOW_END_TIME</FieldRef>
                    <FieldRef>WINDOW_TYPE</FieldRef>
                    <FieldRef>RESTRICTED_PROCESS_CODES</FieldRef>
                    <FieldRef>FAH_SYSTEM_CREATED_TS</FieldRef>
                    <FieldRef>FAH_PROCESS_ID</FieldRef>
                    <FieldRef>DUMMY_COL</FieldRef>
                    <FieldRef>PROCESS_GROUP</FieldRef>
                    <FieldRef>EXPECTED_TIME_PER_EXEC</FieldRef>
                    <FieldRef>CURRENT_DATE</FieldRef>
                    <FieldDataType>STRING</FieldDataType>
                    <FieldDataType>STRING</FieldDataType>
                    <FieldDataType>DATETIME</FieldDataType>
                    <FieldDataType>DATETIME</FieldDataType>
                    <FieldDataType>BIGINTEGER</FieldDataType>
                    <FieldDataType>STRING</FieldDataType>
                    <FieldDataType>DATETIME</FieldDataType>
                    <FieldDataType>DATETIME</FieldDataType>
                    <FieldDataType>STRING</FieldDataType>
                    <FieldDataType>STRING</FieldDataType>
                    <FieldDataType>DATETIME</FieldDataType>
                    <FieldDataType>STRING</FieldDataType>
                    <FieldDataType>BIGINTEGER</FieldDataType>
                    <FieldDataType>STRING</FieldDataType>
                    <FieldDataType>BIGINTEGER</FieldDataType>
                    <FieldDataType>DATE</FieldDataType>
                </SelectFields>
            </SelectDef>
            <SelectDef from="join3.input.right" id="join3.input.right.select" countOutput="true">
                <SelectFields>
                    <FieldRef>PROCESS_CODE</FieldRef>
                    <FieldRef>PROCESS_TYPE</FieldRef>
                    <FieldRef>PROCESS_EXEC_WINDOW_START_TIME</FieldRef>
                    <FieldRef>PROCESS_EXEC_WINDOW_END_TIME</FieldRef>
                    <FieldRef>PROCESS_EXPECTED_TIME_PER_EXEC</FieldRef>
                    <FieldRef>BLOCKER_PROCESS_CODES</FieldRef>
                    <FieldRef>WINDOW_START_TIME</FieldRef>
                    <FieldRef>WINDOW_END_TIME</FieldRef>
                    <FieldRef>WINDOW_TYPE</FieldRef>
                    <FieldRef>RESTRICTED_PROCESS_CODES</FieldRef>
                    <FieldRef>FAH_SYSTEM_CREATED_TS</FieldRef>
                    <FieldRef>FAH_PROCESS_ID</FieldRef>
                    <FieldRef>DUMMY_COL</FieldRef>
                    <FieldRef>PROCESS_GROUP</FieldRef>
                    <FieldRef>CURRENT_DATE</FieldRef>
                    <FieldRef>ACTIVE_IND</FieldRef>
                    <FieldDataType>STRING</FieldDataType>
                    <FieldDataType>STRING</FieldDataType>
                    <FieldDataType>DATETIME</FieldDataType>
                    <FieldDataType>DATETIME</FieldDataType>
                    <FieldDataType>BIGINTEGER</FieldDataType>
                    <FieldDataType>STRING</FieldDataType>
                    <FieldDataType>DATETIME</FieldDataType>
                    <FieldDataType>DATETIME</FieldDataType>
                    <FieldDataType>STRING</FieldDataType>
                    <FieldDataType>STRING</FieldDataType>
                    <FieldDataType>DATETIME</FieldDataType>
                    <FieldDataType>STRING</FieldDataType>
                    <FieldDataType>BIGINTEGER</FieldDataType>
                    <FieldDataType>STRING</FieldDataType>
                    <FieldDataType>DATE</FieldDataType>
                    <FieldDataType>STRING</FieldDataType>
                </SelectFields>
            </SelectDef>
            <DataFrameJoinDef id="join3.join" countOutput="true">
                <SourceDef from="join3.input.left.select" joinType="Outer" fitsInMemory="false">
                    <JoinFields>
                        <FieldRef>CURRENT_DATE</FieldRef>
                        <FieldDataType>DATE</FieldDataType>
                    </JoinFields>
                    <InputFields>
                        <FieldRef>PROCESS_CODE</FieldRef>
                        <FieldRef>PROCESS_TYPE</FieldRef>
                        <FieldRef>PROCESS_EXEC_WINDOW_START_TIME</FieldRef>
                        <FieldRef>PROCESS_EXEC_WINDOW_END_TIME</FieldRef>
                        <FieldRef>PROCESS_EXPECTED_TIME_PER_EXEC</FieldRef>
                        <FieldRef>BLOCKER_PROCESS_CODES</FieldRef>
                        <FieldRef>WINDOW_START_TIME</FieldRef>
                        <FieldRef>WINDOW_END_TIME</FieldRef>
                        <FieldRef>WINDOW_TYPE</FieldRef>
                        <FieldRef>RESTRICTED_PROCESS_CODES</FieldRef>
                        <FieldRef>FAH_SYSTEM_CREATED_TS</FieldRef>
                        <FieldRef>FAH_PROCESS_ID</FieldRef>
                        <FieldRef>DUMMY_COL</FieldRef>
                        <FieldRef>PROCESS_GROUP</FieldRef>
                        <FieldRef>EXPECTED_TIME_PER_EXEC</FieldRef>
                        <FieldRef>CURRENT_DATE</FieldRef>
                        <FieldDataType>STRING</FieldDataType>
                        <FieldDataType>STRING</FieldDataType>
                        <FieldDataType>DATETIME</FieldDataType>
                        <FieldDataType>DATETIME</FieldDataType>
                        <FieldDataType>BIGINTEGER</FieldDataType>
                        <FieldDataType>STRING</FieldDataType>
                        <FieldDataType>DATETIME</FieldDataType>
                        <FieldDataType>DATETIME</FieldDataType>
                        <FieldDataType>STRING</FieldDataType>
                        <FieldDataType>STRING</FieldDataType>
                        <FieldDataType>DATETIME</FieldDataType>
                        <FieldDataType>STRING</FieldDataType>
                        <FieldDataType>BIGINTEGER</FieldDataType>
                        <FieldDataType>STRING</FieldDataType>
                        <FieldDataType>BIGINTEGER</FieldDataType>
                        <FieldDataType>DATE</FieldDataType>
                    </InputFields>
                    <OutputFields>
                        <FieldRef>PROCESS_CODE</FieldRef>
                        <FieldRef>PROCESS_TYPE</FieldRef>
                        <FieldRef>PROCESS_EXEC_WINDOW_START_TIME</FieldRef>
                        <FieldRef>PROCESS_EXEC_WINDOW_END_TIME</FieldRef>
                        <FieldRef>PROCESS_EXPECTED_TIME_PER_EXEC</FieldRef>
                        <FieldRef>BLOCKER_PROCESS_CODES</FieldRef>
                        <FieldRef>fld_56bc8993fa1541a9bfffdd50e70c900d_L</FieldRef>
                        <FieldRef>fld_eb9b2a4ac17844d28cd6e12f6aab36e0_L</FieldRef>
                        <FieldRef>fld_4b65d1d608f9408aaba24f6ea41af6b7_L</FieldRef>
                        <FieldRef>fld_36eebad4975b4f06bdb193b71fa22e6d_L</FieldRef>
                        <FieldRef>FAH_SYSTEM_CREATED_TS</FieldRef>
                        <FieldRef>FAH_PROCESS_ID</FieldRef>
                        <FieldRef>DUMMY_COL</FieldRef>
                        <FieldRef>PROCESS_GROUP</FieldRef>
                        <FieldRef>EXPECTED_TIME_PER_EXEC</FieldRef>
                        <FieldRef>CURRENT_DATE</FieldRef>
                        <FieldDataType>STRING</FieldDataType>
                        <FieldDataType>STRING</FieldDataType>
                        <FieldDataType>DATETIME</FieldDataType>
                        <FieldDataType>DATETIME</FieldDataType>
                        <FieldDataType>BIGINTEGER</FieldDataType>
                        <FieldDataType>STRING</FieldDataType>
                        <FieldDataType>DATETIME</FieldDataType>
                        <FieldDataType>DATETIME</FieldDataType>
                        <FieldDataType>STRING</FieldDataType>
                        <FieldDataType>STRING</FieldDataType>
                        <FieldDataType>DATETIME</FieldDataType>
                        <FieldDataType>STRING</FieldDataType>
                        <FieldDataType>BIGINTEGER</FieldDataType>
                        <FieldDataType>STRING</FieldDataType>
                        <FieldDataType>BIGINTEGER</FieldDataType>
                        <FieldDataType>DATE</FieldDataType>
                    </OutputFields>
                </SourceDef>
                <SourceDef from="join3.input.right.select" joinType="Inner" fitsInMemory="false">
                    <JoinFields>
                        <FieldRef>CURRENT_DATE</FieldRef>
                        <FieldDataType>DATE</FieldDataType>
                    </JoinFields>
                    <InputFields>
                        <FieldRef>PROCESS_CODE</FieldRef>
                        <FieldRef>PROCESS_TYPE</FieldRef>
                        <FieldRef>PROCESS_EXEC_WINDOW_START_TIME</FieldRef>
                        <FieldRef>PROCESS_EXEC_WINDOW_END_TIME</FieldRef>
                        <FieldRef>PROCESS_EXPECTED_TIME_PER_EXEC</FieldRef>
                        <FieldRef>BLOCKER_PROCESS_CODES</FieldRef>
                        <FieldRef>WINDOW_START_TIME</FieldRef>
                        <FieldRef>WINDOW_END_TIME</FieldRef>
                        <FieldRef>WINDOW_TYPE</FieldRef>
                        <FieldRef>RESTRICTED_PROCESS_CODES</FieldRef>
                        <FieldRef>FAH_SYSTEM_CREATED_TS</FieldRef>
                        <FieldRef>FAH_PROCESS_ID</FieldRef>
                        <FieldRef>DUMMY_COL</FieldRef>
                        <FieldRef>PROCESS_GROUP</FieldRef>
                        <FieldRef>CURRENT_DATE</FieldRef>
                        <FieldRef>ACTIVE_IND</FieldRef>
                        <FieldDataType>STRING</FieldDataType>
                        <FieldDataType>STRING</FieldDataType>
                        <FieldDataType>DATETIME</FieldDataType>
                        <FieldDataType>DATETIME</FieldDataType>
                        <FieldDataType>BIGINTEGER</FieldDataType>
                        <FieldDataType>STRING</FieldDataType>
                        <FieldDataType>DATETIME</FieldDataType>
                        <FieldDataType>DATETIME</FieldDataType>
                        <FieldDataType>STRING</FieldDataType>
                        <FieldDataType>STRING</FieldDataType>
                        <FieldDataType>DATETIME</FieldDataType>
                        <FieldDataType>STRING</FieldDataType>
                        <FieldDataType>BIGINTEGER</FieldDataType>
                        <FieldDataType>STRING</FieldDataType>
                        <FieldDataType>DATE</FieldDataType>
                        <FieldDataType>STRING</FieldDataType>
                    </InputFields>
                    <OutputFields>
                        <FieldRef>fld_a67990eff11f48f5920ead18587cfd6a_R</FieldRef>
                        <FieldRef>fld_3b74d0de708b4fe68bba2b7279943dde_R</FieldRef>
                        <FieldRef>fld_bc66957a6b9d47eda68a3b87d69c1ec2_R</FieldRef>
                        <FieldRef>fld_23e6860632074349a7d2f1df885e64ee_R</FieldRef>
                        <FieldRef>fld_b8ee4cd3bb6c478e89e5eff47d1d99b3_R</FieldRef>
                        <FieldRef>fld_192f510863ff41cfb15c6d420e0ca9cb_R</FieldRef>
                        <FieldRef>WINDOW_START_TIME</FieldRef>
                        <FieldRef>WINDOW_END_TIME</FieldRef>
                        <FieldRef>WINDOW_TYPE</FieldRef>
                        <FieldRef>RESTRICTED_PROCESS_CODES</FieldRef>
                        <FieldRef>fld_f11fecfb9a824cd5ae1d99ea067c9774_L_R</FieldRef>
                        <FieldRef>fld_63e90d91216744879a9b7d99b94d7a3c_L_R</FieldRef>
                        <FieldRef>fld_5aec3c7f6b17441dbccf330b52ea3b45_L_R</FieldRef>
                        <FieldRef>fld_64a706d7886f410e9ed169bf4301ebd0_R</FieldRef>
                        <FieldRef>CURRENT_DATE</FieldRef>
                        <FieldRef>ACTIVE_IND</FieldRef>
                        <FieldDataType>STRING</FieldDataType>
                        <FieldDataType>STRING</FieldDataType>
                        <FieldDataType>DATETIME</FieldDataType>
                        <FieldDataType>DATETIME</FieldDataType>
                        <FieldDataType>BIGINTEGER</FieldDataType>
                        <FieldDataType>STRING</FieldDataType>
                        <FieldDataType>DATETIME</FieldDataType>
                        <FieldDataType>DATETIME</FieldDataType>
                        <FieldDataType>STRING</FieldDataType>
                        <FieldDataType>STRING</FieldDataType>
                        <FieldDataType>DATETIME</FieldDataType>
                        <FieldDataType>STRING</FieldDataType>
                        <FieldDataType>BIGINTEGER</FieldDataType>
                        <FieldDataType>STRING</FieldDataType>
                        <FieldDataType>DATE</FieldDataType>
                        <FieldDataType>STRING</FieldDataType>
                    </OutputFields>
                </SourceDef>
            </DataFrameJoinDef>
            <SelectDef from="join3.join" id="join3.select" countOutput="false">
                <SelectFields>
                    <FieldRef>PROCESS_CODE</FieldRef>
                    <FieldRef>PROCESS_TYPE</FieldRef>
                    <FieldRef>PROCESS_EXEC_WINDOW_START_TIME</FieldRef>
                    <FieldRef>PROCESS_EXEC_WINDOW_END_TIME</FieldRef>
                    <FieldRef>PROCESS_EXPECTED_TIME_PER_EXEC</FieldRef>
                    <FieldRef>BLOCKER_PROCESS_CODES</FieldRef>
                    <FieldRef>FAH_SYSTEM_CREATED_TS</FieldRef>
                    <FieldRef>FAH_PROCESS_ID</FieldRef>
                    <FieldRef>DUMMY_COL</FieldRef>
                    <FieldRef>PROCESS_GROUP</FieldRef>
                    <FieldRef>EXPECTED_TIME_PER_EXEC</FieldRef>
                    <FieldRef>WINDOW_START_TIME</FieldRef>
                    <FieldRef>WINDOW_END_TIME</FieldRef>
                    <FieldRef>WINDOW_TYPE</FieldRef>
                    <FieldRef>RESTRICTED_PROCESS_CODES</FieldRef>
                    <FieldRef>ACTIVE_IND</FieldRef>
                    <FieldDataType>STRING</FieldDataType>
                    <FieldDataType>STRING</FieldDataType>
                    <FieldDataType>DATETIME</FieldDataType>
                    <FieldDataType>DATETIME</FieldDataType>
                    <FieldDataType>BIGINTEGER</FieldDataType>
                    <FieldDataType>STRING</FieldDataType>
                    <FieldDataType>DATETIME</FieldDataType>
                    <FieldDataType>STRING</FieldDataType>
                    <FieldDataType>BIGINTEGER</FieldDataType>
                    <FieldDataType>STRING</FieldDataType>
                    <FieldDataType>BIGINTEGER</FieldDataType>
                    <FieldDataType>DATETIME</FieldDataType>
                    <FieldDataType>DATETIME</FieldDataType>
                    <FieldDataType>STRING</FieldDataType>
                    <FieldDataType>STRING</FieldDataType>
                    <FieldDataType>STRING</FieldDataType>
                </SelectFields>
            </SelectDef>
        </OperationsDef>
        <OutputsDef>
            <OutputDef id="join3.output" from="join3.select" passthru="true"/>
        </OutputsDef>
    </PipelineDef>
    <PipelineDef id="groupBy3">
        <InputsDef>
            <InputDef id="groupBy3.input" fromOutputId="join3.output"/>
        </InputsDef>
        <OperationsDef>
            <GroupByDef from="groupBy3.input" id="groupBy3.groupBy" countOutput="true">
                <GroupByFields>
                    <FieldRef>DUMMY_COL</FieldRef>
                    <FieldDataType>BIGINTEGER</FieldDataType>
                </GroupByFields>
                <AggregateDef name="Created_TS">
                    <ExpressionDef lang="formula" expression="MAX( CURRENT_TIMESTAMP() )"/>
                </AggregateDef>
            </GroupByDef>
        </OperationsDef>
        <OutputsDef>
            <OutputDef id="groupBy3.output" from="groupBy3.groupBy" passthru="true"/>
        </OutputsDef>
    </PipelineDef>
    <PipelineDef id="join4">
        <InputsDef>
            <InputDef id="join4.input.left" fromOutputId="join3.output"/>
            <InputDef id="join4.input.right" fromOutputId="groupBy3.output"/>
        </InputsDef>
        <OperationsDef>
            <SelectDef from="join4.input.left" id="join4.input.left.select" countOutput="true">
                <SelectFields>
                    <FieldRef>PROCESS_CODE</FieldRef>
                    <FieldRef>PROCESS_TYPE</FieldRef>
                    <FieldRef>PROCESS_EXEC_WINDOW_START_TIME</FieldRef>
                    <FieldRef>PROCESS_EXEC_WINDOW_END_TIME</FieldRef>
                    <FieldRef>PROCESS_EXPECTED_TIME_PER_EXEC</FieldRef>
                    <FieldRef>BLOCKER_PROCESS_CODES</FieldRef>
                    <FieldRef>FAH_SYSTEM_CREATED_TS</FieldRef>
                    <FieldRef>FAH_PROCESS_ID</FieldRef>
                    <FieldRef>DUMMY_COL</FieldRef>
                    <FieldRef>PROCESS_GROUP</FieldRef>
                    <FieldRef>EXPECTED_TIME_PER_EXEC</FieldRef>
                    <FieldRef>WINDOW_START_TIME</FieldRef>
                    <FieldRef>WINDOW_END_TIME</FieldRef>
                    <FieldRef>WINDOW_TYPE</FieldRef>
                    <FieldRef>RESTRICTED_PROCESS_CODES</FieldRef>
                    <FieldRef>ACTIVE_IND</FieldRef>
                    <FieldDataType>STRING</FieldDataType>
                    <FieldDataType>STRING</FieldDataType>
                    <FieldDataType>DATETIME</FieldDataType>
                    <FieldDataType>DATETIME</FieldDataType>
                    <FieldDataType>BIGINTEGER</FieldDataType>
                    <FieldDataType>STRING</FieldDataType>
                    <FieldDataType>DATETIME</FieldDataType>
                    <FieldDataType>STRING</FieldDataType>
                    <FieldDataType>BIGINTEGER</FieldDataType>
                    <FieldDataType>STRING</FieldDataType>
                    <FieldDataType>BIGINTEGER</FieldDataType>
                    <FieldDataType>DATETIME</FieldDataType>
                    <FieldDataType>DATETIME</FieldDataType>
                    <FieldDataType>STRING</FieldDataType>
                    <FieldDataType>STRING</FieldDataType>
                    <FieldDataType>STRING</FieldDataType>
                </SelectFields>
            </SelectDef>
            <SelectDef from="join4.input.right" id="join4.input.right.select" countOutput="true">
                <SelectFields>
                    <FieldRef>DUMMY_COL</FieldRef>
                    <FieldRef>Created_TS</FieldRef>
                    <FieldDataType>BIGINTEGER</FieldDataType>
                    <FieldDataType>DATETIME</FieldDataType>
                </SelectFields>
            </SelectDef>
            <DataFrameJoinDef id="join4.join" countOutput="true">
                <SourceDef from="join4.input.left.select" joinType="Inner" fitsInMemory="false">
                    <JoinFields>
                        <FieldRef>DUMMY_COL</FieldRef>
                        <FieldDataType>BIGINTEGER</FieldDataType>
                    </JoinFields>
                    <InputFields>
                        <FieldRef>PROCESS_CODE</FieldRef>
                        <FieldRef>PROCESS_TYPE</FieldRef>
                        <FieldRef>PROCESS_EXEC_WINDOW_START_TIME</FieldRef>
                        <FieldRef>PROCESS_EXEC_WINDOW_END_TIME</FieldRef>
                        <FieldRef>PROCESS_EXPECTED_TIME_PER_EXEC</FieldRef>
                        <FieldRef>BLOCKER_PROCESS_CODES</FieldRef>
                        <FieldRef>FAH_SYSTEM_CREATED_TS</FieldRef>
                        <FieldRef>FAH_PROCESS_ID</FieldRef>
                        <FieldRef>DUMMY_COL</FieldRef>
                        <FieldRef>PROCESS_GROUP</FieldRef>
                        <FieldRef>EXPECTED_TIME_PER_EXEC</FieldRef>
                        <FieldRef>WINDOW_START_TIME</FieldRef>
                        <FieldRef>WINDOW_END_TIME</FieldRef>
                        <FieldRef>WINDOW_TYPE</FieldRef>
                        <FieldRef>RESTRICTED_PROCESS_CODES</FieldRef>
                        <FieldRef>ACTIVE_IND</FieldRef>
                        <FieldDataType>STRING</FieldDataType>
                        <FieldDataType>STRING</FieldDataType>
                        <FieldDataType>DATETIME</FieldDataType>
                        <FieldDataType>DATETIME</FieldDataType>
                        <FieldDataType>BIGINTEGER</FieldDataType>
                        <FieldDataType>STRING</FieldDataType>
                        <FieldDataType>DATETIME</FieldDataType>
                        <FieldDataType>STRING</FieldDataType>
                        <FieldDataType>BIGINTEGER</FieldDataType>
                        <FieldDataType>STRING</FieldDataType>
                        <FieldDataType>BIGINTEGER</FieldDataType>
                        <FieldDataType>DATETIME</FieldDataType>
                        <FieldDataType>DATETIME</FieldDataType>
                        <FieldDataType>STRING</FieldDataType>
                        <FieldDataType>STRING</FieldDataType>
                        <FieldDataType>STRING</FieldDataType>
                    </InputFields>
                    <OutputFields>
                        <FieldRef>PROCESS_CODE</FieldRef>
                        <FieldRef>PROCESS_TYPE</FieldRef>
                        <FieldRef>PROCESS_EXEC_WINDOW_START_TIME</FieldRef>
                        <FieldRef>PROCESS_EXEC_WINDOW_END_TIME</FieldRef>
                        <FieldRef>PROCESS_EXPECTED_TIME_PER_EXEC</FieldRef>
                        <FieldRef>BLOCKER_PROCESS_CODES</FieldRef>
                        <FieldRef>FAH_SYSTEM_CREATED_TS</FieldRef>
                        <FieldRef>FAH_PROCESS_ID</FieldRef>
                        <FieldRef>DUMMY_COL</FieldRef>
                        <FieldRef>PROCESS_GROUP</FieldRef>
                        <FieldRef>EXPECTED_TIME_PER_EXEC</FieldRef>
                        <FieldRef>WINDOW_START_TIME</FieldRef>
                        <FieldRef>WINDOW_END_TIME</FieldRef>
                        <FieldRef>WINDOW_TYPE</FieldRef>
                        <FieldRef>RESTRICTED_PROCESS_CODES</FieldRef>
                        <FieldRef>fld_40d6d7c2caf748eea25625bb77fe2f1b_L_R_L</FieldRef>
                        <FieldDataType>STRING</FieldDataType>
                        <FieldDataType>STRING</FieldDataType>
                        <FieldDataType>DATETIME</FieldDataType>
                        <FieldDataType>DATETIME</FieldDataType>
                        <FieldDataType>BIGINTEGER</FieldDataType>
                        <FieldDataType>STRING</FieldDataType>
                        <FieldDataType>DATETIME</FieldDataType>
                        <FieldDataType>STRING</FieldDataType>
                        <FieldDataType>BIGINTEGER</FieldDataType>
                        <FieldDataType>STRING</FieldDataType>
                        <FieldDataType>BIGINTEGER</FieldDataType>
                        <FieldDataType>DATETIME</FieldDataType>
                        <FieldDataType>DATETIME</FieldDataType>
                        <FieldDataType>STRING</FieldDataType>
                        <FieldDataType>STRING</FieldDataType>
                        <FieldDataType>STRING</FieldDataType>
                    </OutputFields>
                </SourceDef>
                <SourceDef from="join4.input.right.select" joinType="Inner" fitsInMemory="false">
                    <JoinFields>
                        <FieldRef>DUMMY_COL</FieldRef>
                        <FieldDataType>BIGINTEGER</FieldDataType>
                    </JoinFields>
                    <InputFields>
                        <FieldRef>DUMMY_COL</FieldRef>
                        <FieldRef>Created_TS</FieldRef>
                        <FieldDataType>BIGINTEGER</FieldDataType>
                        <FieldDataType>DATETIME</FieldDataType>
                    </InputFields>
                    <OutputFields>
                        <FieldRef>DUMMY_COL</FieldRef>
                        <FieldRef>Created_TS</FieldRef>
                        <FieldDataType>BIGINTEGER</FieldDataType>
                        <FieldDataType>DATETIME</FieldDataType>
                    </OutputFields>
                </SourceDef>
            </DataFrameJoinDef>
            <SelectDef from="join4.join" id="join4.select" countOutput="false">
                <SelectFields>
                    <FieldRef>PROCESS_CODE</FieldRef>
                    <FieldRef>PROCESS_TYPE</FieldRef>
                    <FieldRef>PROCESS_EXEC_WINDOW_START_TIME</FieldRef>
                    <FieldRef>PROCESS_EXEC_WINDOW_END_TIME</FieldRef>
                    <FieldRef>PROCESS_EXPECTED_TIME_PER_EXEC</FieldRef>
                    <FieldRef>BLOCKER_PROCESS_CODES</FieldRef>
                    <FieldRef>FAH_SYSTEM_CREATED_TS</FieldRef>
                    <FieldRef>FAH_PROCESS_ID</FieldRef>
                    <FieldRef>DUMMY_COL</FieldRef>
                    <FieldRef>PROCESS_GROUP</FieldRef>
                    <FieldRef>EXPECTED_TIME_PER_EXEC</FieldRef>
                    <FieldRef>WINDOW_START_TIME</FieldRef>
                    <FieldRef>WINDOW_END_TIME</FieldRef>
                    <FieldRef>WINDOW_TYPE</FieldRef>
                    <FieldRef>RESTRICTED_PROCESS_CODES</FieldRef>
                    <FieldRef>Created_TS</FieldRef>
                    <FieldDataType>STRING</FieldDataType>
                    <FieldDataType>STRING</FieldDataType>
                    <FieldDataType>DATETIME</FieldDataType>
                    <FieldDataType>DATETIME</FieldDataType>
                    <FieldDataType>BIGINTEGER</FieldDataType>
                    <FieldDataType>STRING</FieldDataType>
                    <FieldDataType>DATETIME</FieldDataType>
                    <FieldDataType>STRING</FieldDataType>
                    <FieldDataType>BIGINTEGER</FieldDataType>
                    <FieldDataType>STRING</FieldDataType>
                    <FieldDataType>BIGINTEGER</FieldDataType>
                    <FieldDataType>DATETIME</FieldDataType>
                    <FieldDataType>DATETIME</FieldDataType>
                    <FieldDataType>STRING</FieldDataType>
                    <FieldDataType>STRING</FieldDataType>
                    <FieldDataType>DATETIME</FieldDataType>
                </SelectFields>
            </SelectDef>
        </OperationsDef>
        <OutputsDef>
            <OutputDef id="join4.output" from="join4.select" passthru="true"/>
        </OutputsDef>
    </PipelineDef>
    <PipelineDef id="script3">
        <InputsDef>
            <InputDef id="script3.input" fromOutputId="join4.output"/>
        </InputsDef>
        <OperationsDef>
            <ScriptDef mimeType="text/javascript" from="script3.input" id="script3.script" countOutput="true">
                <SelectFields>
                    <FieldRef>PROCESS_CODE</FieldRef>
                    <FieldRef>PROCESS_TYPE</FieldRef>
                    <FieldRef>PROCESS_EXEC_WINDOW_START_TIME</FieldRef>
                    <FieldRef>PROCESS_EXEC_WINDOW_END_TIME</FieldRef>
                    <FieldRef>PROCESS_EXPECTED_TIME_PER_EXEC</FieldRef>
                    <FieldRef>BLOCKER_PROCESS_CODES</FieldRef>
                    <FieldRef>FAH_SYSTEM_CREATED_TS</FieldRef>
                    <FieldRef>FAH_PROCESS_ID</FieldRef>
                    <FieldRef>DUMMY_COL</FieldRef>
                    <FieldRef>PROCESS_GROUP</FieldRef>
                    <FieldRef>EXPECTED_TIME_PER_EXEC</FieldRef>
                    <FieldRef>WINDOW_START_TIME</FieldRef>
                    <FieldRef>WINDOW_END_TIME</FieldRef>
                    <FieldRef>WINDOW_TYPE</FieldRef>
                    <FieldRef>RESTRICTED_PROCESS_CODES</FieldRef>
                    <FieldRef>Created_TS</FieldRef>
                    <FieldDataType>STRING</FieldDataType>
                    <FieldDataType>STRING</FieldDataType>
                    <FieldDataType>DATETIME</FieldDataType>
                    <FieldDataType>DATETIME</FieldDataType>
                    <FieldDataType>BIGINTEGER</FieldDataType>
                    <FieldDataType>STRING</FieldDataType>
                    <FieldDataType>DATETIME</FieldDataType>
                    <FieldDataType>STRING</FieldDataType>
                    <FieldDataType>BIGINTEGER</FieldDataType>
                    <FieldDataType>STRING</FieldDataType>
                    <FieldDataType>BIGINTEGER</FieldDataType>
                    <FieldDataType>DATETIME</FieldDataType>
                    <FieldDataType>DATETIME</FieldDataType>
                    <FieldDataType>STRING</FieldDataType>
                    <FieldDataType>STRING</FieldDataType>
                    <FieldDataType>DATETIME</FieldDataType>
                </SelectFields>
                <Script>copyInputsToOutputs();
output.FAH_PROCESS_ID=RUNTIME('processId');
output.FAH_SYSTEM_CREATED_TS=input.Created_TS;</Script>
                <ScriptInputFields>
                    <FieldRef>PROCESS_CODE</FieldRef>
                    <FieldRef>PROCESS_TYPE</FieldRef>
                    <FieldRef>PROCESS_EXEC_WINDOW_START_TIME</FieldRef>
                    <FieldRef>PROCESS_EXEC_WINDOW_END_TIME</FieldRef>
                    <FieldRef>PROCESS_EXPECTED_TIME_PER_EXEC</FieldRef>
                    <FieldRef>BLOCKER_PROCESS_CODES</FieldRef>
                    <FieldRef>FAH_SYSTEM_CREATED_TS</FieldRef>
                    <FieldRef>FAH_PROCESS_ID</FieldRef>
                    <FieldRef>DUMMY_COL</FieldRef>
                    <FieldRef>PROCESS_GROUP</FieldRef>
                    <FieldRef>EXPECTED_TIME_PER_EXEC</FieldRef>
                    <FieldRef>WINDOW_START_TIME</FieldRef>
                    <FieldRef>WINDOW_END_TIME</FieldRef>
                    <FieldRef>WINDOW_TYPE</FieldRef>
                    <FieldRef>RESTRICTED_PROCESS_CODES</FieldRef>
                    <FieldRef>Created_TS</FieldRef>
                    <FieldDataType>STRING</FieldDataType>
                    <FieldDataType>STRING</FieldDataType>
                    <FieldDataType>DATETIME</FieldDataType>
                    <FieldDataType>DATETIME</FieldDataType>
                    <FieldDataType>BIGINTEGER</FieldDataType>
                    <FieldDataType>STRING</FieldDataType>
                    <FieldDataType>DATETIME</FieldDataType>
                    <FieldDataType>STRING</FieldDataType>
                    <FieldDataType>BIGINTEGER</FieldDataType>
                    <FieldDataType>STRING</FieldDataType>
                    <FieldDataType>BIGINTEGER</FieldDataType>
                    <FieldDataType>DATETIME</FieldDataType>
                    <FieldDataType>DATETIME</FieldDataType>
                    <FieldDataType>STRING</FieldDataType>
                    <FieldDataType>STRING</FieldDataType>
                    <FieldDataType>DATETIME</FieldDataType>
                </ScriptInputFields>
                <ScriptOutputFields>
                    <FieldRef>PROCESS_CODE</FieldRef>
                    <FieldRef>PROCESS_TYPE</FieldRef>
                    <FieldRef>PROCESS_EXEC_WINDOW_START_TIME</FieldRef>
                    <FieldRef>PROCESS_EXEC_WINDOW_END_TIME</FieldRef>
                    <FieldRef>PROCESS_EXPECTED_TIME_PER_EXEC</FieldRef>
                    <FieldRef>BLOCKER_PROCESS_CODES</FieldRef>
                    <FieldRef>RESTRICTED_PROCESS_CODES</FieldRef>
                    <FieldRef>FAH_SYSTEM_CREATED_TS</FieldRef>
                    <FieldRef>FAH_PROCESS_ID</FieldRef>
                    <FieldRef>DUMMY_COL</FieldRef>
                    <FieldRef>WINDOW_START_TIME</FieldRef>
                    <FieldRef>WINDOW_END_TIME</FieldRef>
                    <FieldRef>WINDOW_TYPE</FieldRef>
                    <FieldRef>PROCESS_GROUP</FieldRef>
                    <FieldDataType>STRING</FieldDataType>
                    <FieldDataType>STRING</FieldDataType>
                    <FieldDataType>DATETIME</FieldDataType>
                    <FieldDataType>DATETIME</FieldDataType>
                    <FieldDataType>BIGINTEGER</FieldDataType>
                    <FieldDataType>STRING</FieldDataType>
                    <FieldDataType>STRING</FieldDataType>
                    <FieldDataType>DATETIME</FieldDataType>
                    <FieldDataType>STRING</FieldDataType>
                    <FieldDataType>BIGINTEGER</FieldDataType>
                    <FieldDataType>DATETIME</FieldDataType>
                    <FieldDataType>DATETIME</FieldDataType>
                    <FieldDataType>STRING</FieldDataType>
                    <FieldDataType>STRING</FieldDataType>
                </ScriptOutputFields>
                <OutputFields>
                    <FieldRef>PROCESS_CODE</FieldRef>
                    <FieldRef>PROCESS_TYPE</FieldRef>
                    <FieldRef>PROCESS_EXEC_WINDOW_START_TIME</FieldRef>
                    <FieldRef>PROCESS_EXEC_WINDOW_END_TIME</FieldRef>
                    <FieldRef>PROCESS_EXPECTED_TIME_PER_EXEC</FieldRef>
                    <FieldRef>BLOCKER_PROCESS_CODES</FieldRef>
                    <FieldRef>RESTRICTED_PROCESS_CODES</FieldRef>
                    <FieldRef>FAH_SYSTEM_CREATED_TS</FieldRef>
                    <FieldRef>FAH_PROCESS_ID</FieldRef>
                    <FieldRef>DUMMY_COL</FieldRef>
                    <FieldRef>WINDOW_START_TIME</FieldRef>
                    <FieldRef>WINDOW_END_TIME</FieldRef>
                    <FieldRef>WINDOW_TYPE</FieldRef>
                    <FieldRef>PROCESS_GROUP</FieldRef>
                    <FieldDataType>STRING</FieldDataType>
                    <FieldDataType>STRING</FieldDataType>
                    <FieldDataType>DATETIME</FieldDataType>
                    <FieldDataType>DATETIME</FieldDataType>
                    <FieldDataType>BIGINTEGER</FieldDataType>
                    <FieldDataType>STRING</FieldDataType>
                    <FieldDataType>STRING</FieldDataType>
                    <FieldDataType>DATETIME</FieldDataType>
                    <FieldDataType>STRING</FieldDataType>
                    <FieldDataType>BIGINTEGER</FieldDataType>
                    <FieldDataType>DATETIME</FieldDataType>
                    <FieldDataType>DATETIME</FieldDataType>
                    <FieldDataType>STRING</FieldDataType>
                    <FieldDataType>STRING</FieldDataType>
                </OutputFields>
            </ScriptDef>
        </OperationsDef>
        <OutputsDef>
            <OutputDef id="script3.output" from="script3.script" passthru="true"/>
        </OutputsDef>
    </PipelineDef>
    <PipelineDef id="dataStoreOutput">
        <InputsDef>
            <InputDef id="dataStoreOutput.input" fromOutputId="script3.output"/>
        </InputsDef>
        <OperationsDef>
            <RenameDef from="dataStoreOutput.input" id="dataStoreOutput.rename" countOutput="false">
                <FromFields>
                    <FieldRef>PROCESS_CODE</FieldRef>
                    <FieldRef>PROCESS_TYPE</FieldRef>
                    <FieldRef>PROCESS_EXEC_WINDOW_START_TIME</FieldRef>
                    <FieldRef>PROCESS_EXEC_WINDOW_END_TIME</FieldRef>
                    <FieldRef>PROCESS_EXPECTED_TIME_PER_EXEC</FieldRef>
                    <FieldRef>BLOCKER_PROCESS_CODES</FieldRef>
                    <FieldRef>RESTRICTED_PROCESS_CODES</FieldRef>
                    <FieldRef>FAH_SYSTEM_CREATED_TS</FieldRef>
                    <FieldRef>FAH_PROCESS_ID</FieldRef>
                    <FieldRef>WINDOW_START_TIME</FieldRef>
                    <FieldRef>WINDOW_END_TIME</FieldRef>
                    <FieldRef>WINDOW_TYPE</FieldRef>
                    <FieldRef>PROCESS_GROUP</FieldRef>
                </FromFields>
                <ToFields>
                    <FieldRef>PROCESS_CODE</FieldRef>
                    <FieldRef>PROCESS_TYPE</FieldRef>
                    <FieldRef>PROCESS_EXEC_WINDOW_START_TIME</FieldRef>
                    <FieldRef>PROCESS_EXEC_WINDOW_END_TIME</FieldRef>
                    <FieldRef>PROCESS_EXPECTED_TIME_PER_EXEC</FieldRef>
                    <FieldRef>BLOCKER_PROCESS_CODES</FieldRef>
                    <FieldRef>RESTRICTED_PROCESS_CODES</FieldRef>
                    <FieldRef>FAH_SYSTEM_CREATED_TS</FieldRef>
                    <FieldRef>FAH_PROCESS_ID</FieldRef>
                    <FieldRef>WINDOW_START_TIME</FieldRef>
                    <FieldRef>WINDOW_END_TIME</FieldRef>
                    <FieldRef>WINDOW_TYPE</FieldRef>
                    <FieldRef>PROCESS_GROUP</FieldRef>
                </ToFields>
                <OutputFields>
                    <FieldRef>PROCESS_CODE</FieldRef>
                    <FieldRef>PROCESS_TYPE</FieldRef>
                    <FieldRef>PROCESS_EXEC_WINDOW_START_TIME</FieldRef>
                    <FieldRef>PROCESS_EXEC_WINDOW_END_TIME</FieldRef>
                    <FieldRef>PROCESS_EXPECTED_TIME_PER_EXEC</FieldRef>
                    <FieldRef>BLOCKER_PROCESS_CODES</FieldRef>
                    <FieldRef>RESTRICTED_PROCESS_CODES</FieldRef>
                    <FieldRef>FAH_SYSTEM_CREATED_TS</FieldRef>
                    <FieldRef>FAH_PROCESS_ID</FieldRef>
                    <FieldRef>WINDOW_START_TIME</FieldRef>
                    <FieldRef>WINDOW_END_TIME</FieldRef>
                    <FieldRef>WINDOW_TYPE</FieldRef>
                    <FieldRef>PROCESS_GROUP</FieldRef>
                </OutputFields>
            </RenameDef>
        </OperationsDef>
        <OutputsDef>
            <OutputDef id="dataStoreOutput.output" from="dataStoreOutput.rename" passthru="false" maxNumOutputPartitions="512">
                <DataStoreRef name="78cc0934adc04c9a836a27a28fd25d23" owningMemberId="1000">
                    <FieldsToUpdate>
                        <FieldRef>PROCESS_CODE</FieldRef>
                        <FieldRef>PROCESS_TYPE</FieldRef>
                        <FieldRef>PROCESS_EXEC_WINDOW_START_TIME</FieldRef>
                        <FieldRef>PROCESS_EXEC_WINDOW_END_TIME</FieldRef>
                        <FieldRef>PROCESS_EXPECTED_TIME_PER_EXEC</FieldRef>
                        <FieldRef>BLOCKER_PROCESS_CODES</FieldRef>
                        <FieldRef>RESTRICTED_PROCESS_CODES</FieldRef>
                        <FieldRef>FAH_SYSTEM_CREATED_TS</FieldRef>
                        <FieldRef>FAH_PROCESS_ID</FieldRef>
                        <FieldRef>WINDOW_START_TIME</FieldRef>
                        <FieldRef>WINDOW_END_TIME</FieldRef>
                        <FieldRef>WINDOW_TYPE</FieldRef>
                        <FieldRef>PROCESS_GROUP</FieldRef>
                        <FieldDataType>STRING</FieldDataType>
                        <FieldDataType>STRING</FieldDataType>
                        <FieldDataType>DATETIME</FieldDataType>
                        <FieldDataType>DATETIME</FieldDataType>
                        <FieldDataType>BIGINTEGER</FieldDataType>
                        <FieldDataType>STRING</FieldDataType>
                        <FieldDataType>STRING</FieldDataType>
                        <FieldDataType>DATETIME</FieldDataType>
                        <FieldDataType>STRING</FieldDataType>
                        <FieldDataType>DATETIME</FieldDataType>
                        <FieldDataType>DATETIME</FieldDataType>
                        <FieldDataType>STRING</FieldDataType>
                        <FieldDataType>STRING</FieldDataType>
                    </FieldsToUpdate>
                </DataStoreRef>
            </OutputDef>
        </OutputsDef>
    </PipelineDef>
</ExecutionModel>
