<?xml version="1.0" encoding="UTF-8" standalone="yes"?>
<ExecutionModel xmlns="com/infogix/component/executionengine/export/fdt" id="89e64cd3f0034e6e905d01ae48800c0c_exec">
    <OptionsDef logLimit="100" cacheOperationOutput="true" cacheResourceIntensiveOperationOutput="false" countOperationOutput="true"/>
    <PipelineDef id="dataStore">
        <InputsDef>
            <InputDef id="dataStore.input">
                <DataStoreRef name="9c80456dca96455eaca2be884dbad07c" owningMemberId="1000" dataLoadRange="ALL">
                    <SourceFilter/>
                </DataStoreRef>
            </InputDef>
        </InputsDef>
        <OperationsDef>
            <SelectDef from="dataStore.input" id="dataStore.select" countOutput="false">
                <SelectFields>
                    <FieldRef>ASSET_TYPE_NAME</FieldRef>
                    <FieldRef>ASSET_TYPE_UID</FieldRef>
                    <FieldRef>NEXT_ASSET_TYPE_NAME</FieldRef>
                    <FieldRef>ASSET_NAME</FieldRef>
                    <FieldRef>ASSET_UID</FieldRef>
                    <FieldRef>NEXT_ASSET_NAME</FieldRef>
                    <FieldRef>NEXT_ASSET_UID</FieldRef>
                    <FieldRef>ASSET_CLASS</FieldRef>
                    <FieldRef>NEXT_ASSET_CLASS</FieldRef>
                    <FieldRef>PREDICATE_NAME</FieldRef>
                    <FieldRef>PREDICATE_UID</FieldRef>
                    <FieldRef>WEIGHTAGE</FieldRef>
                    <FieldRef>HIERARCHY</FieldRef>
                    <FieldRef>D3S_PROCESS_ID</FieldRef>
                    <FieldRef>D3S_WORK_ID</FieldRef>
                    <FieldRef>D3S_RECORD_ID</FieldRef>
                    <FieldRef>D3S_SYSTEM_CREATED_TS</FieldRef>
                    <FieldRef>D3S_USER_DEFINED_1</FieldRef>
                    <FieldRef>D3S_USER_DEFINED_2</FieldRef>
                    <FieldRef>D3S_USER_DEFINED_3</FieldRef>
                    <FieldRef>D3S_USER_DEFINED_4</FieldRef>
                    <FieldRef>D3S_USER_DEFINED_5</FieldRef>
                    <FieldRef>D3S_USER_DEFINED_6</FieldRef>
                    <FieldRef>D3S_USER_DEFINED_7</FieldRef>
                    <FieldRef>D3S_USER_DEFINED_8</FieldRef>
                    <FieldRef>D3S_USER_DEFINED_9</FieldRef>
                    <FieldRef>D3S_USER_DEFINED_10</FieldRef>
                    <FieldRef>D3S_USER_DEFINED_11</FieldRef>
                    <FieldRef>D3S_USER_DEFINED_12</FieldRef>
                    <FieldRef>NEXT_ASSET_TYPE_UID</FieldRef>
                    <FieldDataType>STRING</FieldDataType>
                    <FieldDataType>STRING</FieldDataType>
                    <FieldDataType>STRING</FieldDataType>
                    <FieldDataType>STRING</FieldDataType>
                    <FieldDataType>STRING</FieldDataType>
                    <FieldDataType>STRING</FieldDataType>
                    <FieldDataType>STRING</FieldDataType>
                    <FieldDataType>STRING</FieldDataType>
                    <FieldDataType>STRING</FieldDataType>
                    <FieldDataType>STRING</FieldDataType>
                    <FieldDataType>STRING</FieldDataType>
                    <FieldDataType>DECIMAL</FieldDataType>
                    <FieldDataType>STRING</FieldDataType>
                    <FieldDataType>STRING</FieldDataType>
                    <FieldDataType>STRING</FieldDataType>
                    <FieldDataType>STRING</FieldDataType>
                    <FieldDataType>DATETIME</FieldDataType>
                    <FieldDataType>BIGINTEGER</FieldDataType>
                    <FieldDataType>BIGINTEGER</FieldDataType>
                    <FieldDataType>DATE</FieldDataType>
                    <FieldDataType>DATE</FieldDataType>
                    <FieldDataType>DATETIME</FieldDataType>
                    <FieldDataType>DATETIME</FieldDataType>
                    <FieldDataType>STRING</FieldDataType>
                    <FieldDataType>STRING</FieldDataType>
                    <FieldDataType>STRING</FieldDataType>
                    <FieldDataType>STRING</FieldDataType>
                    <FieldDataType>STRING</FieldDataType>
                    <FieldDataType>STRING</FieldDataType>
                    <FieldDataType>STRING</FieldDataType>
                </SelectFields>
            </SelectDef>
        </OperationsDef>
        <OutputsDef>
            <OutputDef id="dataStore.output" from="dataStore.select" passthru="true" decryptSecuredValues="false"/>
        </OutputsDef>
    </PipelineDef>
    <PipelineDef id="dataStoreOutput2">
        <InputsDef>
            <InputDef id="dataStoreOutput2.input" fromOutputId="dataStore.output"/>
        </InputsDef>
        <OperationsDef>
            <RenameDef from="dataStoreOutput2.input" id="dataStoreOutput2.rename" countOutput="false">
                <FromFields>
                    <FieldRef>ASSET_TYPE_NAME</FieldRef>
                    <FieldRef>ASSET_TYPE_UID</FieldRef>
                    <FieldRef>NEXT_ASSET_TYPE_NAME</FieldRef>
                    <FieldRef>ASSET_NAME</FieldRef>
                    <FieldRef>ASSET_UID</FieldRef>
                    <FieldRef>NEXT_ASSET_NAME</FieldRef>
                    <FieldRef>NEXT_ASSET_UID</FieldRef>
                    <FieldRef>ASSET_CLASS</FieldRef>
                    <FieldRef>NEXT_ASSET_CLASS</FieldRef>
                    <FieldRef>PREDICATE_NAME</FieldRef>
                    <FieldRef>PREDICATE_UID</FieldRef>
                    <FieldRef>WEIGHTAGE</FieldRef>
                    <FieldRef>HIERARCHY</FieldRef>
                    <FieldRef>D3S_PROCESS_ID</FieldRef>
                    <FieldRef>D3S_WORK_ID</FieldRef>
                    <FieldRef>D3S_RECORD_ID</FieldRef>
                    <FieldRef>D3S_SYSTEM_CREATED_TS</FieldRef>
                    <FieldRef>D3S_USER_DEFINED_1</FieldRef>
                    <FieldRef>D3S_USER_DEFINED_2</FieldRef>
                    <FieldRef>D3S_USER_DEFINED_3</FieldRef>
                    <FieldRef>D3S_USER_DEFINED_4</FieldRef>
                    <FieldRef>D3S_USER_DEFINED_5</FieldRef>
                    <FieldRef>D3S_USER_DEFINED_6</FieldRef>
                    <FieldRef>D3S_USER_DEFINED_7</FieldRef>
                    <FieldRef>D3S_USER_DEFINED_8</FieldRef>
                    <FieldRef>D3S_USER_DEFINED_9</FieldRef>
                    <FieldRef>D3S_USER_DEFINED_10</FieldRef>
                    <FieldRef>D3S_USER_DEFINED_11</FieldRef>
                    <FieldRef>D3S_USER_DEFINED_12</FieldRef>
                    <FieldRef>NEXT_ASSET_TYPE_UID</FieldRef>
                </FromFields>
                <ToFields>
                    <FieldRef>ASSET_TYPE_NAME</FieldRef>
                    <FieldRef>ASSET_TYPE_UID</FieldRef>
                    <FieldRef>NEXT_ASSET_TYPE_NAME</FieldRef>
                    <FieldRef>ASSET_NAME</FieldRef>
                    <FieldRef>ASSET_UID</FieldRef>
                    <FieldRef>NEXT_ASSET_NAME</FieldRef>
                    <FieldRef>NEXT_ASSET_UID</FieldRef>
                    <FieldRef>ASSET_CLASS</FieldRef>
                    <FieldRef>NEXT_ASSET_CLASS</FieldRef>
                    <FieldRef>PREDICATE_NAME</FieldRef>
                    <FieldRef>PREDICATE_UID</FieldRef>
                    <FieldRef>WEIGHTAGE</FieldRef>
                    <FieldRef>HIERARCHY</FieldRef>
                    <FieldRef>D3S_PROCESS_ID</FieldRef>
                    <FieldRef>D3S_WORK_ID</FieldRef>
                    <FieldRef>D3S_RECORD_ID</FieldRef>
                    <FieldRef>D3S_SYSTEM_CREATED_TS</FieldRef>
                    <FieldRef>D3S_USER_DEFINED_1</FieldRef>
                    <FieldRef>D3S_USER_DEFINED_2</FieldRef>
                    <FieldRef>D3S_USER_DEFINED_3</FieldRef>
                    <FieldRef>D3S_USER_DEFINED_4</FieldRef>
                    <FieldRef>D3S_USER_DEFINED_5</FieldRef>
                    <FieldRef>D3S_USER_DEFINED_6</FieldRef>
                    <FieldRef>D3S_USER_DEFINED_7</FieldRef>
                    <FieldRef>D3S_USER_DEFINED_8</FieldRef>
                    <FieldRef>D3S_USER_DEFINED_9</FieldRef>
                    <FieldRef>D3S_USER_DEFINED_10</FieldRef>
                    <FieldRef>D3S_USER_DEFINED_11</FieldRef>
                    <FieldRef>D3S_USER_DEFINED_12</FieldRef>
                    <FieldRef>NEXT_ASSET_TYPE_UID</FieldRef>
                </ToFields>
                <OutputFields>
                    <FieldRef>ASSET_TYPE_NAME</FieldRef>
                    <FieldRef>ASSET_TYPE_UID</FieldRef>
                    <FieldRef>NEXT_ASSET_TYPE_NAME</FieldRef>
                    <FieldRef>ASSET_NAME</FieldRef>
                    <FieldRef>ASSET_UID</FieldRef>
                    <FieldRef>NEXT_ASSET_NAME</FieldRef>
                    <FieldRef>NEXT_ASSET_UID</FieldRef>
                    <FieldRef>ASSET_CLASS</FieldRef>
                    <FieldRef>NEXT_ASSET_CLASS</FieldRef>
                    <FieldRef>PREDICATE_NAME</FieldRef>
                    <FieldRef>PREDICATE_UID</FieldRef>
                    <FieldRef>WEIGHTAGE</FieldRef>
                    <FieldRef>HIERARCHY</FieldRef>
                    <FieldRef>D3S_PROCESS_ID</FieldRef>
                    <FieldRef>D3S_WORK_ID</FieldRef>
                    <FieldRef>D3S_RECORD_ID</FieldRef>
                    <FieldRef>D3S_SYSTEM_CREATED_TS</FieldRef>
                    <FieldRef>D3S_USER_DEFINED_1</FieldRef>
                    <FieldRef>D3S_USER_DEFINED_2</FieldRef>
                    <FieldRef>D3S_USER_DEFINED_3</FieldRef>
                    <FieldRef>D3S_USER_DEFINED_4</FieldRef>
                    <FieldRef>D3S_USER_DEFINED_5</FieldRef>
                    <FieldRef>D3S_USER_DEFINED_6</FieldRef>
                    <FieldRef>D3S_USER_DEFINED_7</FieldRef>
                    <FieldRef>D3S_USER_DEFINED_8</FieldRef>
                    <FieldRef>D3S_USER_DEFINED_9</FieldRef>
                    <FieldRef>D3S_USER_DEFINED_10</FieldRef>
                    <FieldRef>D3S_USER_DEFINED_11</FieldRef>
                    <FieldRef>D3S_USER_DEFINED_12</FieldRef>
                    <FieldRef>NEXT_ASSET_TYPE_UID</FieldRef>
                </OutputFields>
            </RenameDef>
        </OperationsDef>
        <OutputsDef>
            <OutputDef id="dataStoreOutput2.output" from="dataStoreOutput2.rename" passthru="false" maxNumOutputPartitions="10" decryptSecuredValues="false">
                <DataStoreRef name="7e0bea49f5394a06b280a35e82365e99" owningMemberId="1000">
                    <FieldsToUpdate>
                        <FieldRef>ASSET_TYPE_NAME</FieldRef>
                        <FieldRef>ASSET_TYPE_UID</FieldRef>
                        <FieldRef>NEXT_ASSET_TYPE_NAME</FieldRef>
                        <FieldRef>ASSET_NAME</FieldRef>
                        <FieldRef>ASSET_UID</FieldRef>
                        <FieldRef>NEXT_ASSET_NAME</FieldRef>
                        <FieldRef>NEXT_ASSET_UID</FieldRef>
                        <FieldRef>ASSET_CLASS</FieldRef>
                        <FieldRef>NEXT_ASSET_CLASS</FieldRef>
                        <FieldRef>PREDICATE_NAME</FieldRef>
                        <FieldRef>PREDICATE_UID</FieldRef>
                        <FieldRef>WEIGHTAGE</FieldRef>
                        <FieldRef>HIERARCHY</FieldRef>
                        <FieldRef>D3S_PROCESS_ID</FieldRef>
                        <FieldRef>D3S_WORK_ID</FieldRef>
                        <FieldRef>D3S_RECORD_ID</FieldRef>
                        <FieldRef>D3S_SYSTEM_CREATED_TS</FieldRef>
                        <FieldRef>D3S_USER_DEFINED_1</FieldRef>
                        <FieldRef>D3S_USER_DEFINED_2</FieldRef>
                        <FieldRef>D3S_USER_DEFINED_3</FieldRef>
                        <FieldRef>D3S_USER_DEFINED_4</FieldRef>
                        <FieldRef>D3S_USER_DEFINED_5</FieldRef>
                        <FieldRef>D3S_USER_DEFINED_6</FieldRef>
                        <FieldRef>D3S_USER_DEFINED_7</FieldRef>
                        <FieldRef>D3S_USER_DEFINED_8</FieldRef>
                        <FieldRef>D3S_USER_DEFINED_9</FieldRef>
                        <FieldRef>D3S_USER_DEFINED_10</FieldRef>
                        <FieldRef>D3S_USER_DEFINED_11</FieldRef>
                        <FieldRef>D3S_USER_DEFINED_12</FieldRef>
                        <FieldRef>NEXT_ASSET_TYPE_UID</FieldRef>
                        <FieldDataType>STRING</FieldDataType>
                        <FieldDataType>STRING</FieldDataType>
                        <FieldDataType>STRING</FieldDataType>
                        <FieldDataType>STRING</FieldDataType>
                        <FieldDataType>STRING</FieldDataType>
                        <FieldDataType>STRING</FieldDataType>
                        <FieldDataType>STRING</FieldDataType>
                        <FieldDataType>STRING</FieldDataType>
                        <FieldDataType>STRING</FieldDataType>
                        <FieldDataType>STRING</FieldDataType>
                        <FieldDataType>STRING</FieldDataType>
                        <FieldDataType>DECIMAL</FieldDataType>
                        <FieldDataType>STRING</FieldDataType>
                        <FieldDataType>STRING</FieldDataType>
                        <FieldDataType>STRING</FieldDataType>
                        <FieldDataType>STRING</FieldDataType>
                        <FieldDataType>DATETIME</FieldDataType>
                        <FieldDataType>BIGINTEGER</FieldDataType>
                        <FieldDataType>BIGINTEGER</FieldDataType>
                        <FieldDataType>DATE</FieldDataType>
                        <FieldDataType>DATE</FieldDataType>
                        <FieldDataType>DATETIME</FieldDataType>
                        <FieldDataType>DATETIME</FieldDataType>
                        <FieldDataType>STRING</FieldDataType>
                        <FieldDataType>STRING</FieldDataType>
                        <FieldDataType>STRING</FieldDataType>
                        <FieldDataType>STRING</FieldDataType>
                        <FieldDataType>STRING</FieldDataType>
                        <FieldDataType>STRING</FieldDataType>
                        <FieldDataType>STRING</FieldDataType>
                    </FieldsToUpdate>
                </DataStoreRef>
                <PartitionByFields/>
            </OutputDef>
        </OutputsDef>
    </PipelineDef>
    <PipelineDef id="dataStore2">
        <InputsDef>
            <InputDef id="dataStore2.input">
                <DataStoreRef name="d821c6d18eb54b129681162430a1ae85" owningMemberId="1000" dataLoadRange="ALL">
                    <SourceFilter/>
                </DataStoreRef>
            </InputDef>
        </InputsDef>
        <OperationsDef>
            <SelectDef from="dataStore2.input" id="dataStore2.select" countOutput="false">
                <SelectFields>
                    <FieldRef>ASSET_NAME</FieldRef>
                    <FieldRef>ASSET_UID</FieldRef>
                    <FieldRef>ASSET_TYPE</FieldRef>
                    <FieldRef>ASSET_TYPE_UID</FieldRef>
                    <FieldRef>ASSET_CLASS</FieldRef>
                    <FieldRef>Level</FieldRef>
                    <FieldRef>ASSET_CREATE_DATE</FieldRef>
                    <FieldRef>ASSET_UPDATE_DATE</FieldRef>
                    <FieldRef>ASSET_VERSION</FieldRef>
                    <FieldRef>IGX_SYSTEM_CREATED_TS</FieldRef>
                    <FieldRef>IGX_PROCESS_ID</FieldRef>
                    <FieldRef>IGX_WORK_ID</FieldRef>
                    <FieldDataType>STRING</FieldDataType>
                    <FieldDataType>STRING</FieldDataType>
                    <FieldDataType>STRING</FieldDataType>
                    <FieldDataType>STRING</FieldDataType>
                    <FieldDataType>STRING</FieldDataType>
                    <FieldDataType>INTEGER</FieldDataType>
                    <FieldDataType>DATETIME</FieldDataType>
                    <FieldDataType>DATETIME</FieldDataType>
                    <FieldDataType>INTEGER</FieldDataType>
                    <FieldDataType>DATETIME</FieldDataType>
                    <FieldDataType>STRING</FieldDataType>
                    <FieldDataType>STRING</FieldDataType>
                </SelectFields>
            </SelectDef>
        </OperationsDef>
        <OutputsDef>
            <OutputDef id="dataStore2.output" from="dataStore2.select" passthru="true" decryptSecuredValues="false"/>
        </OutputsDef>
    </PipelineDef>
    <PipelineDef id="dataStoreOutput">
        <InputsDef>
            <InputDef id="dataStoreOutput.input" fromOutputId="dataStore2.output"/>
        </InputsDef>
        <OperationsDef>
            <RenameDef from="dataStoreOutput.input" id="dataStoreOutput.rename" countOutput="false">
                <FromFields>
                    <FieldRef>ASSET_NAME</FieldRef>
                    <FieldRef>ASSET_UID</FieldRef>
                    <FieldRef>ASSET_TYPE</FieldRef>
                    <FieldRef>ASSET_TYPE_UID</FieldRef>
                    <FieldRef>ASSET_CLASS</FieldRef>
                    <FieldRef>Level</FieldRef>
                    <FieldRef>ASSET_CREATE_DATE</FieldRef>
                    <FieldRef>ASSET_UPDATE_DATE</FieldRef>
                    <FieldRef>ASSET_VERSION</FieldRef>
                    <FieldRef>IGX_SYSTEM_CREATED_TS</FieldRef>
                    <FieldRef>IGX_PROCESS_ID</FieldRef>
                    <FieldRef>IGX_WORK_ID</FieldRef>
                </FromFields>
                <ToFields>
                    <FieldRef>ASSET_NAME</FieldRef>
                    <FieldRef>ASSET_UID</FieldRef>
                    <FieldRef>ASSET_TYPE</FieldRef>
                    <FieldRef>ASSET_TYPE_UID</FieldRef>
                    <FieldRef>ASSET_CLASS</FieldRef>
                    <FieldRef>Level</FieldRef>
                    <FieldRef>ASSET_CREATE_DATE</FieldRef>
                    <FieldRef>ASSET_UPDATE_DATE</FieldRef>
                    <FieldRef>ASSET_VERSION</FieldRef>
                    <FieldRef>IGX_SYSTEM_CREATED_TS</FieldRef>
                    <FieldRef>IGX_PROCESS_ID</FieldRef>
                    <FieldRef>IGX_WORK_ID</FieldRef>
                </ToFields>
                <OutputFields>
                    <FieldRef>ASSET_NAME</FieldRef>
                    <FieldRef>ASSET_UID</FieldRef>
                    <FieldRef>ASSET_TYPE</FieldRef>
                    <FieldRef>ASSET_TYPE_UID</FieldRef>
                    <FieldRef>ASSET_CLASS</FieldRef>
                    <FieldRef>Level</FieldRef>
                    <FieldRef>ASSET_CREATE_DATE</FieldRef>
                    <FieldRef>ASSET_UPDATE_DATE</FieldRef>
                    <FieldRef>ASSET_VERSION</FieldRef>
                    <FieldRef>IGX_SYSTEM_CREATED_TS</FieldRef>
                    <FieldRef>IGX_PROCESS_ID</FieldRef>
                    <FieldRef>IGX_WORK_ID</FieldRef>
                </OutputFields>
            </RenameDef>
        </OperationsDef>
        <OutputsDef>
            <OutputDef id="dataStoreOutput.output" from="dataStoreOutput.rename" passthru="false" maxNumOutputPartitions="10" decryptSecuredValues="false">
                <DataStoreRef name="2b1a19a119ec437e9d23354f5442a08b" owningMemberId="1000">
                    <FieldsToUpdate>
                        <FieldRef>ASSET_NAME</FieldRef>
                        <FieldRef>ASSET_UID</FieldRef>
                        <FieldRef>ASSET_TYPE</FieldRef>
                        <FieldRef>ASSET_TYPE_UID</FieldRef>
                        <FieldRef>ASSET_CLASS</FieldRef>
                        <FieldRef>Level</FieldRef>
                        <FieldRef>ASSET_CREATE_DATE</FieldRef>
                        <FieldRef>ASSET_UPDATE_DATE</FieldRef>
                        <FieldRef>ASSET_VERSION</FieldRef>
                        <FieldRef>IGX_SYSTEM_CREATED_TS</FieldRef>
                        <FieldRef>IGX_PROCESS_ID</FieldRef>
                        <FieldRef>IGX_WORK_ID</FieldRef>
                        <FieldDataType>STRING</FieldDataType>
                        <FieldDataType>STRING</FieldDataType>
                        <FieldDataType>STRING</FieldDataType>
                        <FieldDataType>STRING</FieldDataType>
                        <FieldDataType>STRING</FieldDataType>
                        <FieldDataType>INTEGER</FieldDataType>
                        <FieldDataType>DATETIME</FieldDataType>
                        <FieldDataType>DATETIME</FieldDataType>
                        <FieldDataType>INTEGER</FieldDataType>
                        <FieldDataType>DATETIME</FieldDataType>
                        <FieldDataType>STRING</FieldDataType>
                        <FieldDataType>STRING</FieldDataType>
                    </FieldsToUpdate>
                </DataStoreRef>
                <PartitionByFields/>
            </OutputDef>
        </OutputsDef>
    </PipelineDef>
</ExecutionModel>
