<?xml version="1.0" encoding="UTF-8" standalone="yes"?>
<ExecutionModel xmlns="com/infogix/component/executionengine/export/fdt" id="78dec578e236487b87a2573c1db8d78b_exec">
    <OptionsDef logLimit="100" cacheOperationOutput="true" cacheResourceIntensiveOperationOutput="false" countOperationOutput="true"/>
    <PipelineDef id="dataStore">
        <InputsDef>
            <InputDef id="dataStore.input">
                <DataStoreRef name="b0775caebd8e4aada77e49cbde9d583f" owningMemberId="1000" dataLoadRange="ALL">
                    <SourceFilter/>
                </DataStoreRef>
            </InputDef>
        </InputsDef>
        <OperationsDef>
            <SelectDef from="dataStore.input" id="dataStore.select" countOutput="false">
                <SelectFields>
                    <FieldRef>Birthday</FieldRef>
                    <FieldRef>CCExpires</FieldRef>
                    <FieldRef>CCNumber</FieldRef>
                    <FieldRef>CCType</FieldRef>
                    <FieldRef>City</FieldRef>
                    <FieldRef>Gender</FieldRef>
                    <FieldRef>PhoneNumber</FieldRef>
                    <FieldRef>MobileNumber</FieldRef>
                    <FieldRef>DeceasedDate</FieldRef>
                    <FieldDataType>STRING</FieldDataType>
                    <FieldDataType>STRING</FieldDataType>
                    <FieldDataType>STRING</FieldDataType>
                    <FieldDataType>STRING</FieldDataType>
                    <FieldDataType>STRING</FieldDataType>
                    <FieldDataType>STRING</FieldDataType>
                    <FieldDataType>STRING</FieldDataType>
                    <FieldDataType>STRING</FieldDataType>
                    <FieldDataType>STRING</FieldDataType>
                </SelectFields>
            </SelectDef>
            <ComputeDef from="dataStore.select" id="dataStore.compute1" countOutput="false">
                <ComputedField>Data_Key</ComputedField>
                <ComputedFieldDataType>STRING</ComputedFieldDataType>
                <ExpressionDef lang="formula" expression="UUID()"/>
            </ComputeDef>
        </OperationsDef>
        <OutputsDef>
            <OutputDef id="dataStore.output" from="dataStore.compute1" passthru="true" decryptSecuredValues="false"/>
        </OutputsDef>
    </PipelineDef>
    <PipelineDef id="reshape">
        <InputsDef>
            <InputDef id="reshape.input" fromOutputId="dataStore.output"/>
        </InputsDef>
        <OperationsDef>
            <ReshapeDef from="reshape.input" id="reshape.reshape" countOutput="true">
                <ColumnToRow>
                    <ShiftingFieldGroup toFieldName="FieldValue" toLabelFieldName="FieldName">
                        <FromFields>
                            <FieldRef>Birthday</FieldRef>
                            <FieldRef>CCExpires</FieldRef>
                            <FieldRef>CCNumber</FieldRef>
                            <FieldRef>CCType</FieldRef>
                            <FieldRef>City</FieldRef>
                            <FieldRef>Gender</FieldRef>
                            <FieldRef>PhoneNumber</FieldRef>
                            <FieldRef>MobileNumber</FieldRef>
                            <FieldRef>DeceasedDate</FieldRef>
                        </FromFields>
                    </ShiftingFieldGroup>
                </ColumnToRow>
            </ReshapeDef>
        </OperationsDef>
        <OutputsDef>
            <OutputDef id="reshape.output" from="reshape.reshape" passthru="true" decryptSecuredValues="false"/>
        </OutputsDef>
    </PipelineDef>
    <PipelineDef id="select">
        <InputsDef>
            <InputDef id="select.input" fromOutputId="reshape.output"/>
        </InputsDef>
        <OperationsDef>
            <SelectDef from="select.input" id="select.select" countOutput="true">
                <SelectFields>
                    <FieldRef>Data_Key</FieldRef>
                    <FieldRef>FieldName</FieldRef>
                    <FieldRef>FieldValue</FieldRef>
                    <FieldDataType>STRING</FieldDataType>
                    <FieldDataType>STRING</FieldDataType>
                    <FieldDataType>STRING</FieldDataType>
                    <EncryptField>false</EncryptField>
                    <EncryptField>false</EncryptField>
                    <EncryptField>false</EncryptField>
                </SelectFields>
            </SelectDef>
            <ComputeDef from="select.select" id="select.compute1" countOutput="false">
                <ComputedField>Run_Date</ComputedField>
                <ComputedFieldDataType>DATETIME</ComputedFieldDataType>
                <ExpressionDef lang="formula" expression="CURRENT_TIMESTAMP()"/>
            </ComputeDef>
            <ComputeDef from="select.compute1" id="select.compute2" countOutput="false">
                <ComputedField>Batch_Identifier</ComputedField>
                <ComputedFieldDataType>STRING</ComputedFieldDataType>
                <ExpressionDef lang="formula" expression="SUBSTRING( CURRENT_TIMESTAMP(),0,10 )"/>
            </ComputeDef>
            <ComputeDef from="select.compute2" id="select.compute3" countOutput="false">
                <ComputedField>PM_DATA_ENTITY</ComputedField>
                <ComputedFieldDataType>STRING</ComputedFieldDataType>
                <ExpressionDef lang="formula" expression="RUNTIME('PM_DATA_ENTITY')"/>
            </ComputeDef>
        </OperationsDef>
        <OutputsDef>
            <OutputDef id="select.output" from="select.compute3" passthru="true" decryptSecuredValues="false"/>
        </OutputsDef>
    </PipelineDef>
    <PipelineDef id="includeAnalysis-ph0">
        <InputsDef>
            <InputDef id="includeAnalysis-ph0.input" fromOutputId="select.output"/>
        </InputsDef>
        <OperationsDef>
            <MappingDef placeholderNodeId="placeholderInput" from="includeAnalysis-ph0.input" id="includeAnalysis-ph0.placeholdermapping" countOutput="true">
                <FromFields>
                    <FieldRef>Data_Key</FieldRef>
                    <FieldRef>FieldName</FieldRef>
                    <FieldRef>FieldValue</FieldRef>
                    <FieldRef>Run_Date</FieldRef>
                    <FieldRef>Batch_Identifier</FieldRef>
                    <FieldRef>PM_DATA_ENTITY</FieldRef>
                </FromFields>
                <ToFields>
                    <FieldRef>Data_Key</FieldRef>
                    <FieldRef>FieldName</FieldRef>
                    <FieldRef>FieldValue</FieldRef>
                    <FieldRef>Run_Date</FieldRef>
                    <FieldRef>Batch_Identifier</FieldRef>
                    <FieldRef>PM_DATA_ENTITY</FieldRef>
                </ToFields>
                <OutputFields/>
            </MappingDef>
            <ComputeDef from="includeAnalysis-ph0.placeholdermapping" id="includeAnalysis.compute1" countOutput="false">
                <ComputedField>RUN_TS</ComputedField>
                <ComputedFieldDataType>DATETIME</ComputedFieldDataType>
                <ExpressionDef lang="formula" expression="CURRENT_TIMESTAMP()"/>
            </ComputeDef>
            <ComputeDef from="includeAnalysis.compute1" id="includeAnalysis.compute2" countOutput="false">
                <ComputedField>CREATE_TS</ComputedField>
                <ComputedFieldDataType>DATETIME</ComputedFieldDataType>
                <ExpressionDef lang="formula" expression="CURRENT_TIMESTAMP()"/>
            </ComputeDef>
        </OperationsDef>
        <OutputsDef>
            <OutputDef id="includeAnalysis-ph0.output" from="includeAnalysis.compute2" passthru="true" decryptSecuredValues="false"/>
        </OutputsDef>
    </PipelineDef>
    <PipelineDef id="includeAnalysis">
        <InputsDef>
            <InputDef id="includeAnalysis.input" fromOutputId="$NESTED_ANALYSIS_OUTPUT_ID$"/>
        </InputsDef>
        <OperationsDef>
            <MappingDef placeholderNodeId="placeholderOutput" from="includeAnalysis.input" id="includeAnalysis.placeholdermapping.$includeAnalysis-p1" countOutput="true">
                <FromFields/>
                <ToFields/>
                <OutputFields/>
            </MappingDef>
        </OperationsDef>
        <OutputsDef>
            <OutputDef id="includeAnalysis.output" from="includeAnalysis.placeholdermapping.$includeAnalysis-p1" passthru="true" decryptSecuredValues="false"/>
        </OutputsDef>
    </PipelineDef>
    <PipelineDef id="dataStoreOutput">
        <InputsDef>
            <InputDef id="dataStoreOutput.input" fromOutputId="includeAnalysis.output"/>
        </InputsDef>
        <OperationsDef>
            <RenameDef from="dataStoreOutput.input" id="dataStoreOutput.rename" countOutput="false">
                <FromFields>
                    <FieldRef>DATA_KEY</FieldRef>
                    <FieldRef>DATA_ENTITY_NAME</FieldRef>
                    <FieldRef>DATA_ENTITY_UID</FieldRef>
                    <FieldRef>DATA_ELEMENT_NAME</FieldRef>
                    <FieldRef>DATA_ELEMENT_UID</FieldRef>
                    <FieldRef>DATA_ELEMENT_GROUP</FieldRef>
                    <FieldRef>DATA_ELEMENT_GROUP_RULE_TYPE</FieldRef>
                    <FieldRef>RULE_NAME</FieldRef>
                    <FieldRef>RULE_UID</FieldRef>
                    <FieldRef>DIMENSION</FieldRef>
                    <FieldRef>RULE_RESULT</FieldRef>
                    <FieldRef>DATA_BATCH_IDENTIFIER</FieldRef>
                    <FieldRef>IGX_PROCESS_ID</FieldRef>
                    <FieldRef>IGX_WORK_ID</FieldRef>
                    <FieldRef>RUN_TS</FieldRef>
                    <FieldRef>CREATE_TS</FieldRef>
                </FromFields>
                <ToFields>
                    <FieldRef>DATA_KEY</FieldRef>
                    <FieldRef>DATA_ENTITY_NAME</FieldRef>
                    <FieldRef>DATA_ENTITY_UID</FieldRef>
                    <FieldRef>DATA_ELEMENT_NAME</FieldRef>
                    <FieldRef>DATA_ELEMENT_UID</FieldRef>
                    <FieldRef>DATA_ELEMENT_GROUP</FieldRef>
                    <FieldRef>DATA_ELEMENT_GROUP_RULE_TYPE</FieldRef>
                    <FieldRef>RULE_NAME</FieldRef>
                    <FieldRef>RULE_UID</FieldRef>
                    <FieldRef>DIMENSION</FieldRef>
                    <FieldRef>RULE_RESULT</FieldRef>
                    <FieldRef>DATA_BATCH_IDENTIFIER</FieldRef>
                    <FieldRef>IGX_PROCESS_ID</FieldRef>
                    <FieldRef>IGX_WORK_ID</FieldRef>
                    <FieldRef>RUN_TIMESTAMP</FieldRef>
                    <FieldRef>IGX_SYSTEM_CREATED_TS</FieldRef>
                </ToFields>
                <OutputFields>
                    <FieldRef>DATA_KEY</FieldRef>
                    <FieldRef>DATA_ENTITY_NAME</FieldRef>
                    <FieldRef>DATA_ENTITY_UID</FieldRef>
                    <FieldRef>DATA_ELEMENT_NAME</FieldRef>
                    <FieldRef>DATA_ELEMENT_UID</FieldRef>
                    <FieldRef>DATA_ELEMENT_GROUP</FieldRef>
                    <FieldRef>DATA_ELEMENT_GROUP_RULE_TYPE</FieldRef>
                    <FieldRef>RULE_NAME</FieldRef>
                    <FieldRef>RULE_UID</FieldRef>
                    <FieldRef>DIMENSION</FieldRef>
                    <FieldRef>RULE_RESULT</FieldRef>
                    <FieldRef>DATA_BATCH_IDENTIFIER</FieldRef>
                    <FieldRef>IGX_PROCESS_ID</FieldRef>
                    <FieldRef>IGX_WORK_ID</FieldRef>
                    <FieldRef>RUN_TIMESTAMP</FieldRef>
                    <FieldRef>IGX_SYSTEM_CREATED_TS</FieldRef>
                </OutputFields>
            </RenameDef>
        </OperationsDef>
        <OutputsDef>
            <OutputDef id="dataStoreOutput.output" from="dataStoreOutput.rename" passthru="false" maxNumOutputPartitions="1" decryptSecuredValues="false">
                <DataStoreRef name="3430d4bc6c4248c687cea9a79e231e0f" owningMemberId="1000">
                    <FieldsToUpdate>
                        <FieldRef>DATA_KEY</FieldRef>
                        <FieldRef>DATA_ENTITY_NAME</FieldRef>
                        <FieldRef>DATA_ENTITY_UID</FieldRef>
                        <FieldRef>DATA_ELEMENT_NAME</FieldRef>
                        <FieldRef>DATA_ELEMENT_UID</FieldRef>
                        <FieldRef>DATA_ELEMENT_GROUP</FieldRef>
                        <FieldRef>DATA_ELEMENT_GROUP_RULE_TYPE</FieldRef>
                        <FieldRef>RULE_NAME</FieldRef>
                        <FieldRef>RULE_UID</FieldRef>
                        <FieldRef>DIMENSION</FieldRef>
                        <FieldRef>RULE_RESULT</FieldRef>
                        <FieldRef>DATA_BATCH_IDENTIFIER</FieldRef>
                        <FieldRef>IGX_PROCESS_ID</FieldRef>
                        <FieldRef>IGX_WORK_ID</FieldRef>
                        <FieldRef>RUN_TIMESTAMP</FieldRef>
                        <FieldRef>IGX_SYSTEM_CREATED_TS</FieldRef>
                        <FieldDataType>STRING</FieldDataType>
                        <FieldDataType>STRING</FieldDataType>
                        <FieldDataType>STRING</FieldDataType>
                        <FieldDataType>STRING</FieldDataType>
                        <FieldDataType>STRING</FieldDataType>
                        <FieldDataType>STRING</FieldDataType>
                        <FieldDataType>STRING</FieldDataType>
                        <FieldDataType>STRING</FieldDataType>
                        <FieldDataType>STRING</FieldDataType>
                        <FieldDataType>STRING</FieldDataType>
                        <FieldDataType>STRING</FieldDataType>
                        <FieldDataType>STRING</FieldDataType>
                        <FieldDataType>STRING</FieldDataType>
                        <FieldDataType>STRING</FieldDataType>
                        <FieldDataType>DATETIME</FieldDataType>
                        <FieldDataType>DATETIME</FieldDataType>
                    </FieldsToUpdate>
                </DataStoreRef>
                <PartitionByFields/>
            </OutputDef>
        </OutputsDef>
    </PipelineDef>
    <PipelineDef id="sql">
        <InputsDef>
            <InputDef id="sql.input" fromOutputId="select.output"/>
        </InputsDef>
        <OperationsDef>
            <SqlDef id="sql.sql" countOutput="true">
                <SourceDef name="x" from="sql.input">
                    <InputFields>
                        <FieldRef>Data_Key</FieldRef>
                        <FieldRef>FieldName</FieldRef>
                        <FieldRef>FieldValue</FieldRef>
                        <FieldRef>Run_Date</FieldRef>
                        <FieldRef>Batch_Identifier</FieldRef>
                        <FieldRef>PM_DATA_ENTITY</FieldRef>
                        <FieldDataType>STRING</FieldDataType>
                        <FieldDataType>STRING</FieldDataType>
                        <FieldDataType>STRING</FieldDataType>
                        <FieldDataType>DATETIME</FieldDataType>
                        <FieldDataType>STRING</FieldDataType>
                        <FieldDataType>STRING</FieldDataType>
                        <EncryptField>false</EncryptField>
                        <EncryptField>false</EncryptField>
                        <EncryptField>false</EncryptField>
                        <EncryptField>false</EncryptField>
                        <EncryptField>false</EncryptField>
                        <EncryptField>false</EncryptField>
                    </InputFields>
                </SourceDef>
                <Sql>select 'X' as Dummy, nvl(CURRENT_TIMESTAMP,CURRENT_TIMESTAMP) AS Run_Date from x limit 1</Sql>
                <OutputFields>
                    <FieldRef>Run_Date</FieldRef>
                    <FieldRef>Dummy</FieldRef>
                    <FieldDataType>DATETIME</FieldDataType>
                    <FieldDataType>STRING</FieldDataType>
                    <NestedFields xmlns:xsi="http://www.w3.org/2001/XMLSchema-instance" xsi:nil="true"/>
                    <NestedFields xmlns:xsi="http://www.w3.org/2001/XMLSchema-instance" xsi:nil="true"/>
                    <EncryptField>false</EncryptField>
                    <EncryptField>false</EncryptField>
                </OutputFields>
            </SqlDef>
        </OperationsDef>
        <OutputsDef>
            <OutputDef id="sql.output" from="sql.sql" passthru="true" decryptSecuredValues="false"/>
        </OutputsDef>
    </PipelineDef>
    <PipelineDef id="select2">
        <InputsDef>
            <InputDef id="select2.input" fromOutputId="sql.output"/>
        </InputsDef>
        <OperationsDef>
            <SelectDef from="select2.input" id="select2.select" countOutput="true">
                <SelectFields>
                    <FieldRef>Run_Date</FieldRef>
                    <FieldDataType>DATETIME</FieldDataType>
                    <EncryptField>false</EncryptField>
                </SelectFields>
            </SelectDef>
        </OperationsDef>
        <OutputsDef>
            <OutputDef id="select2.output" from="select2.select" passthru="true" decryptSecuredValues="false"/>
        </OutputsDef>
    </PipelineDef>
    <PipelineDef id="rename">
        <InputsDef>
            <InputDef id="rename.input" fromOutputId="select2.output"/>
        </InputsDef>
        <OperationsDef>
            <RenameDef from="rename.input" id="rename.rename" countOutput="true">
                <FromFields>
                    <FieldRef>Run_Date</FieldRef>
                </FromFields>
                <ToFields>
                    <FieldRef>PM_RUN_DATE</FieldRef>
                </ToFields>
                <OutputFields>
                    <FieldRef>PM_RUN_DATE</FieldRef>
                    <FieldRef>Dummy</FieldRef>
                    <FieldRef>PM_RUN_DATE</FieldRef>
                </OutputFields>
            </RenameDef>
        </OperationsDef>
        <OutputsDef>
            <OutputDef id="rename.output" from="rename.rename" passthru="true" decryptSecuredValues="false"/>
        </OutputsDef>
    </PipelineDef>
    <PipelineDef id="customCompletionStatus">
        <InputsDef>
            <InputDef id="customCompletionStatus.input" fromOutputId="rename.output"/>
        </InputsDef>
        <OperationsDef/>
        <OutputsDef>
            <OutputDef id="customCompletionStatus.output" from="customCompletionStatus.input" passthru="false" decryptSecuredValues="false">
                <CustomCompletionStatus/>
            </OutputDef>
        </OutputsDef>
    </PipelineDef>
</ExecutionModel>
