<?xml version="1.0" encoding="UTF-8" standalone="yes"?>
<ExecutionModel xmlns="com/infogix/component/executionengine/export/fdt" id="b288509c0fb94bc7808869770f569e2a">
    <OptionsDef logLimit="100" cacheOperationOutput="true" cacheResourceIntensiveOperationOutput="false" countOperationOutput="true"/>
    <PipelineDef id="dataStore">
        <InputsDef>
            <InputDef id="dataStore.input">
                <DataStoreRef name="af9a150410a74e098f0ac6eb6acdd95e" owningMemberId="1000" dataLoadRange="ALL">
                    <SourceFilter/>
                </DataStoreRef>
            </InputDef>
        </InputsDef>
        <OperationsDef>
            <SelectDef from="dataStore.input" id="dataStore.select" countOutput="false">
                <SelectFields>
                    <FieldRef>EXTERNAL_ID</FieldRef>
                    <FieldRef>ACCOUNT_NO</FieldRef>
                    <FieldRef>EXTERNAL_ID_TYPE</FieldRef>
                    <FieldRef>IS_CURRENT</FieldRef>
                    <FieldRef>ACTIVE_DATE</FieldRef>
                    <FieldRef>INACTIVE_DATE</FieldRef>
                    <FieldRef>BILL_LNAME</FieldRef>
                    <FieldRef>CURRENCY_CODE</FieldRef>
                    <FieldRef>CONTACT1_PHONE</FieldRef>
                    <FieldRef>BILL_TITLE</FieldRef>
                    <FieldRef>ACCOUNT_TYPE</FieldRef>
                    <FieldRef>BILL_FNAME</FieldRef>
                    <FieldRef>PARENT_ID</FieldRef>
                    <FieldRef>BILL_SEQUENCE_NUM</FieldRef>
                    <FieldDataType>STRING</FieldDataType>
                    <FieldDataType>BIGINTEGER</FieldDataType>
                    <FieldDataType>BIGINTEGER</FieldDataType>
                    <FieldDataType>BIGINTEGER</FieldDataType>
                    <FieldDataType>DATETIME</FieldDataType>
                    <FieldDataType>DATETIME</FieldDataType>
                    <FieldDataType>STRING</FieldDataType>
                    <FieldDataType>BIGINTEGER</FieldDataType>
                    <FieldDataType>STRING</FieldDataType>
                    <FieldDataType>STRING</FieldDataType>
                    <FieldDataType>BIGINTEGER</FieldDataType>
                    <FieldDataType>STRING</FieldDataType>
                    <FieldDataType>BIGINTEGER</FieldDataType>
                    <FieldDataType>BIGINTEGER</FieldDataType>
                </SelectFields>
            </SelectDef>
            <ComputeDef from="dataStore.select" id="dataStore.compute1" countOutput="false">
                <ComputedField>Data_Key</ComputedField>
                <ComputedFieldDataType>STRING</ComputedFieldDataType>
                <ExpressionDef lang="formula" expression="CONCATENATE( EXTERNAL_ID ,'|', ACCOUNT_NO )"/>
            </ComputeDef>
        </OperationsDef>
        <OutputsDef>
            <OutputDef id="dataStore.output" from="dataStore.compute1" passthru="true" decryptSecuredValues="false"/>
        </OutputsDef>
    </PipelineDef>
    <PipelineDef id="compute">
        <InputsDef>
            <InputDef id="compute.input" fromOutputId="dataStore.output"/>
        </InputsDef>
        <OperationsDef>
            <ComputeDef from="compute.input" id="compute.compute0" countOutput="false">
                <ComputedField>EXTERNAL_ID</ComputedField>
                <ComputedFieldDataType>STRING</ComputedFieldDataType>
                <ExpressionDef lang="formula" expression="EXTERNAL_ID"/>
            </ComputeDef>
            <ComputeDef from="compute.compute0" id="compute.compute1" countOutput="false">
                <ComputedField>ACCOUNT_NO_1</ComputedField>
                <ComputedFieldDataType>STRING</ComputedFieldDataType>
                <ExpressionDef lang="formula" expression="TOSTRING( ACCOUNT_NO )"/>
            </ComputeDef>
            <ComputeDef from="compute.compute1" id="compute.compute2" countOutput="false">
                <ComputedField>EXTERNAL_ID_TYPE_1</ComputedField>
                <ComputedFieldDataType>STRING</ComputedFieldDataType>
                <ExpressionDef lang="formula" expression="TOSTRING( EXTERNAL_ID_TYPE)"/>
            </ComputeDef>
            <ComputeDef from="compute.compute2" id="compute.compute3" countOutput="false">
                <ComputedField>IS_CURRENT_1</ComputedField>
                <ComputedFieldDataType>STRING</ComputedFieldDataType>
                <ExpressionDef lang="formula" expression="TOSTRING( IS_CURRENT )"/>
            </ComputeDef>
            <ComputeDef from="compute.compute3" id="compute.compute4" countOutput="false">
                <ComputedField>ACTIVE_DATE_1</ComputedField>
                <ComputedFieldDataType>STRING</ComputedFieldDataType>
                <ExpressionDef lang="formula" expression="TOSTRING( ACTIVE_DATE )"/>
            </ComputeDef>
            <ComputeDef from="compute.compute4" id="compute.compute5" countOutput="false">
                <ComputedField>INACTIVE_DATE_1</ComputedField>
                <ComputedFieldDataType>STRING</ComputedFieldDataType>
                <ExpressionDef lang="formula" expression="TOSTRING( INACTIVE_DATE )"/>
            </ComputeDef>
            <ComputeDef from="compute.compute5" id="compute.compute6" countOutput="false">
                <ComputedField>BILL_LNAME</ComputedField>
                <ComputedFieldDataType>STRING</ComputedFieldDataType>
                <ExpressionDef lang="formula" expression="BILL_LNAME"/>
            </ComputeDef>
            <ComputeDef from="compute.compute6" id="compute.compute7" countOutput="false">
                <ComputedField>CURRENCY_CODE_1</ComputedField>
                <ComputedFieldDataType>STRING</ComputedFieldDataType>
                <ExpressionDef lang="formula" expression="TOSTRING( CURRENCY_CODE )"/>
            </ComputeDef>
            <ComputeDef from="compute.compute7" id="compute.compute8" countOutput="false">
                <ComputedField>CONTACT1_PHONE</ComputedField>
                <ComputedFieldDataType>STRING</ComputedFieldDataType>
                <ExpressionDef lang="formula" expression="CONTACT1_PHONE"/>
            </ComputeDef>
            <ComputeDef from="compute.compute8" id="compute.compute9" countOutput="false">
                <ComputedField>BILL_TITLE</ComputedField>
                <ComputedFieldDataType>STRING</ComputedFieldDataType>
                <ExpressionDef lang="formula" expression="BILL_TITLE"/>
            </ComputeDef>
            <ComputeDef from="compute.compute9" id="compute.compute10" countOutput="false">
                <ComputedField>ACCOUNT_TYPE_1</ComputedField>
                <ComputedFieldDataType>STRING</ComputedFieldDataType>
                <ExpressionDef lang="formula" expression="TOSTRING( ACCOUNT_TYPE )"/>
            </ComputeDef>
            <ComputeDef from="compute.compute10" id="compute.compute11" countOutput="false">
                <ComputedField>BILL_FNAME</ComputedField>
                <ComputedFieldDataType>STRING</ComputedFieldDataType>
                <ExpressionDef lang="formula" expression="BILL_FNAME"/>
            </ComputeDef>
            <ComputeDef from="compute.compute11" id="compute.compute12" countOutput="false">
                <ComputedField>PARENT_ID_1</ComputedField>
                <ComputedFieldDataType>STRING</ComputedFieldDataType>
                <ExpressionDef lang="formula" expression="TOSTRING( PARENT_ID )"/>
            </ComputeDef>
            <ComputeDef from="compute.compute12" id="compute.compute13" countOutput="false">
                <ComputedField>BILL_SEQUENCE_NUM_1</ComputedField>
                <ComputedFieldDataType>STRING</ComputedFieldDataType>
                <ExpressionDef lang="formula" expression="TOSTRING( BILL_SEQUENCE_NUM )"/>
            </ComputeDef>
        </OperationsDef>
        <OutputsDef>
            <OutputDef id="compute.output" from="compute.compute13" passthru="true" decryptSecuredValues="false"/>
        </OutputsDef>
    </PipelineDef>
    <PipelineDef id="select2">
        <InputsDef>
            <InputDef id="select2.input" fromOutputId="compute.output"/>
        </InputsDef>
        <OperationsDef>
            <SelectDef from="select2.input" id="select2.select" countOutput="true">
                <SelectFields>
                    <FieldRef>EXTERNAL_ID</FieldRef>
                    <FieldRef>ACCOUNT_NO_1</FieldRef>
                    <FieldRef>EXTERNAL_ID_TYPE_1</FieldRef>
                    <FieldRef>IS_CURRENT_1</FieldRef>
                    <FieldRef>ACTIVE_DATE_1</FieldRef>
                    <FieldRef>INACTIVE_DATE_1</FieldRef>
                    <FieldRef>BILL_LNAME</FieldRef>
                    <FieldRef>CURRENCY_CODE_1</FieldRef>
                    <FieldRef>CONTACT1_PHONE</FieldRef>
                    <FieldRef>BILL_TITLE</FieldRef>
                    <FieldRef>ACCOUNT_TYPE_1</FieldRef>
                    <FieldRef>BILL_FNAME</FieldRef>
                    <FieldRef>PARENT_ID_1</FieldRef>
                    <FieldRef>BILL_SEQUENCE_NUM_1</FieldRef>
                    <FieldRef>Data_Key</FieldRef>
                    <FieldDataType>STRING</FieldDataType>
                    <FieldDataType>STRING</FieldDataType>
                    <FieldDataType>STRING</FieldDataType>
                    <FieldDataType>STRING</FieldDataType>
                    <FieldDataType>STRING</FieldDataType>
                    <FieldDataType>STRING</FieldDataType>
                    <FieldDataType>STRING</FieldDataType>
                    <FieldDataType>STRING</FieldDataType>
                    <FieldDataType>STRING</FieldDataType>
                    <FieldDataType>STRING</FieldDataType>
                    <FieldDataType>STRING</FieldDataType>
                    <FieldDataType>STRING</FieldDataType>
                    <FieldDataType>STRING</FieldDataType>
                    <FieldDataType>STRING</FieldDataType>
                    <FieldDataType>STRING</FieldDataType>
                    <EncryptField>false</EncryptField>
                    <EncryptField>false</EncryptField>
                    <EncryptField>false</EncryptField>
                    <EncryptField>false</EncryptField>
                    <EncryptField>false</EncryptField>
                    <EncryptField>false</EncryptField>
                    <EncryptField>false</EncryptField>
                    <EncryptField>false</EncryptField>
                    <EncryptField>false</EncryptField>
                    <EncryptField>false</EncryptField>
                    <EncryptField>false</EncryptField>
                    <EncryptField>false</EncryptField>
                    <EncryptField>false</EncryptField>
                    <EncryptField>false</EncryptField>
                    <EncryptField>false</EncryptField>
                </SelectFields>
            </SelectDef>
        </OperationsDef>
        <OutputsDef>
            <OutputDef id="select2.output" from="select2.select" passthru="true" decryptSecuredValues="false"/>
        </OutputsDef>
    </PipelineDef>
    <PipelineDef id="rename">
        <InputsDef>
            <InputDef id="rename.input" fromOutputId="select2.output"/>
        </InputsDef>
        <OperationsDef>
            <RenameDef from="rename.input" id="rename.rename" countOutput="true">
                <FromFields>
                    <FieldRef>ACCOUNT_NO_1</FieldRef>
                    <FieldRef>EXTERNAL_ID_TYPE_1</FieldRef>
                    <FieldRef>IS_CURRENT_1</FieldRef>
                    <FieldRef>ACTIVE_DATE_1</FieldRef>
                    <FieldRef>INACTIVE_DATE_1</FieldRef>
                    <FieldRef>CURRENCY_CODE_1</FieldRef>
                    <FieldRef>ACCOUNT_TYPE_1</FieldRef>
                    <FieldRef>PARENT_ID_1</FieldRef>
                    <FieldRef>BILL_SEQUENCE_NUM_1</FieldRef>
                </FromFields>
                <ToFields>
                    <FieldRef>ACCOUNT_NO</FieldRef>
                    <FieldRef>EXTERNAL_ID_TYPE</FieldRef>
                    <FieldRef>IS_CURRENT</FieldRef>
                    <FieldRef>ACTIVE_DATE</FieldRef>
                    <FieldRef>INACTIVE_DATE</FieldRef>
                    <FieldRef>CURRENCY_CODE</FieldRef>
                    <FieldRef>ACCOUNT_TYPE</FieldRef>
                    <FieldRef>PARENT_ID</FieldRef>
                    <FieldRef>BILL_SEQUENCE_NUM</FieldRef>
                </ToFields>
                <OutputFields>
                    <FieldRef>EXTERNAL_ID</FieldRef>
                    <FieldRef>ACCOUNT_NO</FieldRef>
                    <FieldRef>EXTERNAL_ID_TYPE</FieldRef>
                    <FieldRef>IS_CURRENT</FieldRef>
                    <FieldRef>ACTIVE_DATE</FieldRef>
                    <FieldRef>INACTIVE_DATE</FieldRef>
                    <FieldRef>BILL_LNAME</FieldRef>
                    <FieldRef>CURRENCY_CODE</FieldRef>
                    <FieldRef>CONTACT1_PHONE</FieldRef>
                    <FieldRef>BILL_TITLE</FieldRef>
                    <FieldRef>ACCOUNT_TYPE</FieldRef>
                    <FieldRef>BILL_FNAME</FieldRef>
                    <FieldRef>PARENT_ID</FieldRef>
                    <FieldRef>BILL_SEQUENCE_NUM</FieldRef>
                    <FieldRef>Data_Key</FieldRef>
                    <FieldRef>ACCOUNT_NO</FieldRef>
                    <FieldRef>EXTERNAL_ID_TYPE</FieldRef>
                    <FieldRef>IS_CURRENT</FieldRef>
                    <FieldRef>ACTIVE_DATE</FieldRef>
                    <FieldRef>INACTIVE_DATE</FieldRef>
                    <FieldRef>CURRENCY_CODE</FieldRef>
                    <FieldRef>ACCOUNT_TYPE</FieldRef>
                    <FieldRef>PARENT_ID</FieldRef>
                    <FieldRef>BILL_SEQUENCE_NUM</FieldRef>
                </OutputFields>
            </RenameDef>
        </OperationsDef>
        <OutputsDef>
            <OutputDef id="rename.output" from="rename.rename" passthru="true" decryptSecuredValues="false"/>
        </OutputsDef>
    </PipelineDef>
    <PipelineDef id="reshape">
        <InputsDef>
            <InputDef id="reshape.input" fromOutputId="rename.output"/>
        </InputsDef>
        <OperationsDef>
            <ReshapeDef from="reshape.input" id="reshape.reshape" countOutput="true">
                <ColumnToRow>
                    <ShiftingFieldGroup toFieldName="FieldValue" toLabelFieldName="FieldName">
                        <FromFields>
                            <FieldRef>EXTERNAL_ID</FieldRef>
                            <FieldRef>ACCOUNT_NO</FieldRef>
                            <FieldRef>EXTERNAL_ID_TYPE</FieldRef>
                            <FieldRef>IS_CURRENT</FieldRef>
                            <FieldRef>ACTIVE_DATE</FieldRef>
                            <FieldRef>INACTIVE_DATE</FieldRef>
                            <FieldRef>BILL_LNAME</FieldRef>
                            <FieldRef>CURRENCY_CODE</FieldRef>
                            <FieldRef>CONTACT1_PHONE</FieldRef>
                            <FieldRef>BILL_TITLE</FieldRef>
                            <FieldRef>ACCOUNT_TYPE</FieldRef>
                            <FieldRef>BILL_FNAME</FieldRef>
                            <FieldRef>PARENT_ID</FieldRef>
                            <FieldRef>BILL_SEQUENCE_NUM</FieldRef>
                        </FromFields>
                    </ShiftingFieldGroup>
                </ColumnToRow>
            </ReshapeDef>
        </OperationsDef>
        <OutputsDef>
            <OutputDef id="reshape.output" from="reshape.reshape" passthru="true" decryptSecuredValues="false"/>
        </OutputsDef>
    </PipelineDef>
    <PipelineDef id="select">
        <InputsDef>
            <InputDef id="select.input" fromOutputId="reshape.output"/>
        </InputsDef>
        <OperationsDef>
            <SelectDef from="select.input" id="select.select" countOutput="true">
                <SelectFields>
                    <FieldRef>FieldValue</FieldRef>
                    <FieldRef>FieldName</FieldRef>
                    <FieldRef>Data_Key</FieldRef>
                    <FieldDataType>STRING</FieldDataType>
                    <FieldDataType>STRING</FieldDataType>
                    <FieldDataType>STRING</FieldDataType>
                    <EncryptField>false</EncryptField>
                    <EncryptField>false</EncryptField>
                    <EncryptField>false</EncryptField>
                </SelectFields>
            </SelectDef>
            <ComputeDef from="select.select" id="select.compute1" countOutput="false">
                <ComputedField>Batch_Identifier</ComputedField>
                <ComputedFieldDataType>STRING</ComputedFieldDataType>
                <ExpressionDef lang="formula" expression="SUBSTRING( CURRENT_TIMESTAMP(),0,10 )"/>
            </ComputeDef>
            <ComputeDef from="select.compute1" id="select.compute2" countOutput="false">
                <ComputedField>PM_DATA_ENTITY</ComputedField>
                <ComputedFieldDataType>STRING</ComputedFieldDataType>
                <ExpressionDef lang="formula" expression="RUNTIME('PM_DATA_ENTITY')"/>
            </ComputeDef>
        </OperationsDef>
        <OutputsDef>
            <OutputDef id="select.output" from="select.compute2" passthru="true" decryptSecuredValues="false"/>
        </OutputsDef>
    </PipelineDef>
    <PipelineDef id="dataStore2">
        <InputsDef>
            <InputDef id="dataStore2.input">
                <DataStoreRef name="5701bcaf6cd8495fa5dd949d6287da35" owningMemberId="1000" dataLoadRange="ALL">
                    <SourceFilter/>
                </DataStoreRef>
            </InputDef>
        </InputsDef>
        <OperationsDef>
            <SelectDef from="dataStore2.input" id="dataStore2.select" countOutput="false">
                <SelectFields>
                    <FieldRef>KEY</FieldRef>
                    <FieldRef>VALUE</FieldRef>
                    <FieldRef>D3S_PROCESS_ID</FieldRef>
                    <FieldRef>D3S_WORK_ID</FieldRef>
                    <FieldRef>D3S_RECORD_ID</FieldRef>
                    <FieldRef>D3S_SYSTEM_CREATED_TS</FieldRef>
                    <FieldRef>D3S_USER_DEFINED_1</FieldRef>
                    <FieldRef>D3S_USER_DEFINED_2</FieldRef>
                    <FieldRef>D3S_USER_DEFINED_3</FieldRef>
                    <FieldRef>D3S_USER_DEFINED_4</FieldRef>
                    <FieldRef>D3S_USER_DEFINED_5</FieldRef>
                    <FieldRef>D3S_USER_DEFINED_6</FieldRef>
                    <FieldRef>D3S_USER_DEFINED_7</FieldRef>
                    <FieldRef>D3S_USER_DEFINED_8</FieldRef>
                    <FieldRef>D3S_USER_DEFINED_9</FieldRef>
                    <FieldRef>D3S_USER_DEFINED_10</FieldRef>
                    <FieldRef>D3S_USER_DEFINED_11</FieldRef>
                    <FieldRef>D3S_USER_DEFINED_12</FieldRef>
                    <FieldDataType>STRING</FieldDataType>
                    <FieldDataType>STRING</FieldDataType>
                    <FieldDataType>STRING</FieldDataType>
                    <FieldDataType>STRING</FieldDataType>
                    <FieldDataType>STRING</FieldDataType>
                    <FieldDataType>DATETIME</FieldDataType>
                    <FieldDataType>BIGINTEGER</FieldDataType>
                    <FieldDataType>BIGINTEGER</FieldDataType>
                    <FieldDataType>DATE</FieldDataType>
                    <FieldDataType>DATE</FieldDataType>
                    <FieldDataType>DATETIME</FieldDataType>
                    <FieldDataType>DATETIME</FieldDataType>
                    <FieldDataType>STRING</FieldDataType>
                    <FieldDataType>STRING</FieldDataType>
                    <FieldDataType>STRING</FieldDataType>
                    <FieldDataType>STRING</FieldDataType>
                    <FieldDataType>STRING</FieldDataType>
                    <FieldDataType>STRING</FieldDataType>
                </SelectFields>
            </SelectDef>
        </OperationsDef>
        <OutputsDef>
            <OutputDef id="dataStore2.output" from="dataStore2.select" passthru="true" decryptSecuredValues="false"/>
        </OutputsDef>
    </PipelineDef>
    <PipelineDef id="sql">
        <InputsDef>
            <InputDef id="sql.input" fromOutputId="dataStore2.output"/>
        </InputsDef>
        <OperationsDef>
            <SqlDef id="sql.sql" countOutput="true">
                <SourceDef name="d" from="sql.input">
                    <InputFields>
                        <FieldRef>KEY</FieldRef>
                        <FieldRef>VALUE</FieldRef>
                        <FieldRef>D3S_PROCESS_ID</FieldRef>
                        <FieldRef>D3S_WORK_ID</FieldRef>
                        <FieldRef>D3S_RECORD_ID</FieldRef>
                        <FieldRef>D3S_SYSTEM_CREATED_TS</FieldRef>
                        <FieldRef>D3S_USER_DEFINED_1</FieldRef>
                        <FieldRef>D3S_USER_DEFINED_2</FieldRef>
                        <FieldRef>D3S_USER_DEFINED_3</FieldRef>
                        <FieldRef>D3S_USER_DEFINED_4</FieldRef>
                        <FieldRef>D3S_USER_DEFINED_5</FieldRef>
                        <FieldRef>D3S_USER_DEFINED_6</FieldRef>
                        <FieldRef>D3S_USER_DEFINED_7</FieldRef>
                        <FieldRef>D3S_USER_DEFINED_8</FieldRef>
                        <FieldRef>D3S_USER_DEFINED_9</FieldRef>
                        <FieldRef>D3S_USER_DEFINED_10</FieldRef>
                        <FieldRef>D3S_USER_DEFINED_11</FieldRef>
                        <FieldRef>D3S_USER_DEFINED_12</FieldRef>
                        <FieldDataType>STRING</FieldDataType>
                        <FieldDataType>STRING</FieldDataType>
                        <FieldDataType>STRING</FieldDataType>
                        <FieldDataType>STRING</FieldDataType>
                        <FieldDataType>STRING</FieldDataType>
                        <FieldDataType>DATETIME</FieldDataType>
                        <FieldDataType>BIGINTEGER</FieldDataType>
                        <FieldDataType>BIGINTEGER</FieldDataType>
                        <FieldDataType>DATE</FieldDataType>
                        <FieldDataType>DATE</FieldDataType>
                        <FieldDataType>DATETIME</FieldDataType>
                        <FieldDataType>DATETIME</FieldDataType>
                        <FieldDataType>STRING</FieldDataType>
                        <FieldDataType>STRING</FieldDataType>
                        <FieldDataType>STRING</FieldDataType>
                        <FieldDataType>STRING</FieldDataType>
                        <FieldDataType>STRING</FieldDataType>
                        <FieldDataType>STRING</FieldDataType>
                        <EncryptField>false</EncryptField>
                        <EncryptField>false</EncryptField>
                        <EncryptField>false</EncryptField>
                        <EncryptField>false</EncryptField>
                        <EncryptField>false</EncryptField>
                        <EncryptField>false</EncryptField>
                        <EncryptField>false</EncryptField>
                        <EncryptField>false</EncryptField>
                        <EncryptField>false</EncryptField>
                        <EncryptField>false</EncryptField>
                        <EncryptField>false</EncryptField>
                        <EncryptField>false</EncryptField>
                        <EncryptField>false</EncryptField>
                        <EncryptField>false</EncryptField>
                        <EncryptField>false</EncryptField>
                        <EncryptField>false</EncryptField>
                        <EncryptField>false</EncryptField>
                        <EncryptField>false</EncryptField>
                    </InputFields>
                </SourceDef>
                <Sql>select CURRENT_TIMESTAMP AS Run_Date from d limit 1</Sql>
                <OutputFields>
                    <FieldRef>Run_Date</FieldRef>
                    <FieldDataType>DATETIME</FieldDataType>
                    <NestedFields xmlns:xsi="http://www.w3.org/2001/XMLSchema-instance" xsi:nil="true"/>
                    <EncryptField>false</EncryptField>
                </OutputFields>
            </SqlDef>
        </OperationsDef>
        <OutputsDef>
            <OutputDef id="sql.output" from="sql.sql" passthru="true" decryptSecuredValues="false"/>
        </OutputsDef>
    </PipelineDef>
    <PipelineDef id="sql2">
        <InputsDef>
            <InputDef id="sql2.input" fromOutputId="sql.output"/>
            <InputDef id="sql2.input.1" fromOutputId="select.output"/>
        </InputsDef>
        <OperationsDef>
            <SqlDef id="sql2.sql" countOutput="true">
                <SourceDef name="left" from="sql2.input">
                    <InputFields>
                        <FieldRef>Run_Date</FieldRef>
                        <FieldDataType>DATETIME</FieldDataType>
                        <EncryptField>false</EncryptField>
                    </InputFields>
                </SourceDef>
                <SourceDef name="right" from="sql2.input.1">
                    <InputFields>
                        <FieldRef>FieldValue</FieldRef>
                        <FieldRef>FieldName</FieldRef>
                        <FieldRef>Data_Key</FieldRef>
                        <FieldRef>Batch_Identifier</FieldRef>
                        <FieldRef>PM_DATA_ENTITY</FieldRef>
                        <FieldDataType>STRING</FieldDataType>
                        <FieldDataType>STRING</FieldDataType>
                        <FieldDataType>STRING</FieldDataType>
                        <FieldDataType>STRING</FieldDataType>
                        <FieldDataType>STRING</FieldDataType>
                        <EncryptField>false</EncryptField>
                        <EncryptField>false</EncryptField>
                        <EncryptField>false</EncryptField>
                        <EncryptField>false</EncryptField>
                        <EncryptField>false</EncryptField>
                    </InputFields>
                </SourceDef>
                <Sql>Select left.*,right.* from left cross join right</Sql>
                <OutputFields>
                    <FieldRef>FieldValue</FieldRef>
                    <FieldRef>FieldName</FieldRef>
                    <FieldRef>Data_Key</FieldRef>
                    <FieldRef>Batch_Identifier</FieldRef>
                    <FieldRef>PM_DATA_ENTITY</FieldRef>
                    <FieldRef>Run_Date</FieldRef>
                    <FieldDataType>STRING</FieldDataType>
                    <FieldDataType>STRING</FieldDataType>
                    <FieldDataType>STRING</FieldDataType>
                    <FieldDataType>STRING</FieldDataType>
                    <FieldDataType>STRING</FieldDataType>
                    <FieldDataType>DATETIME</FieldDataType>
                    <NestedFields xmlns:xsi="http://www.w3.org/2001/XMLSchema-instance" xsi:nil="true"/>
                    <NestedFields xmlns:xsi="http://www.w3.org/2001/XMLSchema-instance" xsi:nil="true"/>
                    <NestedFields xmlns:xsi="http://www.w3.org/2001/XMLSchema-instance" xsi:nil="true"/>
                    <NestedFields xmlns:xsi="http://www.w3.org/2001/XMLSchema-instance" xsi:nil="true"/>
                    <NestedFields xmlns:xsi="http://www.w3.org/2001/XMLSchema-instance" xsi:nil="true"/>
                    <NestedFields xmlns:xsi="http://www.w3.org/2001/XMLSchema-instance" xsi:nil="true"/>
                    <EncryptField>false</EncryptField>
                    <EncryptField>false</EncryptField>
                    <EncryptField>false</EncryptField>
                    <EncryptField>false</EncryptField>
                    <EncryptField>false</EncryptField>
                    <EncryptField>false</EncryptField>
                </OutputFields>
            </SqlDef>
        </OperationsDef>
        <OutputsDef>
            <OutputDef id="sql2.output" from="sql2.sql" passthru="true" decryptSecuredValues="false"/>
        </OutputsDef>
    </PipelineDef>
    <PipelineDef id="includeAnalysis-ph0">
        <InputsDef>
            <InputDef id="includeAnalysis-ph0.input" fromOutputId="sql2.output"/>
        </InputsDef>
        <OperationsDef>
            <MappingDef placeholderNodeId="placeholderInput" from="includeAnalysis-ph0.input" id="includeAnalysis-ph0.placeholdermapping" countOutput="true">
                <FromFields>
                    <FieldRef>Run_Date</FieldRef>
                    <FieldRef>PM_DATA_ENTITY</FieldRef>
                    <FieldRef>FieldValue</FieldRef>
                    <FieldRef>FieldName</FieldRef>
                    <FieldRef>Data_Key</FieldRef>
                    <FieldRef>Batch_Identifier</FieldRef>
                </FromFields>
                <ToFields>
                    <FieldRef>Run_Date</FieldRef>
                    <FieldRef>PM_DATA_ENTITY</FieldRef>
                    <FieldRef>FieldValue</FieldRef>
                    <FieldRef>FieldName</FieldRef>
                    <FieldRef>Data_Key</FieldRef>
                    <FieldRef>Batch_Identifier</FieldRef>
                </ToFields>
                <OutputFields/>
            </MappingDef>
        </OperationsDef>
        <OutputsDef>
            <OutputDef id="includeAnalysis-ph0.output" from="includeAnalysis-ph0.placeholdermapping" passthru="true" decryptSecuredValues="false"/>
        </OutputsDef>
    </PipelineDef>
    <PipelineDef id="includeAnalysis">
        <InputsDef>
            <InputDef id="includeAnalysis.input" fromOutputId="$NESTED_ANALYSIS_OUTPUT_ID$"/>
        </InputsDef>
        <OperationsDef>
            <MappingDef placeholderNodeId="placeholderOutput" from="includeAnalysis.input" id="includeAnalysis.placeholdermapping.$includeAnalysis-p1" countOutput="true">
                <FromFields/>
                <ToFields/>
                <OutputFields/>
            </MappingDef>
        </OperationsDef>
        <OutputsDef>
            <OutputDef id="includeAnalysis.output" from="includeAnalysis.placeholdermapping.$includeAnalysis-p1" passthru="true" decryptSecuredValues="false"/>
        </OutputsDef>
    </PipelineDef>
    <PipelineDef id="dataStoreOutput">
        <InputsDef>
            <InputDef id="dataStoreOutput.input" fromOutputId="includeAnalysis.output"/>
        </InputsDef>
        <OperationsDef>
            <RenameDef from="dataStoreOutput.input" id="dataStoreOutput.rename" countOutput="false">
                <FromFields>
                    <FieldRef>DATA_KEY</FieldRef>
                    <FieldRef>RUN_TIMESTAMP</FieldRef>
                    <FieldRef>DATA_ENTITY_NAME</FieldRef>
                    <FieldRef>DATA_ENTITY_UID</FieldRef>
                    <FieldRef>DATA_ELEMENT_NAME</FieldRef>
                    <FieldRef>DATA_ELEMENT_UID</FieldRef>
                    <FieldRef>DATA_ELEMENT_GROUP</FieldRef>
                    <FieldRef>DATA_ELEMENT_GROUP_RULE_TYPE</FieldRef>
                    <FieldRef>RULE_NAME</FieldRef>
                    <FieldRef>RULE_UID</FieldRef>
                    <FieldRef>DIMENSION</FieldRef>
                    <FieldRef>DATA_BATCH_IDENTIFIER</FieldRef>
                    <FieldRef>IGX_SYSTEM_CREATED_TS</FieldRef>
                    <FieldRef>IGX_PROCESS_ID</FieldRef>
                    <FieldRef>IGX_WORK_ID</FieldRef>
                    <FieldRef>RULE_RESULT</FieldRef>
                    <FieldRef>PRECONDITION_RESULT</FieldRef>
                    <FieldRef>RULE_RESULT_TRANSFORMED</FieldRef>
                    <FieldRef>FAIL_DESCRIPTION</FieldRef>
                    <FieldRef>IGX_SYSTEM_RECORD_VERSION</FieldRef>
                </FromFields>
                <ToFields>
                    <FieldRef>DATA_KEY</FieldRef>
                    <FieldRef>RUN_TIMESTAMP</FieldRef>
                    <FieldRef>DATA_ENTITY_NAME</FieldRef>
                    <FieldRef>DATA_ENTITY_UID</FieldRef>
                    <FieldRef>DATA_ELEMENT_NAME</FieldRef>
                    <FieldRef>DATA_ELEMENT_UID</FieldRef>
                    <FieldRef>DATA_ELEMENT_GROUP</FieldRef>
                    <FieldRef>DATA_ELEMENT_GROUP_RULE_TYPE</FieldRef>
                    <FieldRef>RULE_NAME</FieldRef>
                    <FieldRef>RULE_UID</FieldRef>
                    <FieldRef>DIMENSION</FieldRef>
                    <FieldRef>DATA_BATCH_IDENTIFIER</FieldRef>
                    <FieldRef>IGX_SYSTEM_CREATED_TS</FieldRef>
                    <FieldRef>IGX_PROCESS_ID</FieldRef>
                    <FieldRef>IGX_WORK_ID</FieldRef>
                    <FieldRef>RULE_RESULT</FieldRef>
                    <FieldRef>PRECONDITION_RESULT</FieldRef>
                    <FieldRef>RULE_RESULT_TRANSFORMED</FieldRef>
                    <FieldRef>RULE_INPUT_VALUES</FieldRef>
                    <FieldRef>IGX_SYSTEM_RECORD_VERSION</FieldRef>
                </ToFields>
                <OutputFields>
                    <FieldRef>DATA_KEY</FieldRef>
                    <FieldRef>RUN_TIMESTAMP</FieldRef>
                    <FieldRef>DATA_ENTITY_NAME</FieldRef>
                    <FieldRef>DATA_ENTITY_UID</FieldRef>
                    <FieldRef>DATA_ELEMENT_NAME</FieldRef>
                    <FieldRef>DATA_ELEMENT_UID</FieldRef>
                    <FieldRef>DATA_ELEMENT_GROUP</FieldRef>
                    <FieldRef>DATA_ELEMENT_GROUP_RULE_TYPE</FieldRef>
                    <FieldRef>RULE_NAME</FieldRef>
                    <FieldRef>RULE_UID</FieldRef>
                    <FieldRef>DIMENSION</FieldRef>
                    <FieldRef>DATA_BATCH_IDENTIFIER</FieldRef>
                    <FieldRef>IGX_SYSTEM_CREATED_TS</FieldRef>
                    <FieldRef>IGX_PROCESS_ID</FieldRef>
                    <FieldRef>IGX_WORK_ID</FieldRef>
                    <FieldRef>RULE_RESULT</FieldRef>
                    <FieldRef>PRECONDITION_RESULT</FieldRef>
                    <FieldRef>RULE_RESULT_TRANSFORMED</FieldRef>
                    <FieldRef>RULE_INPUT_VALUES</FieldRef>
                    <FieldRef>IGX_SYSTEM_RECORD_VERSION</FieldRef>
                </OutputFields>
            </RenameDef>
        </OperationsDef>
        <OutputsDef>
            <OutputDef id="dataStoreOutput.output" from="dataStoreOutput.rename" passthru="false" maxNumOutputPartitions="1" decryptSecuredValues="false">
                <DataStoreRef name="3430d4bc6c4248c687cea9a79e231e0f" owningMemberId="1000">
                    <FieldsToUpdate>
                        <FieldRef>DATA_KEY</FieldRef>
                        <FieldRef>RUN_TIMESTAMP</FieldRef>
                        <FieldRef>DATA_ENTITY_NAME</FieldRef>
                        <FieldRef>DATA_ENTITY_UID</FieldRef>
                        <FieldRef>DATA_ELEMENT_NAME</FieldRef>
                        <FieldRef>DATA_ELEMENT_UID</FieldRef>
                        <FieldRef>DATA_ELEMENT_GROUP</FieldRef>
                        <FieldRef>DATA_ELEMENT_GROUP_RULE_TYPE</FieldRef>
                        <FieldRef>RULE_NAME</FieldRef>
                        <FieldRef>RULE_UID</FieldRef>
                        <FieldRef>DIMENSION</FieldRef>
                        <FieldRef>DATA_BATCH_IDENTIFIER</FieldRef>
                        <FieldRef>IGX_SYSTEM_CREATED_TS</FieldRef>
                        <FieldRef>IGX_PROCESS_ID</FieldRef>
                        <FieldRef>IGX_WORK_ID</FieldRef>
                        <FieldRef>RULE_RESULT</FieldRef>
                        <FieldRef>PRECONDITION_RESULT</FieldRef>
                        <FieldRef>RULE_RESULT_TRANSFORMED</FieldRef>
                        <FieldRef>RULE_INPUT_VALUES</FieldRef>
                        <FieldRef>IGX_SYSTEM_RECORD_VERSION</FieldRef>
                        <FieldDataType>STRING</FieldDataType>
                        <FieldDataType>DATETIME</FieldDataType>
                        <FieldDataType>STRING</FieldDataType>
                        <FieldDataType>STRING</FieldDataType>
                        <FieldDataType>STRING</FieldDataType>
                        <FieldDataType>STRING</FieldDataType>
                        <FieldDataType>STRING</FieldDataType>
                        <FieldDataType>STRING</FieldDataType>
                        <FieldDataType>STRING</FieldDataType>
                        <FieldDataType>STRING</FieldDataType>
                        <FieldDataType>STRING</FieldDataType>
                        <FieldDataType>STRING</FieldDataType>
                        <FieldDataType>DATETIME</FieldDataType>
                        <FieldDataType>STRING</FieldDataType>
                        <FieldDataType>STRING</FieldDataType>
                        <FieldDataType>STRING</FieldDataType>
                        <FieldDataType>STRING</FieldDataType>
                        <FieldDataType>STRING</FieldDataType>
                        <FieldDataType>STRING</FieldDataType>
                        <FieldDataType>BIGINTEGER</FieldDataType>
                    </FieldsToUpdate>
                </DataStoreRef>
                <PartitionByFields/>
            </OutputDef>
        </OutputsDef>
    </PipelineDef>
    <PipelineDef id="rename2">
        <InputsDef>
            <InputDef id="rename2.input" fromOutputId="sql.output"/>
        </InputsDef>
        <OperationsDef>
            <RenameDef from="rename2.input" id="rename2.rename" countOutput="true">
                <FromFields>
                    <FieldRef>Run_Date</FieldRef>
                </FromFields>
                <ToFields>
                    <FieldRef>PM_RUN_DATE</FieldRef>
                </ToFields>
                <OutputFields>
                    <FieldRef>PM_RUN_DATE</FieldRef>
                    <FieldRef>PM_RUN_DATE</FieldRef>
                </OutputFields>
            </RenameDef>
        </OperationsDef>
        <OutputsDef>
            <OutputDef id="rename2.output" from="rename2.rename" passthru="true" decryptSecuredValues="false"/>
        </OutputsDef>
    </PipelineDef>
    <PipelineDef id="customCompletionStatus">
        <InputsDef>
            <InputDef id="customCompletionStatus.input" fromOutputId="rename2.output"/>
        </InputsDef>
        <OperationsDef/>
        <OutputsDef>
            <OutputDef id="customCompletionStatus.output" from="customCompletionStatus.input" passthru="false" decryptSecuredValues="false">
                <CustomCompletionStatus/>
            </OutputDef>
        </OutputsDef>
    </PipelineDef>
</ExecutionModel>
