<?xml version="1.0" encoding="UTF-8" standalone="yes"?>
<ExecutionModel xmlns="com/infogix/component/executionengine/export/fdt" id="1dbcdf51681a4a039a82bfcc182ea610_exec">
    <OptionsDef logLimit="100" cacheOperationOutput="true"/>
    <PipelineDef id="dataStore">
        <InputsDef>
            <InputDef id="dataStore.input">
                <DataStoreRef name="41bfa4fa8b294fe9974314de74d3a87f" owningMemberId="1000" dataLoadRange="ALL"/>
            </InputDef>
        </InputsDef>
        <OperationsDef>
            <SelectDef from="dataStore.input" id="dataStore.select" countOutput="false">
                <SelectFields>
                    <FieldRef>PROCESS_CODE</FieldRef>
                    <FieldRef>PROCESS_GROUP</FieldRef>
                    <FieldRef>PROCESS_TYPE</FieldRef>
                    <FieldRef>STATUS</FieldRef>
                    <FieldRef>RUN_START_DATE</FieldRef>
                    <FieldRef>RUN_END_DATE</FieldRef>
                    <FieldRef>FAH_PROCESS_ID</FieldRef>
                    <FieldRef>FAH_SYSTEM_RECORD_VERSION</FieldRef>
                    <FieldDataType>STRING</FieldDataType>
                    <FieldDataType>STRING</FieldDataType>
                    <FieldDataType>STRING</FieldDataType>
                    <FieldDataType>STRING</FieldDataType>
                    <FieldDataType>DATETIME</FieldDataType>
                    <FieldDataType>DATETIME</FieldDataType>
                    <FieldDataType>STRING</FieldDataType>
                    <FieldDataType>BIGINTEGER</FieldDataType>
                </SelectFields>
            </SelectDef>
        </OperationsDef>
        <OutputsDef>
            <OutputDef id="dataStore.output" from="dataStore.select" passthru="true"/>
        </OutputsDef>
    </PipelineDef>
    <PipelineDef id="filter">
        <InputsDef>
            <InputDef id="filter.input" fromOutputId="dataStore.output"/>
        </InputsDef>
        <OperationsDef>
            <FilterDef from="filter.input" id="filter.filter" countOutput="true">
                <ExpressionDef lang="formula" expression="PROCESS_CODE = RUNTIME('PM_PROCESS_CODE')"/>
            </FilterDef>
        </OperationsDef>
        <OutputsDef>
            <OutputDef id="filter.output" from="filter.filter" passthru="true"/>
        </OutputsDef>
    </PipelineDef>
    <PipelineDef id="script">
        <InputsDef>
            <InputDef id="script.input" fromOutputId="filter.output"/>
        </InputsDef>
        <OperationsDef>
            <ScriptDef mimeType="text/javascript" from="script.input" id="script.script" countOutput="true">
                <SelectFields>
                    <FieldRef>PROCESS_CODE</FieldRef>
                    <FieldRef>PROCESS_GROUP</FieldRef>
                    <FieldRef>PROCESS_TYPE</FieldRef>
                    <FieldRef>STATUS</FieldRef>
                    <FieldRef>RUN_START_DATE</FieldRef>
                    <FieldRef>RUN_END_DATE</FieldRef>
                    <FieldRef>FAH_PROCESS_ID</FieldRef>
                    <FieldRef>FAH_SYSTEM_RECORD_VERSION</FieldRef>
                    <FieldDataType>STRING</FieldDataType>
                    <FieldDataType>STRING</FieldDataType>
                    <FieldDataType>STRING</FieldDataType>
                    <FieldDataType>STRING</FieldDataType>
                    <FieldDataType>DATETIME</FieldDataType>
                    <FieldDataType>DATETIME</FieldDataType>
                    <FieldDataType>STRING</FieldDataType>
                    <FieldDataType>BIGINTEGER</FieldDataType>
                </SelectFields>
                <Script>output.PROCESS_CODE = input.PROCESS_CODE;
output.PROCESS_GROUP = input.PROCESS_GROUP;
output.PROCESS_TYPE = input.PROCESS_TYPE;
output.RUN_START_DATE = input.RUN_START_DATE;
output.RUN_END_DATE = CURRENT_TIMESTAMP();
output.FAH_SYSTEM_RECORD_VERSION = input.FAH_SYSTEM_RECORD_VERSION + 1;
//output.STATUS = ;  - It has to be kept blank

output.FAH_PROCESS_ID = RUNTIME('processId');</Script>
                <ScriptInputFields>
                    <FieldRef>PROCESS_CODE</FieldRef>
                    <FieldRef>PROCESS_GROUP</FieldRef>
                    <FieldRef>PROCESS_TYPE</FieldRef>
                    <FieldRef>STATUS</FieldRef>
                    <FieldRef>RUN_START_DATE</FieldRef>
                    <FieldRef>RUN_END_DATE</FieldRef>
                    <FieldRef>FAH_PROCESS_ID</FieldRef>
                    <FieldRef>FAH_SYSTEM_RECORD_VERSION</FieldRef>
                    <FieldDataType>STRING</FieldDataType>
                    <FieldDataType>STRING</FieldDataType>
                    <FieldDataType>STRING</FieldDataType>
                    <FieldDataType>STRING</FieldDataType>
                    <FieldDataType>DATETIME</FieldDataType>
                    <FieldDataType>DATETIME</FieldDataType>
                    <FieldDataType>STRING</FieldDataType>
                    <FieldDataType>BIGINTEGER</FieldDataType>
                </ScriptInputFields>
                <ScriptOutputFields>
                    <FieldRef>PROCESS_CODE</FieldRef>
                    <FieldRef>PROCESS_GROUP</FieldRef>
                    <FieldRef>PROCESS_TYPE</FieldRef>
                    <FieldRef>STATUS</FieldRef>
                    <FieldRef>RUN_START_DATE</FieldRef>
                    <FieldRef>RUN_END_DATE</FieldRef>
                    <FieldRef>FAH_SYSTEM_RECORD_VERSION</FieldRef>
                    <FieldRef>FAH_PROCESS_ID</FieldRef>
                    <FieldDataType>STRING</FieldDataType>
                    <FieldDataType>STRING</FieldDataType>
                    <FieldDataType>STRING</FieldDataType>
                    <FieldDataType>STRING</FieldDataType>
                    <FieldDataType>DATETIME</FieldDataType>
                    <FieldDataType>DATETIME</FieldDataType>
                    <FieldDataType>BIGINTEGER</FieldDataType>
                    <FieldDataType>STRING</FieldDataType>
                </ScriptOutputFields>
                <OutputFields>
                    <FieldRef>PROCESS_CODE</FieldRef>
                    <FieldRef>PROCESS_GROUP</FieldRef>
                    <FieldRef>PROCESS_TYPE</FieldRef>
                    <FieldRef>STATUS</FieldRef>
                    <FieldRef>RUN_START_DATE</FieldRef>
                    <FieldRef>RUN_END_DATE</FieldRef>
                    <FieldRef>FAH_SYSTEM_RECORD_VERSION</FieldRef>
                    <FieldRef>FAH_PROCESS_ID</FieldRef>
                    <FieldDataType>STRING</FieldDataType>
                    <FieldDataType>STRING</FieldDataType>
                    <FieldDataType>STRING</FieldDataType>
                    <FieldDataType>STRING</FieldDataType>
                    <FieldDataType>DATETIME</FieldDataType>
                    <FieldDataType>DATETIME</FieldDataType>
                    <FieldDataType>BIGINTEGER</FieldDataType>
                    <FieldDataType>STRING</FieldDataType>
                </OutputFields>
            </ScriptDef>
        </OperationsDef>
        <OutputsDef>
            <OutputDef id="script.output" from="script.script" passthru="true"/>
        </OutputsDef>
    </PipelineDef>
    <PipelineDef id="dataStoreOutput">
        <InputsDef>
            <InputDef id="dataStoreOutput.input" fromOutputId="script.output"/>
        </InputsDef>
        <OperationsDef>
            <RenameDef from="dataStoreOutput.input" id="dataStoreOutput.rename" countOutput="false">
                <FromFields>
                    <FieldRef>PROCESS_CODE</FieldRef>
                    <FieldRef>PROCESS_GROUP</FieldRef>
                    <FieldRef>PROCESS_TYPE</FieldRef>
                    <FieldRef>STATUS</FieldRef>
                    <FieldRef>RUN_START_DATE</FieldRef>
                    <FieldRef>RUN_END_DATE</FieldRef>
                    <FieldRef>FAH_SYSTEM_RECORD_VERSION</FieldRef>
                    <FieldRef>FAH_PROCESS_ID</FieldRef>
                </FromFields>
                <ToFields>
                    <FieldRef>PROCESS_CODE</FieldRef>
                    <FieldRef>PROCESS_GROUP</FieldRef>
                    <FieldRef>PROCESS_TYPE</FieldRef>
                    <FieldRef>STATUS</FieldRef>
                    <FieldRef>RUN_START_DATE</FieldRef>
                    <FieldRef>RUN_END_DATE</FieldRef>
                    <FieldRef>FAH_SYSTEM_RECORD_VERSION</FieldRef>
                    <FieldRef>FAH_PROCESS_ID</FieldRef>
                </ToFields>
                <OutputFields>
                    <FieldRef>PROCESS_CODE</FieldRef>
                    <FieldRef>PROCESS_GROUP</FieldRef>
                    <FieldRef>PROCESS_TYPE</FieldRef>
                    <FieldRef>STATUS</FieldRef>
                    <FieldRef>RUN_START_DATE</FieldRef>
                    <FieldRef>RUN_END_DATE</FieldRef>
                    <FieldRef>FAH_SYSTEM_RECORD_VERSION</FieldRef>
                    <FieldRef>FAH_PROCESS_ID</FieldRef>
                </OutputFields>
            </RenameDef>
        </OperationsDef>
        <OutputsDef>
            <OutputDef id="dataStoreOutput.output" from="dataStoreOutput.rename" passthru="false" maxNumOutputPartitions="512">
                <DataStoreRef name="41bfa4fa8b294fe9974314de74d3a87f" owningMemberId="1000">
                    <FieldsToUpdate>
                        <FieldRef>PROCESS_CODE</FieldRef>
                        <FieldRef>PROCESS_GROUP</FieldRef>
                        <FieldRef>PROCESS_TYPE</FieldRef>
                        <FieldRef>STATUS</FieldRef>
                        <FieldRef>RUN_START_DATE</FieldRef>
                        <FieldRef>RUN_END_DATE</FieldRef>
                        <FieldRef>FAH_SYSTEM_RECORD_VERSION</FieldRef>
                        <FieldRef>FAH_PROCESS_ID</FieldRef>
                        <FieldDataType>STRING</FieldDataType>
                        <FieldDataType>STRING</FieldDataType>
                        <FieldDataType>STRING</FieldDataType>
                        <FieldDataType>STRING</FieldDataType>
                        <FieldDataType>DATETIME</FieldDataType>
                        <FieldDataType>DATETIME</FieldDataType>
                        <FieldDataType>BIGINTEGER</FieldDataType>
                        <FieldDataType>STRING</FieldDataType>
                    </FieldsToUpdate>
                </DataStoreRef>
            </OutputDef>
        </OutputsDef>
    </PipelineDef>
</ExecutionModel>
