<?xml version="1.0" encoding="UTF-8" standalone="yes"?>
<ns2:ProcessModelDef xmlns="com/infogix/component/processmodel/export/fdt" xmlns:ns2="com.infogix.component.processmodel.export.fdt" displayName="PRC_COMMON_EmailNotificationProcessModel" name="caeedca715394ff1bd96d4214258f4c0">
    <FlowDef>
        <FlowData>{ "class": "go.GraphLinksModel",  "linkFromPortIdProperty": "fromPort",  "linkToPortIdProperty": "toPort",  "modelData": {"position":"-544.8689990997315 -364.8134983062745"},  "nodeDataArray": [ {"key":"externalStartEvent", "category":"externalStartEvent", "typeId":"externalStartEvent", "src":"externalstartevent.svg", "loc":"-500 -70", "displayName":"External Start Event", "origTooltip":"Use for Process Models that will be executed manually.", "tooltip":"Use for Process Models that will be executed manually.", "isNode":true, "isValid":true, "outputPort":[]},{"key":"deleteFromDataStoreTask", "category":"deleteFromDataStoreTask", "typeId":"deleteFromDataStoreTask", "src":"deletefromdatastoretask.svg", "loc":"-370 -70", "displayName":"EMAIL_NOTIFICATIONS_TMP", "origTooltip":"Data Store: EMAIL_NOTIFICATIONS_TMP", "tooltip":"Data Store: EMAIL_NOTIFICATIONS_TMP", "isNode":true, "isValid":true, "outputPort":[], "dataStore":{"objectType":"datastore", "objectName":"c0aa3f99c4b84ea4aa1405c91b4bf7e0", "owningMemberId":"1000"}, "workIdProperty":"", "property":[]},{"key":"executeLeafItemTask", "category":"executeLeafItemTask", "typeId":"executeLeafItemTask", "src":"executeleafitemtask.svg", "loc":"-220 -70", "displayName":"PRC_COMMON_SendEmailNotification", "origTooltip":"Analysis: PRC_COMMON_SendEmailNotification", "tooltip":"Analysis: PRC_COMMON_SendEmailNotification", "isNode":true, "isValid":true, "outputPort":[], "leafItem":{"objectType":"analysis", "objectName":"5754a37d76ca4a6eac380f8f22cb3248", "owningMemberId":"1000"}, "useProcessRefTime":false, "property":[]},{"key":"notifyFromDataStoreTask", "category":"notifyFromDataStoreTask", "typeId":"notifyFromDataStoreTask", "src":"notifyfromdatastoretask.svg", "loc":"20 -80", "displayName":"EMAIL_NOTIFICATIONS_TMP", "origTooltip":"Data Store: EMAIL_NOTIFICATIONS_TMP", "tooltip":"Data Store: EMAIL_NOTIFICATIONS_TMP", "isNode":true, "isValid":true, "outputPort":[], "dataStore":{"objectType":"datastore", "objectName":"c0aa3f99c4b84ea4aa1405c91b4bf7e0", "owningMemberId":"1000"}, "messageField":"SUBJECT", "messageDetailsField":"BODY", "sendToGroupField":"SENT_TO", "workIdProperty":[ "workId" ], "property":[ {"name":"workId", "dataType":"STRING", "value":{"propertyType":"REFPROPERTYVALUE", "refPropertyName":"workId", "refFlowObjectId":"exclusiveGateway"}} ]},{"key":"noneEndEvent", "category":"noneEndEvent", "typeId":"noneEndEvent", "src":"noneendevent.svg", "loc":"220 -80", "displayName":"Success End Event", "origTooltip":"Terminates the Process Model and outputs a success code.", "tooltip":"Terminates the Process Model and outputs a success code.", "isNode":true, "isValid":true, "outputPort":[], "property":[]},{"key":"exclusiveGateway", "category":"exclusiveGateway", "typeId":"exclusiveGateway", "src":"exclusivegateway.svg", "loc":"-90 -70", "displayName":"Exclusive Gateway", "origTooltip":"Routes flow of Process Model to one of two paths.", "tooltip":"Routes flow of Process Model to one of two paths.", "isNode":true, "isValid":true, "outputPort":[], "uiExpressionClause":"IN( {input}.resultType, 'SUCCESS', 'COMPLETED_WITH_ERRORS')", "expression":"IN( input!resultType, 'SUCCESS', 'COMPLETED_WITH_ERRORS')", "property":[ {"name":"workId", "dataType":"STRING", "value":{"propertyType":"REFPROPERTYVALUE", "refPropertyName":"workId", "refFlowObjectId":"executeLeafItemTask"}} ], "positivePortId":"outputTrue"},{"key":"errorEndEvent", "category":"errorEndEvent", "typeId":"errorEndEvent", "src":"errorendevent.svg", "loc":"-10 26.629980468749977", "displayName":"Error End Event", "origTooltip":"Terminates the Process Model and outputs an error code.", "tooltip":"Terminates the Process Model and outputs an error code.", "isNode":true, "isValid":true, "outputPort":[], "property":[]} ],  "linkDataArray": [ {"from":"externalStartEvent", "to":"deleteFromDataStoreTask", "fromPort":"output", "toPort":"input", "displayName":"Link"},{"from":"deleteFromDataStoreTask", "to":"executeLeafItemTask", "fromPort":"output", "toPort":"input", "displayName":"Link"},{"from":"notifyFromDataStoreTask", "to":"noneEndEvent", "fromPort":"output", "toPort":"input", "displayName":"Link"},{"from":"executeLeafItemTask", "to":"exclusiveGateway", "fromPort":"output", "toPort":"input", "displayName":"Link"},{"from":"exclusiveGateway", "to":"notifyFromDataStoreTask", "fromPort":"outputTrue", "toPort":"input", "displayName":"Link"},{"from":"exclusiveGateway", "to":"errorEndEvent", "fromPort":"outputFalse", "toPort":"input", "displayName":"Link"} ]}</FlowData>
    </FlowDef>
    <ProcessDef inheritRefTimeFromStartEvent="false" id="5adc832a40a146f79df1993c2ddf7d7c" displayName="PRC_COMMON_EmailNotificationProcessModel">
        <EventDef xmlns:xsi="http://www.w3.org/2001/XMLSchema-instance" xsi:type="ExternalStartEventDef" id="externalStartEvent" displayName="External Start Event">
            <OutputPort id="output">
                <ConnectionId>31202</ConnectionId>
            </OutputPort>
        </EventDef>
        <EventDef xmlns:xsi="http://www.w3.org/2001/XMLSchema-instance" xsi:type="NoneEndEventDef" id="noneEndEvent" displayName="Success End Event">
            <InputPort id="input">
                <ConnectionId>31204</ConnectionId>
            </InputPort>
        </EventDef>
        <EventDef xmlns:xsi="http://www.w3.org/2001/XMLSchema-instance" xsi:type="ErrorEndEventDef" id="errorEndEvent" displayName="Error End Event">
            <InputPort id="input">
                <ConnectionId>33161</ConnectionId>
            </InputPort>
        </EventDef>
        <ActivityDef xmlns:xsi="http://www.w3.org/2001/XMLSchema-instance" xsi:type="DeleteFromDataStoreTaskDef" id="deleteFromDataStoreTask" displayName="EMAIL_NOTIFICATIONS_TMP">
            <InputPort id="input">
                <ConnectionId>31202</ConnectionId>
            </InputPort>
            <OutputPort id="output">
                <ConnectionId>31203</ConnectionId>
            </OutputPort>
            <LeafItem objectType="datastore" objectName="c0aa3f99c4b84ea4aa1405c91b4bf7e0" owningMemberId="1000"/>
        </ActivityDef>
        <ActivityDef xmlns:xsi="http://www.w3.org/2001/XMLSchema-instance" xsi:type="ExecuteLeafItemTaskDef" useProcessRefTime="false" id="executeLeafItemTask" displayName="PRC_COMMON_SendEmailNotification">
            <InputPort id="input">
                <ConnectionId>31203</ConnectionId>
            </InputPort>
            <OutputPort id="output">
                <ConnectionId>31205</ConnectionId>
            </OutputPort>
            <LeafItem objectType="analysis" objectName="5754a37d76ca4a6eac380f8f22cb3248" owningMemberId="1000"/>
        </ActivityDef>
        <ActivityDef xmlns:xsi="http://www.w3.org/2001/XMLSchema-instance" xsi:type="NotifyFromDataStoreTaskDef" messageField="SUBJECT" messageDetailsField="BODY" sendToGroupField="SENT_TO" id="notifyFromDataStoreTask" displayName="EMAIL_NOTIFICATIONS_TMP">
            <InputPort id="input">
                <ConnectionId>31206</ConnectionId>
            </InputPort>
            <OutputPort id="output">
                <ConnectionId>31204</ConnectionId>
            </OutputPort>
            <Property name="workId" dataType="STRING">
                <Value xsi:type="RefPropertyValueDef" refPropertyName="workId" refFlowObjectId="exclusiveGateway"/>
            </Property>
            <DataStore objectType="datastore" objectName="c0aa3f99c4b84ea4aa1405c91b4bf7e0" owningMemberId="1000"/>
            <workIdProperty>workId</workIdProperty>
        </ActivityDef>
        <GatewayDef xmlns:xsi="http://www.w3.org/2001/XMLSchema-instance" xsi:type="ExclusiveGatewayDef" positivePortId="outputTrue" id="exclusiveGateway" displayName="Exclusive Gateway">
            <InputPort id="input">
                <ConnectionId>31205</ConnectionId>
            </InputPort>
            <OutputPort id="outputTrue">
                <ConnectionId>31206</ConnectionId>
            </OutputPort>
            <OutputPort id="outputFalse">
                <ConnectionId>33161</ConnectionId>
            </OutputPort>
            <Property name="workId" dataType="STRING">
                <Value xsi:type="RefPropertyValueDef" refPropertyName="workId" refFlowObjectId="executeLeafItemTask"/>
            </Property>
            <Expression>IN( input!resultType, 'SUCCESS', 'COMPLETED_WITH_ERRORS')</Expression>
            <uiExpressionClause>IN( {input}.resultType, 'SUCCESS', 'COMPLETED_WITH_ERRORS')</uiExpressionClause>
        </GatewayDef>
        <ConnectionDef xmlns:xsi="http://www.w3.org/2001/XMLSchema-instance" xsi:type="SequenceFlowConnectionDef" id="31202" fromObjectName="externalStartEvent" toObjectName="deleteFromDataStoreTask"/>
        <ConnectionDef xmlns:xsi="http://www.w3.org/2001/XMLSchema-instance" xsi:type="SequenceFlowConnectionDef" id="31203" fromObjectName="deleteFromDataStoreTask" toObjectName="executeLeafItemTask"/>
        <ConnectionDef xmlns:xsi="http://www.w3.org/2001/XMLSchema-instance" xsi:type="SequenceFlowConnectionDef" id="31205" fromObjectName="executeLeafItemTask" toObjectName="exclusiveGateway"/>
        <ConnectionDef xmlns:xsi="http://www.w3.org/2001/XMLSchema-instance" xsi:type="SequenceFlowConnectionDef" id="31206" fromObjectName="exclusiveGateway" toObjectName="notifyFromDataStoreTask"/>
        <ConnectionDef xmlns:xsi="http://www.w3.org/2001/XMLSchema-instance" xsi:type="SequenceFlowConnectionDef" id="31204" fromObjectName="notifyFromDataStoreTask" toObjectName="noneEndEvent"/>
        <ConnectionDef xmlns:xsi="http://www.w3.org/2001/XMLSchema-instance" xsi:type="SequenceFlowConnectionDef" id="33161" fromObjectName="exclusiveGateway" toObjectName="errorEndEvent"/>
    </ProcessDef>
</ns2:ProcessModelDef>
