<?xml version="1.0" encoding="UTF-8" standalone="yes"?>
<ns3:RecordDef xmlns="com/infogix/component/metadatamgmt/export/fdt" xmlns:ns2="com/infogix/component/metadatamgmt/export/fdt/screen" xmlns:ns3="com.infogix.component.metadatamgmt.export.fdt" identityFieldsUnique="false" externallyDefined="false" externallyDefinedIDFields="false" locallyModifiedIDFields="false" allowAccessOnQueryFilterFallthrough="false" allowAccessOnEditFilterFallthrough="false" name="cfb8fd5b392c49a2ae15db573bb0a198_ds" displayName="IGX_DS_DQ_HIERARCHICAL_SCORE">
    <Field xmlns:xsi="http://www.w3.org/2001/XMLSchema-instance" xsi:type="DateTimeFieldDef" formatPattern="yyyy/MM/dd HH:mm:ss.SSS" displayFormatPattern="yyyy/MM/dd HH:mm:ss.SSS" semanticType="" encrypt="false" nameInSource="RUN_TIMESTAMP" system="false" querySynonymsFromGovern="false" name="RUN_TIMESTAMP"/>
    <Field xmlns:xsi="http://www.w3.org/2001/XMLSchema-instance" xsi:type="StringFieldDef" maxLength="255" semanticType="" encrypt="false" nameInSource="RULE_DIMENSION" system="false" querySynonymsFromGovern="false" name="RULE_DIMENSION"/>
    <Field xmlns:xsi="http://www.w3.org/2001/XMLSchema-instance" xsi:type="StringFieldDef" maxLength="255" semanticType="" encrypt="false" nameInSource="RULE_NAME" system="false" querySynonymsFromGovern="false" name="RULE_NAME"/>
    <Field xmlns:xsi="http://www.w3.org/2001/XMLSchema-instance" xsi:type="StringFieldDef" maxLength="255" semanticType="" encrypt="false" nameInSource="RULE_UID" system="false" querySynonymsFromGovern="false" name="RULE_UID"/>
    <Field xmlns:xsi="http://www.w3.org/2001/XMLSchema-instance" xsi:type="StringFieldDef" maxLength="255" semanticType="" encrypt="false" nameInSource="DATA_ELEMENT_NAME" system="false" querySynonymsFromGovern="false" name="DATA_ELEMENT_NAME"/>
    <Field xmlns:xsi="http://www.w3.org/2001/XMLSchema-instance" xsi:type="StringFieldDef" maxLength="255" semanticType="" encrypt="false" nameInSource="DATA_ELEMENT_UID" system="false" querySynonymsFromGovern="false" name="DATA_ELEMENT_UID"/>
    <Field xmlns:xsi="http://www.w3.org/2001/XMLSchema-instance" xsi:type="StringFieldDef" maxLength="255" semanticType="" encrypt="false" nameInSource="DATA_ENTITY_NAME" system="false" querySynonymsFromGovern="false" name="DATA_ENTITY_NAME"/>
    <Field xmlns:xsi="http://www.w3.org/2001/XMLSchema-instance" xsi:type="StringFieldDef" maxLength="255" semanticType="" encrypt="false" nameInSource="DATA_ENTITY_UID" system="false" querySynonymsFromGovern="false" name="DATA_ENTITY_UID"/>
    <Field xmlns:xsi="http://www.w3.org/2001/XMLSchema-instance" xsi:type="StringFieldDef" maxLength="255" semanticType="" encrypt="false" nameInSource="BUSINESS_TERM" system="false" querySynonymsFromGovern="false" name="BUSINESS_TERM"/>
    <Field xmlns:xsi="http://www.w3.org/2001/XMLSchema-instance" xsi:type="StringFieldDef" maxLength="255" semanticType="" encrypt="false" nameInSource="BUSINESS_TERM_UID" system="false" querySynonymsFromGovern="false" name="BUSINESS_TERM_UID"/>
    <Field xmlns:xsi="http://www.w3.org/2001/XMLSchema-instance" xsi:type="StringFieldDef" maxLength="255" semanticType="" encrypt="false" nameInSource="MODEL_NAME" system="false" querySynonymsFromGovern="false" name="MODEL_NAME"/>
    <Field xmlns:xsi="http://www.w3.org/2001/XMLSchema-instance" xsi:type="StringFieldDef" maxLength="255" semanticType="" encrypt="false" nameInSource="MODEL_UID" system="false" querySynonymsFromGovern="false" name="MODEL_UID"/>
    <Field xmlns:xsi="http://www.w3.org/2001/XMLSchema-instance" xsi:type="StringFieldDef" maxLength="255" semanticType="" encrypt="false" nameInSource="OWNER" system="false" querySynonymsFromGovern="false" name="OWNER"/>
    <Field xmlns:xsi="http://www.w3.org/2001/XMLSchema-instance" xsi:type="StringFieldDef" maxLength="255" semanticType="" encrypt="false" nameInSource="OWNER_UID" system="false" querySynonymsFromGovern="false" name="OWNER_UID"/>
    <Field xmlns:xsi="http://www.w3.org/2001/XMLSchema-instance" xsi:type="IntegerFieldDef" semanticType="" encrypt="false" nameInSource="ROW_COUNT" system="false" querySynonymsFromGovern="false" name="ROW_COUNT" displayName=""/>
    <Field xmlns:xsi="http://www.w3.org/2001/XMLSchema-instance" xsi:type="IntegerFieldDef" semanticType="" encrypt="false" nameInSource="PASS_COUNT" system="false" querySynonymsFromGovern="false" name="PASS_COUNT" displayName=""/>
    <Field xmlns:xsi="http://www.w3.org/2001/XMLSchema-instance" xsi:type="IntegerFieldDef" semanticType="" encrypt="false" nameInSource="FAIL_COUNT" system="false" querySynonymsFromGovern="false" name="FAIL_COUNT" displayName=""/>
    <Field xmlns:xsi="http://www.w3.org/2001/XMLSchema-instance" xsi:type="IntegerFieldDef" semanticType="" encrypt="false" nameInSource="SKIP_COUNT" system="false" querySynonymsFromGovern="false" name="SKIP_COUNT" displayName=""/>
    <Field xmlns:xsi="http://www.w3.org/2001/XMLSchema-instance" xsi:type="IntegerFieldDef" semanticType="" encrypt="false" nameInSource="ERROR_COUNT" system="false" querySynonymsFromGovern="false" name="ERROR_COUNT" displayName=""/>
    <Field xmlns:xsi="http://www.w3.org/2001/XMLSchema-instance" xsi:type="StringFieldDef" maxLength="255" semanticType="" encrypt="false" nameInSource="SC_WORKID" system="false" querySynonymsFromGovern="false" name="SC_WORKID"/>
    <Field xmlns:xsi="http://www.w3.org/2001/XMLSchema-instance" xsi:type="StringFieldDef" maxLength="255" semanticType="" encrypt="false" nameInSource="IGX_PROCESS_ID" system="false" querySynonymsFromGovern="false" name="IGX_PROCESS_ID"/>
    <Field xmlns:xsi="http://www.w3.org/2001/XMLSchema-instance" xsi:type="StringFieldDef" maxLength="255" semanticType="" encrypt="false" nameInSource="IGX_WORK_ID" system="false" querySynonymsFromGovern="false" name="IGX_WORK_ID"/>
    <Field xmlns:xsi="http://www.w3.org/2001/XMLSchema-instance" xsi:type="DateTimeFieldDef" formatPattern="yyyy/MM/dd HH:mm:ss.SSS" displayFormatPattern="yyyy/MM/dd HH:mm:ss.SSS" semanticType="" encrypt="false" nameInSource="IGX_SYSTEM_CREATED_TS" system="false" querySynonymsFromGovern="false" name="IGX_SYSTEM_CREATED_TS"/>
</ns3:RecordDef>
