<?xml version="1.0" encoding="UTF-8" standalone="yes"?>
<ns3:RecordDef xmlns="com/infogix/component/metadatamgmt/export/fdt" xmlns:ns2="com/infogix/component/metadatamgmt/export/fdt/screen" xmlns:ns3="com.infogix.component.metadatamgmt.export.fdt" identityFieldsUnique="false" externallyDefined="false" externallyDefinedIDFields="false" locallyModifiedIDFields="false" allowAccessOnQueryFilterFallthrough="false" allowAccessOnEditFilterFallthrough="false" name="210c7c311c384cb2987e0cfa1a759748" displayName="IGX_DB_SCORE_REFRESHER_DTL_LOG">
    <Field xmlns:xsi="http://www.w3.org/2001/XMLSchema-instance" xsi:type="DateTimeFieldDef" timeZone="" encrypt="false" system="false" querySynonymsFromGovern="false" name="RUN_DATE" displayName=""/>
    <Field xmlns:xsi="http://www.w3.org/2001/XMLSchema-instance" xsi:type="StringFieldDef" maxLength="255" semanticType="" encrypt="false" system="false" querySynonymsFromGovern="false" name="ASSET_TYPE_NAME" displayName="ASSET_TYPE_NAME"/>
    <Field xmlns:xsi="http://www.w3.org/2001/XMLSchema-instance" xsi:type="StringFieldDef" maxLength="255" semanticType="" encrypt="false" system="false" querySynonymsFromGovern="false" name="ASSET_TYPE_UID" displayName="ASSET_TYPE_UID"/>
    <Field xmlns:xsi="http://www.w3.org/2001/XMLSchema-instance" xsi:type="StringFieldDef" maxLength="255" semanticType="" encrypt="false" system="false" querySynonymsFromGovern="false" name="ASSET_NAME" displayName="ASSET_NAME"/>
    <Field xmlns:xsi="http://www.w3.org/2001/XMLSchema-instance" xsi:type="StringFieldDef" maxLength="255" semanticType="" encrypt="false" system="false" querySynonymsFromGovern="false" name="ASSET_UID" displayName="ASSET_UID"/>
    <Field xmlns:xsi="http://www.w3.org/2001/XMLSchema-instance" xsi:type="IntegerFieldDef" precision="19" semanticType="" encrypt="false" system="false" querySynonymsFromGovern="false" name="ASSET_NUMBER" displayName="ASSET_NUMBER"/>
    <Field xmlns:xsi="http://www.w3.org/2001/XMLSchema-instance" xsi:type="StringFieldDef" maxLength="255" semanticType="" encrypt="false" system="false" querySynonymsFromGovern="false" name="EXECUTION_ID" displayName="EXECUTION_ID"/>
    <Field xmlns:xsi="http://www.w3.org/2001/XMLSchema-instance" xsi:type="StringFieldDef" maxLength="255" semanticType="" encrypt="false" system="false" querySynonymsFromGovern="false" name="STATUS" displayName="STATUS"/>
    <Field xmlns:xsi="http://www.w3.org/2001/XMLSchema-instance" xsi:type="StringFieldDef" maxLength="255" semanticType="" encrypt="false" system="false" querySynonymsFromGovern="false" name="STATUS_MSG" displayName="STATUS_MSG"/>
    <Field xmlns:xsi="http://www.w3.org/2001/XMLSchema-instance" xsi:type="BigIntegerFieldDef" encrypt="false" system="false" querySynonymsFromGovern="false" name="IGX_SYSTEM_RECORD_VERSION" displayName=""/>
    <Field xmlns:xsi="http://www.w3.org/2001/XMLSchema-instance" xsi:type="DateTimeFieldDef" timeZone="" encrypt="false" system="false" querySynonymsFromGovern="false" name="IGX_SYSTEM_CREATED_TS" displayName=""/>
    <Field xmlns:xsi="http://www.w3.org/2001/XMLSchema-instance" xsi:type="StringFieldDef" maxLength="255" encrypt="false" system="false" querySynonymsFromGovern="false" name="IGX_PROCESS_ID" displayName=""/>
    <Field xmlns:xsi="http://www.w3.org/2001/XMLSchema-instance" xsi:type="StringFieldDef" maxLength="255" encrypt="false" system="false" querySynonymsFromGovern="false" name="IGX_WORK_ID" displayName=""/>
    <IdentityField fieldName="RUN_DATE"/>
    <IdentityField fieldName="ASSET_UID"/>
    <IdentityField fieldName="IGX_SYSTEM_RECORD_VERSION"/>
</ns3:RecordDef>
