<?xml version="1.0" encoding="UTF-8" standalone="yes"?>
<ns3:RecordDef xmlns="com/infogix/component/metadatamgmt/export/fdt" xmlns:ns2="com/infogix/component/metadatamgmt/export/fdt/screen" xmlns:ns3="com.infogix.component.metadatamgmt.export.fdt" identityFieldsUnique="false" allowAccessOnQueryFilterFallthrough="false" allowAccessOnEditFilterFallthrough="false" name="d821c6d18eb54b129681162430a1ae85" displayName="IGX_DS_ASSET_VERSION_TEMP">
    <Field xmlns:xsi="http://www.w3.org/2001/XMLSchema-instance" xsi:type="StringFieldDef" maxLength="255" semanticType="" encrypt="false" system="false" name="ASSET_NAME" displayName="ASSET_NAME"/>
    <Field xmlns:xsi="http://www.w3.org/2001/XMLSchema-instance" xsi:type="StringFieldDef" maxLength="255" semanticType="" encrypt="false" system="false" name="ASSET_UID" displayName="ASSET_UID"/>
    <Field xmlns:xsi="http://www.w3.org/2001/XMLSchema-instance" xsi:type="StringFieldDef" maxLength="255" semanticType="" encrypt="false" system="false" name="ASSET_TYPE" displayName="ASSET_TYPE"/>
    <Field xmlns:xsi="http://www.w3.org/2001/XMLSchema-instance" xsi:type="StringFieldDef" maxLength="255" semanticType="" encrypt="false" system="false" name="ASSET_TYPE_UID" displayName="ASSET_TYPE_UID"/>
    <Field xmlns:xsi="http://www.w3.org/2001/XMLSchema-instance" xsi:type="StringFieldDef" maxLength="255" semanticType="" encrypt="false" system="false" name="ASSET_CLASS" displayName="ASSET_CLASS"/>
    <Field xmlns:xsi="http://www.w3.org/2001/XMLSchema-instance" xsi:type="IntegerFieldDef" precision="19" semanticType="" encrypt="false" system="false" name="Level" displayName="Level"/>
    <Field xmlns:xsi="http://www.w3.org/2001/XMLSchema-instance" xsi:type="DateTimeFieldDef" timeZone="" semanticType="" encrypt="false" system="false" name="ASSET_CREATE_DATE" displayName="ASSET_CREATE_DATE"/>
    <Field xmlns:xsi="http://www.w3.org/2001/XMLSchema-instance" xsi:type="DateTimeFieldDef" timeZone="" semanticType="" encrypt="false" system="false" name="ASSET_UPDATE_DATE" displayName="ASSET_UPDATE_DATE"/>
    <Field xmlns:xsi="http://www.w3.org/2001/XMLSchema-instance" xsi:type="IntegerFieldDef" precision="19" semanticType="" encrypt="false" system="false" name="ASSET_VERSION" displayName="ASSET_VERSION"/>
    <Field xmlns:xsi="http://www.w3.org/2001/XMLSchema-instance" xsi:type="DateTimeFieldDef" timeZone="" semanticType="" encrypt="false" system="false" name="IGX_SYSTEM_CREATED_TS" displayName="IGX_SYSTEM_CREATED_TS"/>
    <Field xmlns:xsi="http://www.w3.org/2001/XMLSchema-instance" xsi:type="StringFieldDef" maxLength="255" semanticType="" encrypt="false" system="false" name="IGX_PROCESS_ID" displayName="IGX_PROCESS_ID"/>
    <Field xmlns:xsi="http://www.w3.org/2001/XMLSchema-instance" xsi:type="StringFieldDef" maxLength="255" semanticType="" encrypt="false" system="false" name="IGX_WORK_ID" displayName="IGX_WORK_ID"/>
    <IdentityField fieldName="ASSET_UID"/>
</ns3:RecordDef>
