<?xml version="1.0" encoding="UTF-8" standalone="yes"?>
<ns3:RecordDef xmlns="com/infogix/component/metadatamgmt/export/fdt" xmlns:ns2="com/infogix/component/metadatamgmt/export/fdt/screen" xmlns:ns3="com.infogix.component.metadatamgmt.export.fdt" identityFieldsUnique="false" externallyDefined="false" externallyDefinedIDFields="false" locallyModifiedIDFields="false" allowAccessOnQueryFilterFallthrough="false" allowAccessOnEditFilterFallthrough="false" name="ae7300787a894b87aa4e58b2f8a02e5d" displayName="CMF_EXT_DATA_Input">
    <Field xmlns:xsi="http://www.w3.org/2001/XMLSchema-instance" xsi:type="BigIntegerFieldDef" encrypt="false" nameInSource="ACCOUNT_NO" system="false" querySynonymsFromGovern="false" name="ACCOUNT_NO"/>
    <Field xmlns:xsi="http://www.w3.org/2001/XMLSchema-instance" xsi:type="BigIntegerFieldDef" encrypt="false" nameInSource="PARAM_ID" system="false" querySynonymsFromGovern="false" name="PARAM_ID"/>
    <Field xmlns:xsi="http://www.w3.org/2001/XMLSchema-instance" xsi:type="StringFieldDef" maxLength="255" encrypt="false" nameInSource="PARAM_VALUE" system="false" querySynonymsFromGovern="false" name="PARAM_VALUE"/>
    <Field xmlns:xsi="http://www.w3.org/2001/XMLSchema-instance" xsi:type="BigIntegerFieldDef" encrypt="false" nameInSource="PARAM_DATATYPE" system="false" querySynonymsFromGovern="false" name="PARAM_DATATYPE"/>
    <Field xmlns:xsi="http://www.w3.org/2001/XMLSchema-instance" xsi:type="StringFieldDef" maxLength="255" encrypt="false" nameInSource="BILL_LNAME" system="false" querySynonymsFromGovern="false" name="BILL_LNAME"/>
    <Field xmlns:xsi="http://www.w3.org/2001/XMLSchema-instance" xsi:type="BigIntegerFieldDef" encrypt="false" nameInSource="CHILD_COUNT" system="false" querySynonymsFromGovern="false" name="CHILD_COUNT" displayName=""/>
    <Field xmlns:xsi="http://www.w3.org/2001/XMLSchema-instance" xsi:type="StringFieldDef" maxLength="255" encrypt="false" nameInSource="CONTACT1_PHONE" system="false" querySynonymsFromGovern="false" name="CONTACT1_PHONE" displayName=""/>
    <Field xmlns:xsi="http://www.w3.org/2001/XMLSchema-instance" xsi:type="BigIntegerFieldDef" encrypt="false" nameInSource="LANGUAGE_CODE" system="false" querySynonymsFromGovern="false" name="LANGUAGE_CODE"/>
    <Field xmlns:xsi="http://www.w3.org/2001/XMLSchema-instance" xsi:type="BigIntegerFieldDef" encrypt="false" nameInSource="ACCOUNT_TYPE" system="false" querySynonymsFromGovern="false" name="ACCOUNT_TYPE" displayName=""/>
    <Field xmlns:xsi="http://www.w3.org/2001/XMLSchema-instance" xsi:type="StringFieldDef" maxLength="255" encrypt="false" nameInSource="BILL_FNAME" system="false" querySynonymsFromGovern="false" name="BILL_FNAME"/>
    <Field xmlns:xsi="http://www.w3.org/2001/XMLSchema-instance" xsi:type="BigIntegerFieldDef" encrypt="false" nameInSource="PARENT_ID" system="false" querySynonymsFromGovern="false" name="PARENT_ID"/>
    <Field xmlns:xsi="http://www.w3.org/2001/XMLSchema-instance" xsi:type="BigIntegerFieldDef" encrypt="false" nameInSource="ACCOUNT_CATEGORY" system="false" querySynonymsFromGovern="false" name="ACCOUNT_CATEGORY"/>
    <Field xmlns:xsi="http://www.w3.org/2001/XMLSchema-instance" xsi:type="BigIntegerFieldDef" encrypt="false" nameInSource="CURRENCY_CODE" system="false" querySynonymsFromGovern="false" name="CURRENCY_CODE"/>
    <IdentityField fieldName="ACCOUNT_NO"/>
    <IdentityField fieldName="PARAM_ID"/>
</ns3:RecordDef>
