<?xml version="1.0" encoding="UTF-8" standalone="yes"?>
<ns3:RecordDef xmlns="com/infogix/component/metadatamgmt/export/fdt" xmlns:ns2="com/infogix/component/metadatamgmt/export/fdt/screen" xmlns:ns3="com.infogix.component.metadatamgmt.export.fdt" identityFieldsUnique="false" externallyDefined="false" externallyDefinedIDFields="false" locallyModifiedIDFields="false" allowAccessOnQueryFilterFallthrough="false" allowAccessOnEditFilterFallthrough="false" name="9c80456dca96455eaca2be884dbad07c" displayName="IGX_DS_DG_HIERARCHY">
    <Field xmlns:xsi="http://www.w3.org/2001/XMLSchema-instance" xsi:type="StringFieldDef" maxLength="255" semanticType="UNKNOWN" encrypt="false" system="false" querySynonymsFromGovern="false" name="ASSET_TYPE_NAME" displayName=""/>
    <Field xmlns:xsi="http://www.w3.org/2001/XMLSchema-instance" xsi:type="StringFieldDef" maxLength="255" semanticType="UNKNOWN" encrypt="false" system="false" querySynonymsFromGovern="false" name="ASSET_TYPE_UID" displayName=""/>
    <Field xmlns:xsi="http://www.w3.org/2001/XMLSchema-instance" xsi:type="StringFieldDef" maxLength="255" semanticType="UNKNOWN" encrypt="false" system="false" querySynonymsFromGovern="false" name="NEXT_ASSET_TYPE_NAME" displayName="NEXT_ASSET_TYPE_NAME"/>
    <Field xmlns:xsi="http://www.w3.org/2001/XMLSchema-instance" xsi:type="StringFieldDef" maxLength="255" semanticType="UNKNOWN" encrypt="false" system="false" querySynonymsFromGovern="false" name="ASSET_NAME" displayName="ASSET_NAME"/>
    <Field xmlns:xsi="http://www.w3.org/2001/XMLSchema-instance" xsi:type="StringFieldDef" maxLength="250" semanticType="UNKNOWN" encrypt="false" system="false" querySynonymsFromGovern="false" name="ASSET_UID" displayName="ASSET_UID"/>
    <Field xmlns:xsi="http://www.w3.org/2001/XMLSchema-instance" xsi:type="StringFieldDef" maxLength="250" semanticType="UNKNOWN" encrypt="false" system="false" querySynonymsFromGovern="false" name="NEXT_ASSET_NAME" displayName="NEXT_ASSET_NAME"/>
    <Field xmlns:xsi="http://www.w3.org/2001/XMLSchema-instance" xsi:type="StringFieldDef" maxLength="250" semanticType="UNKNOWN" encrypt="false" system="false" querySynonymsFromGovern="false" name="NEXT_ASSET_UID" displayName="NEXT_ASSET_UID"/>
    <Field xmlns:xsi="http://www.w3.org/2001/XMLSchema-instance" xsi:type="StringFieldDef" maxLength="255" semanticType="UNKNOWN" encrypt="false" system="false" querySynonymsFromGovern="false" name="ASSET_CLASS" displayName="ASSET_CLASS"/>
    <Field xmlns:xsi="http://www.w3.org/2001/XMLSchema-instance" xsi:type="StringFieldDef" maxLength="255" semanticType="UNKNOWN" encrypt="false" system="false" querySynonymsFromGovern="false" name="NEXT_ASSET_CLASS" displayName="NEXT_ASSET_CLASS"/>
    <Field xmlns:xsi="http://www.w3.org/2001/XMLSchema-instance" xsi:type="StringFieldDef" maxLength="250" semanticType="UNKNOWN" encrypt="false" system="false" querySynonymsFromGovern="false" name="PREDICATE_NAME" displayName="PREDICATE_NAME"/>
    <Field xmlns:xsi="http://www.w3.org/2001/XMLSchema-instance" xsi:type="StringFieldDef" maxLength="255" semanticType="UNKNOWN" encrypt="false" system="false" querySynonymsFromGovern="false" name="PREDICATE_UID" displayName="PREDICATE_UID"/>
    <Field xmlns:xsi="http://www.w3.org/2001/XMLSchema-instance" xsi:type="DecimalFieldDef" roundingType="" semanticType="UNKNOWN" encrypt="false" system="false" querySynonymsFromGovern="false" name="WEIGHTAGE" displayName="WEIGHTAGE"/>
    <Field xmlns:xsi="http://www.w3.org/2001/XMLSchema-instance" xsi:type="StringFieldDef" maxLength="255" semanticType="UNKNOWN" encrypt="false" system="false" querySynonymsFromGovern="false" name="HIERARCHY" displayName="HIERARCHY"/>
    <Field xmlns:xsi="http://www.w3.org/2001/XMLSchema-instance" xsi:type="StringFieldDef" maxLength="255" semanticType="UNKNOWN" encrypt="false" system="false" querySynonymsFromGovern="false" name="D3S_PROCESS_ID" displayName="D3S_PROCESS_ID"/>
    <Field xmlns:xsi="http://www.w3.org/2001/XMLSchema-instance" xsi:type="StringFieldDef" maxLength="255" semanticType="UNKNOWN" encrypt="false" system="false" querySynonymsFromGovern="false" name="D3S_WORK_ID" displayName="D3S_WORK_ID"/>
    <Field xmlns:xsi="http://www.w3.org/2001/XMLSchema-instance" xsi:type="StringFieldDef" maxLength="255" semanticType="UNKNOWN" encrypt="false" system="false" querySynonymsFromGovern="false" name="D3S_RECORD_ID" displayName="D3S_RECORD_ID"/>
    <Field xmlns:xsi="http://www.w3.org/2001/XMLSchema-instance" xsi:type="DateTimeFieldDef" timeZone="" semanticType="UNKNOWN" encrypt="false" system="false" querySynonymsFromGovern="false" name="D3S_SYSTEM_CREATED_TS" displayName="D3S_SYSTEM_CREATED_TS"/>
    <Field xmlns:xsi="http://www.w3.org/2001/XMLSchema-instance" xsi:type="BigIntegerFieldDef" semanticType="UNKNOWN" encrypt="false" system="false" querySynonymsFromGovern="false" name="D3S_USER_DEFINED_1" displayName="D3S_USER_DEFINED_1"/>
    <Field xmlns:xsi="http://www.w3.org/2001/XMLSchema-instance" xsi:type="BigIntegerFieldDef" semanticType="UNKNOWN" encrypt="false" system="false" querySynonymsFromGovern="false" name="D3S_USER_DEFINED_2" displayName="D3S_USER_DEFINED_2"/>
    <Field xmlns:xsi="http://www.w3.org/2001/XMLSchema-instance" xsi:type="DateFieldDef" timeZone="" semanticType="UNKNOWN" encrypt="false" system="false" querySynonymsFromGovern="false" name="D3S_USER_DEFINED_3" displayName="D3S_USER_DEFINED_3"/>
    <Field xmlns:xsi="http://www.w3.org/2001/XMLSchema-instance" xsi:type="DateFieldDef" timeZone="" semanticType="UNKNOWN" encrypt="false" system="false" querySynonymsFromGovern="false" name="D3S_USER_DEFINED_4" displayName="D3S_USER_DEFINED_4"/>
    <Field xmlns:xsi="http://www.w3.org/2001/XMLSchema-instance" xsi:type="DateTimeFieldDef" timeZone="" semanticType="UNKNOWN" encrypt="false" system="false" querySynonymsFromGovern="false" name="D3S_USER_DEFINED_5" displayName="D3S_USER_DEFINED_5"/>
    <Field xmlns:xsi="http://www.w3.org/2001/XMLSchema-instance" xsi:type="DateTimeFieldDef" timeZone="" semanticType="UNKNOWN" encrypt="false" system="false" querySynonymsFromGovern="false" name="D3S_USER_DEFINED_6" displayName="D3S_USER_DEFINED_6"/>
    <Field xmlns:xsi="http://www.w3.org/2001/XMLSchema-instance" xsi:type="StringFieldDef" maxLength="255" semanticType="UNKNOWN" encrypt="false" system="false" querySynonymsFromGovern="false" name="D3S_USER_DEFINED_7" displayName="D3S_USER_DEFINED_7"/>
    <Field xmlns:xsi="http://www.w3.org/2001/XMLSchema-instance" xsi:type="StringFieldDef" maxLength="255" semanticType="UNKNOWN" encrypt="false" system="false" querySynonymsFromGovern="false" name="D3S_USER_DEFINED_8" displayName="D3S_USER_DEFINED_8"/>
    <Field xmlns:xsi="http://www.w3.org/2001/XMLSchema-instance" xsi:type="StringFieldDef" maxLength="255" semanticType="UNKNOWN" encrypt="false" system="false" querySynonymsFromGovern="false" name="D3S_USER_DEFINED_9" displayName="D3S_USER_DEFINED_9"/>
    <Field xmlns:xsi="http://www.w3.org/2001/XMLSchema-instance" xsi:type="StringFieldDef" maxLength="255" semanticType="UNKNOWN" encrypt="false" system="false" querySynonymsFromGovern="false" name="D3S_USER_DEFINED_10" displayName="D3S_USER_DEFINED_10"/>
    <Field xmlns:xsi="http://www.w3.org/2001/XMLSchema-instance" xsi:type="StringFieldDef" maxLength="255" semanticType="UNKNOWN" encrypt="false" system="false" querySynonymsFromGovern="false" name="D3S_USER_DEFINED_11" displayName="D3S_USER_DEFINED_11"/>
    <Field xmlns:xsi="http://www.w3.org/2001/XMLSchema-instance" xsi:type="StringFieldDef" maxLength="255" semanticType="UNKNOWN" encrypt="false" system="false" querySynonymsFromGovern="false" name="D3S_USER_DEFINED_12" displayName="D3S_USER_DEFINED_12"/>
    <Field xmlns:xsi="http://www.w3.org/2001/XMLSchema-instance" xsi:type="StringFieldDef" maxLength="255" semanticType="UNKNOWN" encrypt="false" system="false" name="NEXT_ASSET_TYPE_UID" displayName="NEXT_ASSET_TYPE_UID"/>
    <IdentityField fieldName="ASSET_UID"/>
    <IdentityField fieldName="NEXT_ASSET_UID"/>
    <IdentityField fieldName="PREDICATE_UID"/>
    <IdentityField fieldName="HIERARCHY"/>
</ns3:RecordDef>
