<?xml version="1.0" encoding="UTF-8" standalone="yes"?>
<ns3:RecordDef xmlns="com/infogix/component/metadatamgmt/export/fdt" xmlns:ns2="com/infogix/component/metadatamgmt/export/fdt/screen" xmlns:ns3="com.infogix.component.metadatamgmt.export.fdt" identityFieldsUnique="false" allowAccessOnQueryFilterFallthrough="false" allowAccessOnEditFilterFallthrough="false" name="3d48c2dd9bc24aca8539adee650b5abe" displayName="MAINTENANCE_WINDOW">
    <Field xmlns:xsi="http://www.w3.org/2001/XMLSchema-instance" xsi:type="StringFieldDef" maxLength="255" semanticType="UNKNOWN" encrypt="false" system="false" name="WINDOW_CODE" displayName="WINDOW_CODE"/>
    <Field xmlns:xsi="http://www.w3.org/2001/XMLSchema-instance" xsi:type="StringFieldDef" maxLength="255" semanticType="UNKNOWN" encrypt="false" system="false" name="WINDOW_DESCR" displayName="WINDOW_DESCR"/>
    <Field xmlns:xsi="http://www.w3.org/2001/XMLSchema-instance" xsi:type="StringFieldDef" maxLength="255" semanticType="UNKNOWN" encrypt="false" system="false" name="WINDOW_TYPE" displayName="WINDOW_TYPE"/>
    <Field xmlns:xsi="http://www.w3.org/2001/XMLSchema-instance" xsi:type="StringFieldDef" maxLength="255" semanticType="UNKNOWN" encrypt="false" system="false" name="FREQ" displayName="FREQ"/>
    <Field xmlns:xsi="http://www.w3.org/2001/XMLSchema-instance" xsi:type="StringFieldDef" maxLength="255" semanticType="UNKNOWN" encrypt="false" system="false" name="FREQ_DAYS" displayName="FREQ_DAYS"/>
    <Field xmlns:xsi="http://www.w3.org/2001/XMLSchema-instance" xsi:type="StringFieldDef" maxLength="255" semanticType="UNKNOWN" encrypt="false" system="false" name="WEEK_NO" displayName="WEEK_NO"/>
    <Field xmlns:xsi="http://www.w3.org/2001/XMLSchema-instance" xsi:type="StringFieldDef" maxLength="255" semanticType="UNKNOWN" encrypt="false" system="false" name="START_TIME" displayName="START_TIME"/>
    <Field xmlns:xsi="http://www.w3.org/2001/XMLSchema-instance" xsi:type="BigIntegerFieldDef" semanticType="UNKNOWN" system="false" name="WINDOW_PERIOD" displayName="WINDOW_PERIOD"/>
    <Field xmlns:xsi="http://www.w3.org/2001/XMLSchema-instance" xsi:type="DateTimeFieldDef" timeZone="" semanticType="UNKNOWN" system="false" name="START_DATE" displayName="START_DATE"/>
    <Field xmlns:xsi="http://www.w3.org/2001/XMLSchema-instance" xsi:type="DateTimeFieldDef" timeZone="" semanticType="UNKNOWN" system="false" name="END_DATE" displayName="END_DATE"/>
    <Field xmlns:xsi="http://www.w3.org/2001/XMLSchema-instance" xsi:type="StringFieldDef" maxLength="255" semanticType="UNKNOWN" encrypt="false" system="false" name="RESTRICTED_PROCESS_CODES" displayName="RESTRICTED_PROCESS_CODES"/>
    <Field xmlns:xsi="http://www.w3.org/2001/XMLSchema-instance" xsi:type="StringFieldDef" maxLength="255" semanticType="UNKNOWN" encrypt="false" system="false" name="ACTIVE_IND" displayName="ACTIVE_IND"/>
    <Field xmlns:xsi="http://www.w3.org/2001/XMLSchema-instance" xsi:type="StringFieldDef" maxLength="255" semanticType="UNKNOWN" encrypt="false" system="false" name="FAH_PROCESS_ID" displayName="FAH_PROCESS_ID"/>
    <Field xmlns:xsi="http://www.w3.org/2001/XMLSchema-instance" xsi:type="BigIntegerFieldDef" semanticType="UNKNOWN" system="false" name="FAH_SYSTEM_RECORD_VERSION" displayName="FAH_SYSTEM_RECORD_VERSION"/>
    <Field xmlns:xsi="http://www.w3.org/2001/XMLSchema-instance" xsi:type="DateTimeFieldDef" timeZone="" semanticType="UNKNOWN" system="false" name="FAH_SYSTEM_CREATED_TS" displayName="FAH_SYSTEM_CREATED_TS"/>
    <Field xmlns:xsi="http://www.w3.org/2001/XMLSchema-instance" xsi:type="DateTimeFieldDef" timeZone="" semanticType="UNKNOWN" system="false" name="FAH_SYSTEM_UPDATED_TS" displayName="FAH_SYSTEM_UPDATED_TS"/>
</ns3:RecordDef>
