<?xml version="1.0" encoding="UTF-8" standalone="yes"?>
<ns3:RecordDef xmlns="com/infogix/component/metadatamgmt/export/fdt" xmlns:ns2="com/infogix/component/metadatamgmt/export/fdt/screen" xmlns:ns3="com.infogix.component.metadatamgmt.export.fdt" identityFieldsUnique="false" externallyDefined="false" externallyDefinedIDFields="false" locallyModifiedIDFields="false" name="adf0ebde5ccb4c0d9799e5a9570292c9" displayName="SYSTEM_CONFIG">
    <Field xmlns:xsi="http://www.w3.org/2001/XMLSchema-instance" xsi:type="StringFieldDef" maxLength="255" semanticType="UNKNOWN" location="" encrypt="false" defaultValue="" system="false" name="PARAMETER_NAME" displayName="PARAMETER_NAME"/>
    <Field xmlns:xsi="http://www.w3.org/2001/XMLSchema-instance" xsi:type="StringFieldDef" maxLength="255" semanticType="UNKNOWN" location="" encrypt="false" defaultValue="" system="false" name="PARAMETER_DESC" displayName="PARAMETER_DESC"/>
    <Field xmlns:xsi="http://www.w3.org/2001/XMLSchema-instance" xsi:type="StringFieldDef" maxLength="255" semanticType="UNKNOWN" location="" encrypt="false" defaultValue="" system="false" name="PARAMETER_VALUE" displayName="PARAMETER_VALUE"/>
    <Field xmlns:xsi="http://www.w3.org/2001/XMLSchema-instance" xsi:type="DateTimeFieldDef" timeZone="" semanticType="UNKNOWN" location="" defaultValue="" system="false" name="FAH_SYSTEM_CREATED_TS" displayName=""/>
    <Field xmlns:xsi="http://www.w3.org/2001/XMLSchema-instance" xsi:type="DateTimeFieldDef" timeZone="" semanticType="UNKNOWN" location="" defaultValue="" system="false" name="FAH_SYSTEM_UPDATED_TS" displayName="FAH_SYSTEM_UPDATED_TS"/>
    <Field xmlns:xsi="http://www.w3.org/2001/XMLSchema-instance" xsi:type="BigIntegerFieldDef" semanticType="UNKNOWN" location="" defaultValue="" system="false" name="FAH_SYSTEM_RECORD_VERSION" displayName="FAH_SYSTEM_RECORD_VERSION"/>
    <IdentityField fieldName="PARAMETER_NAME"/>
    <IdentityField fieldName="FAH_SYSTEM_RECORD_VERSION"/>
</ns3:RecordDef>
