<?xml version="1.0" encoding="UTF-8" standalone="yes"?>
<ns3:RecordDef xmlns="com/infogix/component/metadatamgmt/export/fdt" xmlns:ns2="com/infogix/component/metadatamgmt/export/fdt/screen" xmlns:ns3="com.infogix.component.metadatamgmt.export.fdt" identityFieldsUnique="false" externallyDefined="false" externallyDefinedIDFields="false" locallyModifiedIDFields="false" allowAccessOnQueryFilterFallthrough="false" allowAccessOnEditFilterFallthrough="false" name="e2b8e578e2e849739d137687a43a6be9" displayName="IGX_DB_DG_DATA_ENTITY_CONFIG">
    <Field xmlns:xsi="http://www.w3.org/2001/XMLSchema-instance" xsi:type="StringFieldDef" maxLength="255" semanticType="" encrypt="false" system="false" querySynonymsFromGovern="false" name="DATA_ENTITY_NAME" displayName="DATA_ENTITY_NAME"/>
    <Field xmlns:xsi="http://www.w3.org/2001/XMLSchema-instance" xsi:type="StringFieldDef" maxLength="1" semanticType="" encrypt="false" system="false" querySynonymsFromGovern="false" name="INGESTION_MODE" displayName="INGESTION_MODE"/>
    <Field xmlns:xsi="http://www.w3.org/2001/XMLSchema-instance" xsi:type="StringFieldDef" maxLength="1" semanticType="" encrypt="false" system="false" querySynonymsFromGovern="false" name="FREQ" displayName="FREQ"/>
    <Field xmlns:xsi="http://www.w3.org/2001/XMLSchema-instance" xsi:type="StringFieldDef" maxLength="2" semanticType="" encrypt="false" system="false" querySynonymsFromGovern="false" name="DAYS" displayName="DAYS"/>
    <Field xmlns:xsi="http://www.w3.org/2001/XMLSchema-instance" xsi:type="StringFieldDef" maxLength="10" semanticType="" encrypt="false" system="false" querySynonymsFromGovern="false" name="DATA_LOAD_TIME" displayName="DATA_LOAD_TIME"/>
    <Field xmlns:xsi="http://www.w3.org/2001/XMLSchema-instance" xsi:type="DateTimeFieldDef" timeZone="" semanticType="" encrypt="false" system="false" querySynonymsFromGovern="false" name="IGX_SYSTEM_CREATED_TS" displayName="IGX_SYSTEM_CREATED_TS"/>
    <Field xmlns:xsi="http://www.w3.org/2001/XMLSchema-instance" xsi:type="StringFieldDef" maxLength="255" semanticType="" encrypt="false" system="false" querySynonymsFromGovern="false" name="IGX_PROCESS_ID" displayName="IGX_PROCESS_ID"/>
    <Field xmlns:xsi="http://www.w3.org/2001/XMLSchema-instance" xsi:type="StringFieldDef" maxLength="255" semanticType="" encrypt="false" system="false" querySynonymsFromGovern="false" name="IGX_WORK_ID" displayName="IGX_WORK_ID"/>
    <IdentityField fieldName="DATA_ENTITY_NAME"/>
</ns3:RecordDef>
