<?xml version="1.0" encoding="UTF-8" standalone="yes"?>
<ns3:RecordDef xmlns="com/infogix/component/metadatamgmt/export/fdt" xmlns:ns2="com/infogix/component/metadatamgmt/export/fdt/screen" xmlns:ns3="com.infogix.component.metadatamgmt.export.fdt" identityFieldsUnique="false" externallyDefined="false" externallyDefinedIDFields="false" locallyModifiedIDFields="false" allowAccessOnQueryFilterFallthrough="false" allowAccessOnEditFilterFallthrough="false" name="35efcdb37da44bcb9613f4309dbf4ac6" displayName="PROCESS LIST MMT">
    <Field xmlns:xsi="http://www.w3.org/2001/XMLSchema-instance" xsi:type="StringFieldDef" maxLength="255" semanticType="UNKNOWN" encrypt="false" system="false" name="PROCESS_CODE" displayName="PROCESS_CODE"/>
    <Field xmlns:xsi="http://www.w3.org/2001/XMLSchema-instance" xsi:type="StringFieldDef" maxLength="255" semanticType="UNKNOWN" encrypt="false" system="false" name="PROCESS_GROUP" displayName="PROCESS_GROUP"/>
    <Field xmlns:xsi="http://www.w3.org/2001/XMLSchema-instance" xsi:type="StringFieldDef" maxLength="255" semanticType="UNKNOWN" encrypt="false" system="false" name="COMPONENT" displayName="COMPONENT"/>
    <Field xmlns:xsi="http://www.w3.org/2001/XMLSchema-instance" xsi:type="StringFieldDef" maxLength="255" semanticType="UNKNOWN" encrypt="false" system="false" name="SOURCE_SYSTEM" displayName="SOURCE_SYSTEM"/>
    <Field xmlns:xsi="http://www.w3.org/2001/XMLSchema-instance" xsi:type="StringFieldDef" maxLength="255" semanticType="UNKNOWN" encrypt="false" system="false" name="PROCESS_TYPE" displayName="PROCESS_TYPE"/>
    <Field xmlns:xsi="http://www.w3.org/2001/XMLSchema-instance" xsi:type="StringFieldDef" maxLength="255" semanticType="UNKNOWN" encrypt="false" system="false" name="EXEC_WINDOW_START_TIME" displayName="EXEC_WINDOW_START_TIME"/>
    <Field xmlns:xsi="http://www.w3.org/2001/XMLSchema-instance" xsi:type="BigIntegerFieldDef" semanticType="UNKNOWN" system="false" name="EXEC_WINDOW_PERIOD" displayName="EXEC_WINDOW_PERIOD"/>
    <Field xmlns:xsi="http://www.w3.org/2001/XMLSchema-instance" xsi:type="BigIntegerFieldDef" semanticType="UNKNOWN" system="false" name="EXPECTED_TIME_PER_EXEC" displayName="EXPECTED_TIME_PER_EXEC"/>
    <Field xmlns:xsi="http://www.w3.org/2001/XMLSchema-instance" xsi:type="StringFieldDef" maxLength="255" semanticType="UNKNOWN" encrypt="false" system="false" name="BLOCKER_PROCESS_CODES" displayName="BLOCKER_PROCESS_CODES"/>
</ns3:RecordDef>
