<?xml version="1.0" encoding="UTF-8" standalone="yes"?>
<ns3:RecordDef xmlns="com/infogix/component/metadatamgmt/export/fdt" xmlns:ns2="com/infogix/component/metadatamgmt/export/fdt/screen" xmlns:ns3="com.infogix.component.metadatamgmt.export.fdt" identityFieldsUnique="false" externallyDefined="false" externallyDefinedIDFields="false" locallyModifiedIDFields="false" allowAccessOnQueryFilterFallthrough="false" allowAccessOnEditFilterFallthrough="false" name="9f6dd943a9e34c5885407a58997715ff" displayName="IGX_DB_RULE_REFRESHER_LOG">
    <Field xmlns:xsi="http://www.w3.org/2001/XMLSchema-instance" xsi:type="StringFieldDef" maxLength="255" encrypt="false" system="false" querySynonymsFromGovern="false" name="D3S_PROCESS_ID" displayName="D3S_PROCESS_ID"/>
    <Field xmlns:xsi="http://www.w3.org/2001/XMLSchema-instance" xsi:type="StringFieldDef" maxLength="255" encrypt="false" system="false" querySynonymsFromGovern="false" name="D3S_WORK_ID" displayName="D3S_WORK_ID"/>
    <Field xmlns:xsi="http://www.w3.org/2001/XMLSchema-instance" xsi:type="DateFieldDef" timeZone="" encrypt="false" system="false" querySynonymsFromGovern="false" name="RUN_DATE" displayName="RUN_DATE"/>
    <Field xmlns:xsi="http://www.w3.org/2001/XMLSchema-instance" xsi:type="DateTimeFieldDef" timeZone="" encrypt="false" system="false" querySynonymsFromGovern="false" name="START_TS" displayName="START_TS"/>
    <Field xmlns:xsi="http://www.w3.org/2001/XMLSchema-instance" xsi:type="DateTimeFieldDef" timeZone="" encrypt="false" system="false" querySynonymsFromGovern="false" name="END_TS" displayName="END_TS"/>
    <Field xmlns:xsi="http://www.w3.org/2001/XMLSchema-instance" xsi:type="DateTimeFieldDef" timeZone="" encrypt="false" system="false" querySynonymsFromGovern="false" name="D3S_SYSTEM_CREATED_TS" displayName="D3S_SYSTEM_CREATED_TS"/>
    <Field xmlns:xsi="http://www.w3.org/2001/XMLSchema-instance" xsi:type="DateTimeFieldDef" timeZone="" encrypt="false" system="false" querySynonymsFromGovern="false" name="D3S_SYSTEM_UPDATED_TS" displayName="D3S_SYSTEM_UPDATED_TS"/>
    <Field xmlns:xsi="http://www.w3.org/2001/XMLSchema-instance" xsi:type="BigIntegerFieldDef" encrypt="false" system="false" querySynonymsFromGovern="false" name="D3S_SYSTEM_RECORD_VERSION" displayName="D3S_SYSTEM_RECORD_VERSION"/>
    <Field xmlns:xsi="http://www.w3.org/2001/XMLSchema-instance" xsi:type="BigIntegerFieldDef" encrypt="false" system="false" querySynonymsFromGovern="false" name="D3S_USER_DEFINED_1" displayName="D3S_USER_DEFINED_1"/>
    <Field xmlns:xsi="http://www.w3.org/2001/XMLSchema-instance" xsi:type="BigIntegerFieldDef" encrypt="false" system="false" querySynonymsFromGovern="false" name="D3S_USER_DEFINED_2" displayName="D3S_USER_DEFINED_2"/>
    <Field xmlns:xsi="http://www.w3.org/2001/XMLSchema-instance" xsi:type="DateFieldDef" timeZone="" encrypt="false" system="false" querySynonymsFromGovern="false" name="D3S_USER_DEFINED_3" displayName="D3S_USER_DEFINED_3"/>
    <Field xmlns:xsi="http://www.w3.org/2001/XMLSchema-instance" xsi:type="DateFieldDef" timeZone="" encrypt="false" system="false" querySynonymsFromGovern="false" name="D3S_USER_DEFINED_4" displayName="D3S_USER_DEFINED_4"/>
    <Field xmlns:xsi="http://www.w3.org/2001/XMLSchema-instance" xsi:type="DateTimeFieldDef" timeZone="" encrypt="false" system="false" querySynonymsFromGovern="false" name="D3S_USER_DEFINED_5" displayName="D3S_USER_DEFINED_5"/>
    <Field xmlns:xsi="http://www.w3.org/2001/XMLSchema-instance" xsi:type="DateTimeFieldDef" timeZone="" encrypt="false" system="false" querySynonymsFromGovern="false" name="D3S_USER_DEFINED_6" displayName="D3S_USER_DEFINED_6"/>
    <Field xmlns:xsi="http://www.w3.org/2001/XMLSchema-instance" xsi:type="StringFieldDef" maxLength="255" encrypt="false" system="false" querySynonymsFromGovern="false" name="D3S_USER_DEFINED_7" displayName="D3S_USER_DEFINED_7"/>
    <Field xmlns:xsi="http://www.w3.org/2001/XMLSchema-instance" xsi:type="StringFieldDef" maxLength="255" encrypt="false" system="false" querySynonymsFromGovern="false" name="D3S_USER_DEFINED_8" displayName="D3S_USER_DEFINED_8"/>
    <Field xmlns:xsi="http://www.w3.org/2001/XMLSchema-instance" xsi:type="StringFieldDef" maxLength="255" encrypt="false" system="false" querySynonymsFromGovern="false" name="D3S_USER_DEFINED_9" displayName="D3S_USER_DEFINED_9"/>
    <Field xmlns:xsi="http://www.w3.org/2001/XMLSchema-instance" xsi:type="StringFieldDef" maxLength="255" encrypt="false" system="false" querySynonymsFromGovern="false" name="D3S_USER_DEFINED_10" displayName="D3S_USER_DEFINED_10"/>
    <Field xmlns:xsi="http://www.w3.org/2001/XMLSchema-instance" xsi:type="StringFieldDef" maxLength="255" encrypt="false" system="false" querySynonymsFromGovern="false" name="D3S_USER_DEFINED_11" displayName="D3S_USER_DEFINED_11"/>
    <Field xmlns:xsi="http://www.w3.org/2001/XMLSchema-instance" xsi:type="StringFieldDef" maxLength="255" encrypt="false" system="false" querySynonymsFromGovern="false" name="D3S_USER_DEFINED_12" displayName="D3S_USER_DEFINED_12"/>
    <IdentityField fieldName="D3S_PROCESS_ID"/>
    <IdentityField fieldName="D3S_WORK_ID"/>
    <IdentityField fieldName="D3S_SYSTEM_RECORD_VERSION"/>
</ns3:RecordDef>
