<?xml version="1.0" encoding="UTF-8" standalone="yes"?>
<ns3:RecordDef xmlns="com/infogix/component/metadatamgmt/export/fdt" xmlns:ns2="com/infogix/component/metadatamgmt/export/fdt/screen" xmlns:ns3="com.infogix.component.metadatamgmt.export.fdt" identityFieldsUnique="false" externallyDefined="false" externallyDefinedIDFields="false" locallyModifiedIDFields="false" allowAccessOnQueryFilterFallthrough="false" allowAccessOnEditFilterFallthrough="false" name="dd113d14e5f54441ac5cf597fd5676df" displayName="IGX_DB_SCORE_REFRESHER_LOG">
    <Field xmlns:xsi="http://www.w3.org/2001/XMLSchema-instance" xsi:type="DateTimeFieldDef" timeZone="" encrypt="false" system="false" querySynonymsFromGovern="false" name="RUN_DATE" displayName=""/>
    <Field xmlns:xsi="http://www.w3.org/2001/XMLSchema-instance" xsi:type="DateTimeFieldDef" timeZone="" encrypt="false" system="false" querySynonymsFromGovern="false" name="START_TS" displayName=""/>
    <Field xmlns:xsi="http://www.w3.org/2001/XMLSchema-instance" xsi:type="DateTimeFieldDef" timeZone="" encrypt="false" system="false" querySynonymsFromGovern="false" name="END_TS" displayName=""/>
    <Field xmlns:xsi="http://www.w3.org/2001/XMLSchema-instance" xsi:type="DateTimeFieldDef" timeZone="" encrypt="false" system="false" querySynonymsFromGovern="false" name="SCORING_RUN_TS" displayName=""/>
    <Field xmlns:xsi="http://www.w3.org/2001/XMLSchema-instance" xsi:type="BigIntegerFieldDef" encrypt="false" system="false" querySynonymsFromGovern="false" name="IGX_SYSTEM_RECORD_VERSION" displayName=""/>
    <Field xmlns:xsi="http://www.w3.org/2001/XMLSchema-instance" xsi:type="DateTimeFieldDef" timeZone="" encrypt="false" system="false" querySynonymsFromGovern="false" name="IGX_SYSTEM_CREATED_TS" displayName=""/>
    <Field xmlns:xsi="http://www.w3.org/2001/XMLSchema-instance" xsi:type="StringFieldDef" maxLength="255" encrypt="false" system="false" querySynonymsFromGovern="false" name="IGX_PROCESS_ID" displayName=""/>
    <Field xmlns:xsi="http://www.w3.org/2001/XMLSchema-instance" xsi:type="StringFieldDef" maxLength="255" encrypt="false" system="false" querySynonymsFromGovern="false" name="IGX_WORK_ID" displayName=""/>
    <Field xmlns:xsi="http://www.w3.org/2001/XMLSchema-instance" xsi:type="StringFieldDef" maxLength="4000" semanticType="" encrypt="false" system="false" querySynonymsFromGovern="false" name="ERROR_MSG" displayName="ERROR_MSG"/>
    <IdentityField fieldName="RUN_DATE"/>
    <IdentityField fieldName="IGX_SYSTEM_RECORD_VERSION"/>
</ns3:RecordDef>
