<?xml version="1.0" encoding="UTF-8" standalone="yes"?>
<ns3:RecordDef xmlns="com/infogix/component/metadatamgmt/export/fdt" xmlns:ns2="com/infogix/component/metadatamgmt/export/fdt/screen" xmlns:ns3="com.infogix.component.metadatamgmt.export.fdt" identityFieldsUnique="false" externallyDefined="false" externallyDefinedIDFields="false" locallyModifiedIDFields="false" allowAccessOnQueryFilterFallthrough="false" allowAccessOnEditFilterFallthrough="false" name="41bfa4fa8b294fe9974314de74d3a87f" displayName="PROCESS_EXECUTION_TRACKER">
    <Field xmlns:xsi="http://www.w3.org/2001/XMLSchema-instance" xsi:type="StringFieldDef" maxLength="255" semanticType="UNKNOWN" encrypt="false" system="false" name="PROCESS_CODE" displayName="PROCESS_CODE"/>
    <Field xmlns:xsi="http://www.w3.org/2001/XMLSchema-instance" xsi:type="StringFieldDef" maxLength="255" semanticType="UNKNOWN" encrypt="false" system="false" name="PROCESS_GROUP" displayName="PROCESS_GROUP"/>
    <Field xmlns:xsi="http://www.w3.org/2001/XMLSchema-instance" xsi:type="StringFieldDef" maxLength="255" semanticType="UNKNOWN" encrypt="false" system="false" name="PROCESS_TYPE" displayName="PROCESS_TYPE"/>
    <Field xmlns:xsi="http://www.w3.org/2001/XMLSchema-instance" xsi:type="StringFieldDef" maxLength="255" semanticType="UNKNOWN" encrypt="false" system="false" name="STATUS" displayName="STATUS"/>
    <Field xmlns:xsi="http://www.w3.org/2001/XMLSchema-instance" xsi:type="DateTimeFieldDef" displayFormatPattern="dd/MM/yyyy HH:mm:ss" timeZone="" semanticType="UNKNOWN" system="false" name="RUN_START_DATE" displayName="RUN_START_DATE"/>
    <Field xmlns:xsi="http://www.w3.org/2001/XMLSchema-instance" xsi:type="DateTimeFieldDef" displayFormatPattern="dd/MM/yyyy HH:mm:ss" timeZone="" semanticType="UNKNOWN" system="false" name="RUN_END_DATE" displayName="RUN_END_DATE"/>
    <Field xmlns:xsi="http://www.w3.org/2001/XMLSchema-instance" xsi:type="StringFieldDef" maxLength="255" semanticType="UNKNOWN" encrypt="false" system="false" name="FAH_PROCESS_ID" displayName="FAH_PROCESS_ID"/>
    <Field xmlns:xsi="http://www.w3.org/2001/XMLSchema-instance" xsi:type="BigIntegerFieldDef" semanticType="UNKNOWN" system="false" name="FAH_SYSTEM_RECORD_VERSION" displayName="FAH_SYSTEM_RECORD_VERSION"/>
</ns3:RecordDef>
