<?xml version="1.0" encoding="UTF-8" standalone="yes"?>
<ns3:RecordDef xmlns="com/infogix/component/metadatamgmt/export/fdt" xmlns:ns2="com/infogix/component/metadatamgmt/export/fdt/screen" xmlns:ns3="com.infogix.component.metadatamgmt.export.fdt" identityFieldsUnique="false" externallyDefined="false" externallyDefinedIDFields="false" locallyModifiedIDFields="false" allowAccessOnQueryFilterFallthrough="false" allowAccessOnEditFilterFallthrough="false" name="cc64c8c2de264db0bbcd9e3354f9ec55" displayName="IGX_DB_RULE_EVALUATOR_LOG">
    <Field xmlns:xsi="http://www.w3.org/2001/XMLSchema-instance" xsi:type="StringFieldDef" maxLength="255" semanticType="" encrypt="false" system="false" querySynonymsFromGovern="false" name="DATA_ENTITY_NAME" displayName="DATA_ENTITY_NAME"/>
    <Field xmlns:xsi="http://www.w3.org/2001/XMLSchema-instance" xsi:type="DateTimeFieldDef" timeZone="" semanticType="" encrypt="false" system="false" querySynonymsFromGovern="false" name="RUN_DATE" displayName="RUN_DATE"/>
    <Field xmlns:xsi="http://www.w3.org/2001/XMLSchema-instance" xsi:type="DateTimeFieldDef" timeZone="" semanticType="" encrypt="false" system="false" querySynonymsFromGovern="false" name="START_TS" displayName="START_TS"/>
    <Field xmlns:xsi="http://www.w3.org/2001/XMLSchema-instance" xsi:type="DateTimeFieldDef" timeZone="" semanticType="" encrypt="false" system="false" querySynonymsFromGovern="false" name="END_TS" displayName="END_TS"/>
    <Field xmlns:xsi="http://www.w3.org/2001/XMLSchema-instance" xsi:type="DateTimeFieldDef" timeZone="" semanticType="" encrypt="false" system="false" querySynonymsFromGovern="false" name="IGX_SYSTEM_CREATED_TS" displayName="IGX_SYSTEM_CREATED_TS"/>
    <Field xmlns:xsi="http://www.w3.org/2001/XMLSchema-instance" xsi:type="StringFieldDef" maxLength="255" semanticType="" encrypt="false" system="false" querySynonymsFromGovern="false" name="IGX_PROCESS_ID" displayName="IGX_PROCESS_ID"/>
    <Field xmlns:xsi="http://www.w3.org/2001/XMLSchema-instance" xsi:type="StringFieldDef" maxLength="255" semanticType="" encrypt="false" system="false" querySynonymsFromGovern="false" name="IGX_WORK_ID" displayName="IGX_WORK_ID"/>
    <IdentityField fieldName="DATA_ENTITY_NAME"/>
    <IdentityField fieldName="RUN_DATE"/>
</ns3:RecordDef>
