<?xml version="1.0" encoding="UTF-8" standalone="yes"?>
<ns2:BomGroupExport xmlns="com/infogix/component/bombase/export/importexport/fdt" xmlns:ns2="com.infogix.component.bomgroup.export.importexport.fdt">
    <SolutionInfo appDeploymentMode="" buildDateStr="2019-12-12 06:57:59 PM CST"/>
    <ObjectMetadata uuid="caeedca715394ff1bd96d4214258f4c0" objectType="processmodel" displayName="PRC_COMMON_EmailNotificationProcessModel"/>
    <ObjectMetadata uuid="c0aa3f99c4b84ea4aa1405c91b4bf7e0" objectType="datastore" displayName="EMAIL_NOTIFICATIONS_TMP"/>
    <ObjectMetadata uuid="5754a37d76ca4a6eac380f8f22cb3248" objectType="analysis" displayName="PRC_COMMON_SendEmailNotification"/>
    <ObjectMetadata uuid="f58b5bf99c1c493ab538d752083af2b1" objectType="analysis" displayName="PROCESS_LIST_LoadData"/>
    <ObjectMetadata uuid="35efcdb37da44bcb9613f4309dbf4ac6" objectType="datastore" displayName="PROCESS LIST MMT"/>
    <ObjectMetadata uuid="da0685129bc24600b0ec2ecbc4d8580e" objectType="datastore" displayName="PROCESS_LIST"/>
    <ObjectMetadata uuid="397c1cc2dddc4ef18886c22b070c9ab1" objectType="datastore" displayName="EMAIL_NOTIFICATIONS"/>
    <ObjectMetadata uuid="58bff5ca73cc4b8784b2c52ac1cc4224" objectType="analysis" displayName="PRC_COMMON_ProcessExecutionCheck"/>
    <ObjectMetadata uuid="41bfa4fa8b294fe9974314de74d3a87f" objectType="datastore" displayName="PROCESS_EXECUTION_TRACKER"/>
    <ObjectMetadata uuid="78cc0934adc04c9a836a27a28fd25d23" objectType="datastore" displayName="MAINTENANCE_WINDOW_EXPANDED"/>
    <ObjectMetadata uuid="adf0ebde5ccb4c0d9799e5a9570292c9" objectType="datastore" displayName="SYSTEM_CONFIG"/>
    <ObjectMetadata uuid="f6156c27c4c347c3938ab8636d644c77" objectType="datastore" displayName="RESTRICTED_EXECUTION_LOG"/>
    <ObjectMetadata uuid="997f90d43f384bb89e13ab25c66b78fe" objectType="analysis" displayName="PRC_COMMON_MarkProcessOver"/>
    <ObjectMetadata uuid="661c0c81606b467c8be0b5813236f797" objectType="analysis" displayName="PRC_COMMON_Expand_Maintenance_Window"/>
    <ObjectMetadata uuid="3d48c2dd9bc24aca8539adee650b5abe" objectType="datastore" displayName="MAINTENANCE_WINDOW"/>
    <ObjectMetadata uuid="3f794c12ca134d1b95d3c5944b6a24c7" objectType="analysis" displayName="MAINTENANCE_WINDOW_LoadData"/>
    <ObjectMetadata uuid="402d3ec0a3fa431aac75a1023ef6a9b9" objectType="datastore" displayName="MAINTENANCE WINDOW MMT"/>
    <ObjectMetadata uuid="7c8d64f6fe2041d499e70d56d40d5402" objectType="casestore" displayName="PROCESS_EXECUTION_TRACKER"/>
    <ObjectMetadata uuid="110f61a8e3de4b9dba03b62fd73145e8" objectType="processmodel" displayName="IGX_PM_Rule_Evaluate_CUSTOMER_ID_ACCT_MAP"/>
    <ObjectMetadata uuid="b288509c0fb94bc7808869770f569e2a" objectType="analysis" displayName="IGX_PRC_EVALUATE_DQ_CUSTOMER_ID_ACCT_MAP"/>
    <ObjectMetadata uuid="ef38602c3e9a40618393603f2634c0dc" objectType="processmodel" displayName="IGX_PM_Rule_Evaluate_CMF_EXT_DATA"/>
    <ObjectMetadata uuid="e2f462a6d4a341ffa6f7ebbd6cfe6574" objectType="analysis" displayName="IGX_PRC_EVALUATE_DQ_CMF_EXT_DATA"/>
    <ObjectMetadata uuid="847541e30b054c8ab3c77151eb29c3b0" objectType="processmodel" displayName="IGX_PM_Rule_Evaluate_CMF"/>
    <ObjectMetadata uuid="e147e9a36fb54278a2b3f786f82e8c28" objectType="analysis" displayName="IGX_PRC_EVALUATE_DQ_CMF"/>
    <ObjectMetadata uuid="f50eb6c977df45ca8439ff3be1a533d4" objectType="analysis" displayName="IGX_PRC_EVALUATE_DQ_Customer_Data"/>
    <ObjectMetadata uuid="501a70838cdb4185a56dfed3b04cc1b1" objectType="analysis" displayName="IGX_PRC_DQ_Rules_Executor"/>
    <ObjectMetadata uuid="b0775caebd8e4aada77e49cbde9d583f" objectType="datastore" displayName="CONTACT_DATA"/>
    <ObjectMetadata uuid="3430d4bc6c4248c687cea9a79e231e0f" objectType="datastore" displayName="IGX_DS_DQ_RESULTS"/>
    <ObjectMetadata uuid="1bd23d599abf4a87957ab7e3e90777a0" objectType="datastore" displayName="CMF_Input"/>
    <ObjectMetadata uuid="5701bcaf6cd8495fa5dd949d6287da35" objectType="datastore" displayName="IGX_DB_DG_SCORING_CONFIG"/>
    <ObjectMetadata uuid="ae7300787a894b87aa4e58b2f8a02e5d" objectType="datastore" displayName="CMF_EXT_DATA_Input"/>
    <ObjectMetadata uuid="af9a150410a74e098f0ac6eb6acdd95e" objectType="datastore" displayName="CUSTOMER_ID_ACCT_MAP_Input"/>
    <ObjectMetadata uuid="c6f16952-8bee-4dc9-b004-974a84cacfe7" objectType="dashboard" displayName="DQ Overview"/>
    <ObjectMetadata uuid="d7c68159790c4dd2a36ab90cbf06ff7e" objectType="dataview" displayName="IGX_DV_LATEST_DS_DQ_DETAIL_SCORE"/>
    <ObjectMetadata uuid="96dcef0fea2641c28ade2ad7adbebeea" objectType="dataview" displayName="IGX_DV_DS_DQ_ROLLUP_SCORE"/>
    <ObjectMetadata uuid="85cb7926821e4645951d4a71b6acdd6b" objectType="dataview" displayName="IGX_DV_DQ_HISTORICAL_HIERARCHICAL_SCORE"/>
    <ObjectMetadata uuid="4b26a3e17fd54f548c28b25371c6f4ff" objectType="dataview" displayName="IGX_DV_LATEST_DS_DQ_RESULT"/>
    <ObjectMetadata uuid="cfb8fd5b392c49a2ae15db573bb0a198_ds" objectType="datastore" displayName="IGX_DS_DQ_HIERARCHICAL_SCORE"/>
    <ObjectMetadata uuid="4f2be746abf741159fe03e317877ac3f" objectType="datastore" displayName="IGX_DS_DQ_ROLLUP_SCORE"/>
    <ObjectMetadata uuid="d9566487f28d4b90ac20edc66081e400" objectType="datastore" displayName="IGX_DS_LATEST_DS_DQ_RESULTS"/>
    <ObjectMetadata uuid="db3f623da59c4939b446df81d4ee8fc0" objectType="datastore" displayName="IGX_DS_LATEST_DS_DQ_DETAIL_SCORE"/>
    <ObjectMetadata uuid="e2b8e578e2e849739d137687a43a6be9" objectType="datastore" displayName="IGX_DB_DG_DATA_ENTITY_CONFIG"/>
    <ObjectMetadata uuid="7e0bea49f5394a06b280a35e82365e99" objectType="datastore" displayName="IGX_DS_DG_PREVIOUS_HIERARCHY"/>
    <ObjectMetadata uuid="d821c6d18eb54b129681162430a1ae85" objectType="datastore" displayName="IGX_DS_ASSET_VERSION_TEMP"/>
    <ObjectMetadata uuid="2b1a19a119ec437e9d23354f5442a08b" objectType="datastore" displayName="IGX_DS_ASSET_VERSION"/>
    <ObjectMetadata uuid="cc64c8c2de264db0bbcd9e3354f9ec55" objectType="datastore" displayName="IGX_DB_RULE_EVALUATOR_LOG"/>
    <ObjectMetadata uuid="dbae0f3f76e34a4f98b8afea79a23898_ds" objectType="datastore" displayName="ASSET_LEVEL_TEMP"/>
    <ObjectMetadata uuid="dd113d14e5f54441ac5cf597fd5676df" objectType="datastore" displayName="IGX_DB_SCORE_REFRESHER_LOG"/>
    <ObjectMetadata uuid="f77997ea514e434f90e84ebad667a0e8" objectType="datastore" displayName="IGX_DB_SCORING_ENGINE_LOG"/>
    <ObjectMetadata uuid="585fbedd5ffd4dcbae2b658b4c3b0eb2" objectType="datastore" displayName="IGX_DS_DQ_RULE_SCORE"/>
    <ObjectMetadata uuid="43033c39a72943b19ad1d6ce0d323148" objectType="datastore" displayName="IGX_DS_DQ_ELEMENT_SCORE"/>
    <ObjectMetadata uuid="ce3f20ab8ce8480c89ca294dbae0d866" objectType="datastore" displayName="IGX_DS_DQ_DETAIL_SCORE"/>
    <ObjectMetadata uuid="9c80456dca96455eaca2be884dbad07c" objectType="datastore" displayName="IGX_DS_DG_HIERARCHY"/>
    <ObjectMetadata uuid="1f4f8ffe31724e1e83dd2920b7acd05f" objectType="datastore" displayName="IGX_DS_DG_DATA_ELEMENT_RULES_ORG"/>
    <ObjectMetadata uuid="113d2c8c3dfa49579db80ae480cbb2df" objectType="datastore" displayName="IGX_DS_DG_DATA_ELEMENT_RULES"/>
    <ObjectMetadata uuid="9f6dd943a9e34c5885407a58997715ff" objectType="datastore" displayName="IGX_DB_RULE_REFRESHER_LOG"/>
    <ObjectMetadata uuid="5ed5429e03344c608fbdac09efdfc973" objectType="datastore" displayName="Dummy"/>
    <ObjectMetadata uuid="a9a3eeb8016d4c2983f865f738298b6d_ds" objectType="datastore" displayName="Data_Element_Rules_Latest_Version"/>
    <ObjectMetadata uuid="512e680088f746d1b10bd72ce8f4685a_ds" objectType="datastore" displayName="Data_Element_Rules_Org_Output"/>
    <ObjectMetadata uuid="10ff5df6be05450a942753f7861a0a7a_ds" objectType="datastore" displayName="Data_Element_Rules_Output"/>
    <ObjectMetadata uuid="210c7c311c384cb2987e0cfa1a759748" objectType="datastore" displayName="IGX_DB_SCORE_REFRESHER_DTL_LOG"/>
    <ObjectMetadata uuid="bd6fb9356ffc4f10aae7685de5a6a31a" objectType="analysis" displayName="IGX_PRC_Rule_Refresher_Execution_Check"/>
    <ObjectMetadata uuid="47197c8717524e51b0db04fa34fe9319" objectType="analysis" displayName="IGX_PRC_Find_Ready_Data_Entities "/>
    <ObjectMetadata uuid="5c981d6290ef44a2a10522ae0db9d848" objectType="analysis" displayName="IGX_PRC_Versioning_Asset_Level"/>
    <ObjectMetadata uuid="df470beb6ddd452dbae5a0f61d911e8f" objectType="analysis" displayName="IGX_PRC_Rule_and_Data_Element_Version"/>
    <ObjectMetadata uuid="7c1174b150434e229091d13ab0ae3243" objectType="analysis" displayName="IGX_PRC_RolledUp_Asset_Version"/>
    <ObjectMetadata uuid="628e0b0efe2e4b17a58ff0b8ba5edff2" objectType="analysis" displayName="IGX_PRC_Copy_Hierarchy_and_Version"/>
    <ObjectMetadata uuid="f48c4b85fdc8414e8385c8fc78106ea1" objectType="analysis" displayName="IGX_PRC_Log_Rule_Evaluator"/>
    <ObjectMetadata uuid="1829d58a40ed404bb7c15cbc31f7ad98" objectType="analysis" displayName="IGX_PRC_Scoring_Engine_Execution_Check"/>
    <ObjectMetadata uuid="3888d516f9d74b4a9d8b312494770bc1" objectType="analysis" displayName="IGX_PRC_DS_DQ_HIERARCHICAL_SCORE"/>
    <ObjectMetadata uuid="927c750bad824349892681594265af5b" objectType="analysis" displayName="IGX_PRC_DS_Latest_DS_DQ_Detail_Score"/>
    <ObjectMetadata uuid="52455aff848a4fc7922024f8e0c1bbce" objectType="analysis" displayName="IGX_PRC_DS_Latest_DS_DQ_Results"/>
    <ObjectMetadata uuid="cad2ad7f041f465488b754e90943479a" objectType="analysis" displayName="IGX_PRC_Scoring_Engine_Rollup_Score"/>
    <ObjectMetadata uuid="378e4fb1be7f4b649d41ea50498babea" objectType="analysis" displayName="IGX_PRC_Scoring_Engine_Part_B"/>
    <ObjectMetadata uuid="d4eedb78c29d40d9960a19f1588aa17c" objectType="analysis" displayName="IGX_PRC_POST_SCORES_TO_GOVERN"/>
    <ObjectMetadata uuid="e495ef369f174b2abafe10644bdb3459" objectType="analysis" displayName="IGX_PRC_MONITOR_RESULT_POSTING_STATUS"/>
    <ObjectMetadata uuid="b924a216a5c944d29ed73f88c56f8cd0" objectType="analysis" displayName="IGX_PRC_FIND_NEW_FOR_SCORE_REFRESHER"/>
    <ObjectMetadata uuid="069245a041fb464ba4d466aad8f63506" objectType="analysis" displayName="IGX_PRC_SCORE_REFRESHER_END_LOG"/>
    <ObjectMetadata uuid="de0aae8f5402435bb5f6e38d393460dc" objectType="analysis" displayName="IGX_PRC_Scoring_Engine_Log"/>
    <ObjectMetadata uuid="c8d86823fbc14248bd9818f4347e50a2" objectType="analysis" displayName="IGX_PRC_Scoring_Engine_Part_A"/>
    <ObjectMetadata uuid="58081c0af6234c3d8fe831ec284b6663" objectType="analysis" displayName="IGX_PRC_Rule_Refresher_Log"/>
    <ObjectMetadata uuid="ef3f05d4af8e4172aeb402b1a958ebe6" objectType="analysis" displayName="IGX_PRC_Rule_Refresher"/>
    <ObjectMetadata uuid="38472edec198499395171fc429482e03" objectType="analysis" displayName="IGX_PRC_Build_Hierarchy"/>
    <ObjectMetadata uuid="db9ca373e8634a1b8885af3326088c56" objectType="analysis" displayName="IGX_PRC_Scoring_Execution_Check"/>
    <ObjectMetadata uuid="8b31b79276bc4c37b4c133d40e04f2d6" objectType="processmodel" displayName="IGX_PM_RolledUp_Asset_Version"/>
    <ObjectMetadata uuid="c6c811fb453944f9b735eecf740d0f22" objectType="processmodel" displayName="IGX_PM_EVALUATE_DATA_QUALITY"/>
    <ObjectMetadata uuid="767b68b89d834438a768633ff2f0310b" objectType="processmodel" displayName="IGX_PM_Rule_Refresher"/>
    <ObjectMetadata uuid="bf9dac66b2ac47e2947bc4cd68d96fc4" objectType="processmodel" displayName="IGX_PM_Rule_Evaluator"/>
    <ObjectMetadata uuid="a0e82dce24d64dd4ae2c0be2868281aa" objectType="processmodel" displayName="IGX_PM_Scoring_Engine"/>
    <ObjectMetadata uuid="b1ce0fbfc2dc4d00813a37fc2ce592f0" objectType="processmodel" displayName="IGX_PM_SCORE_REFRESHER"/>
    <ObjectMetadata uuid="258b34e27b8747f584561db336f86761" objectType="processmodel" displayName="IGX_PM_DASHBOARD_PREPARATION"/>
    <ObjectMetadata uuid="86323d5328504b2ba3f61e5021720219" objectType="processmodel" displayName="IGX_PM_Scoring_Engine_Rollup_Score"/>
    <ObjectMetadata uuid="7ae74c1a08ac460c9cb0348ecc0b9e30" objectType="processmodel" displayName="IGX_PM_MONITOR_SR_STATUS"/>
</ns2:BomGroupExport>
